url,klikken,vertoningen (jun 2025 - okt 2026)
https://puredeco.nl/betrouwbare-online-casino-zonder-registratie/,0,2036
https://puredeco.nl/best-uitbetalende-online-casino-nederland/,3,1461
https://puredeco.nl/casino-zonder-registratie-nederland/,0,1449
https://puredeco.nl/populairste-online-casino-snelle-uitbetaling/,0,1068
https://puredeco.nl/20-euro-no-deposit-bonus-casino/,58,895
https://puredeco.nl/casino-zonder-registratie-ideal/,1,850
https://puredeco.nl/no-deposit-bonus-codes-nederland-casino/,29,713
https://puredeco.nl/skrill-casino-nederland/,2,538
https://puredeco.nl/casino-gratis-bonus-zonder-storting/,0,491
https://puredeco.nl/best-online-casino-paysafecard-nederland/,0,478
https://puredeco.nl/online-casino-bonus-zonder-storting/,0,474
https://puredeco.nl/echt-geld-casino-nederland/,0,472
https://puredeco.nl/alle-legale-online-casinos-nederland/,0,448
https://puredeco.nl/betrouwbaar-online-casino-zonder-vergunning/,0,395
https://puredeco.nl/top-10-beste-online-casino/,2,372
https://puredeco.nl/legale-casino-sites-nederland/,0,344
https://puredeco.nl/online-casino-echt-geld-winnen/,0,341
https://puredeco.nl/online-casino-zonder-account/,0,322
https://puredeco.nl/top-20-online-casino-belgie/,0,317
https://puredeco.nl/beste-uitbetalende-online-casino/,0,304
https://puredeco.nl/casino-pragmatic-play-spellen-nederland/,0,304
https://puredeco.nl/online-casino-zonder-idin/,1,295
https://puredeco.nl/beste-cashback-bonus-nederland-casino/,0,280
https://puredeco.nl/10-euro-no-deposit-bonus-casino/,6,272
https://puredeco.nl/beste-casino-zonder-cruks-2026/,0,271
https://puredeco.nl/casino-betalen-met-google-pay/,0,271
https://puredeco.nl/welke-casino-zonder-cruks-is-betrouwbaar/,0,270
https://puredeco.nl/online-gokken-zonder-registratie/,0,269
https://puredeco.nl/beste-online-casino-zonder-verificatie/,0,267
https://puredeco.nl/no-deposit-bonus-casino-nederland-2026/,18,264
https://puredeco.nl/cruks-omzeilen-casino/,0,260
https://puredeco.nl/beste-casino-site-nederland-zonder-cruks/,0,253
https://puredeco.nl/nieuwe-regels-online-casino/,0,247
https://puredeco.nl/online-casino-minimum-storting-5-euro/,2,238
https://puredeco.nl/beste-cashback-bonus-casino/,0,226
https://puredeco.nl/beste-online-casino-paysafecard/,0,221
https://puredeco.nl/online-casino-zonder-verificatie/,0,220
https://puredeco.nl/beste-online-casino-skrill-nederland/,0,218
https://puredeco.nl/0xbet-casino-review-en-ervaringen-2026/,0,217
https://puredeco.nl/cruks-en-toch-gokken/,0,214
https://puredeco.nl/nieuwste-online-casino-nederland-no-deposit-bonus/,1,212
https://puredeco.nl/casino-zonder-idin/,0,212
https://puredeco.nl/beste-roulette-spelen/,0,210
https://puredeco.nl/leovegas-casino-review-en-ervaringen-2026/,1,203
https://puredeco.nl/10-euro-storten-casino-ideal/,0,201
https://puredeco.nl/online-casino-zonder-cruks-10-euro/,0,198
https://puredeco.nl/casino-zonder-cruks-10-euro/,0,194
https://puredeco.nl/beste-no-deposit-free-spins/,11,190
https://puredeco.nl/casino-zonder-vergunning-zonder-cruks/,0,187
https://puredeco.nl/online-casino-betalen-met-apple-pay/,1,177
https://puredeco.nl/blackjack-spele-nl/,1,174
https://puredeco.nl/tonybet-casino-review-en-ervaringen-2026/,1,170
https://puredeco.nl/beste-online-casino-zonder-id/,0,169
https://puredeco.nl/waar-kan-ik-het-beste-live-casino-spelen/,0,165
https://puredeco.nl/beste-online-casino-echt-geld/,0,164
https://puredeco.nl/casino-10-euro-gratis-geld-nederland/,0,164
https://puredeco.nl/lijst-legale-online-casinos/,0,164
https://puredeco.nl/casino-zonder-vergunning-bonus/,1,162
https://puredeco.nl/welke-online-casino-accepteert-mastercard/,1,160
https://puredeco.nl/beste-casino-nederland-mobiel/,0,160
https://puredeco.nl/alle-legale-online-casinos/,0,159
https://puredeco.nl/goldrun-casino-review-en-ervaringen-2026/,0,158
https://puredeco.nl/comeon-casino-review-en-ervaringen-2026/,1,157
https://puredeco.nl/nieuwe-online-casino-nederland-met-vergunning/,0,157
https://puredeco.nl/waar-live-crazy-time-spelen-casino/,0,157
https://puredeco.nl/online-casino-ideal-zonder-registratie/,0,155
https://puredeco.nl/top-5-casino-site-nederland/,2,153
https://puredeco.nl/top-10-casino-app-nederland/,1,152
https://puredeco.nl/online-lightning-roulette-spelen/,0,149
https://puredeco.nl/vip-blackjack-echt-geld/,0,149
https://puredeco.nl/gokkasten-zonder-download/,0,148
https://puredeco.nl/online-casino-betalen-met-creditcard/,0,148
https://puredeco.nl/beste-online-casino-ideal/,1,146
https://puredeco.nl/keno-online-nederland/,0,145
https://puredeco.nl/online-casino-betalen-met-google-pay/,0,145
https://puredeco.nl/nieuwe-no-deposit-bonus-online-casino/,2,142
https://puredeco.nl/amonbet-casino-review-en-ervaringen-2026/,1,140
https://puredeco.nl/beste-live-casino-met-echt-geld/,0,139
https://puredeco.nl/highroller-bonus-casino-nederland/,0,138
https://puredeco.nl/cruks-uitschrijven-casino/,0,135
https://puredeco.nl/starzino-casino-review-en-ervaringen-2026/,0,135
https://puredeco.nl/online-casino-200-bonus/,1,133
https://puredeco.nl/betcity-casino-review-en-ervaringen-2026/,0,133
https://puredeco.nl/welk-casino-kan-je-5-euro-storten/,2,130
https://puredeco.nl/welk-casino-accepteert-google-pay/,1,130
https://puredeco.nl/betnation-casino-review-en-ervaringen-2026/,0,130
https://puredeco.nl/beste-highroller-bonus-casino/,0,127
https://puredeco.nl/expekt-casino-review-en-ervaringen-2026/,0,126
https://puredeco.nl/online-casino-zonder-verificatie-nederland/,0,123
https://puredeco.nl/casino-zonder-vergunning-ideal/,1,121
https://puredeco.nl/beste-online-casino-bonus-nederland/,0,121
https://puredeco.nl/blackjack-spelen-voor-echt-geld/,0,121
https://puredeco.nl/online-casino-zonder-cruks-nederland/,2,120
https://puredeco.nl/nieuwe-casino-no-deposit-bonus/,0,120
https://puredeco.nl/welke-casino-online-legaal-nederland/,0,120
https://puredeco.nl/casino-zonder-cruks-ideal/,0,118
https://puredeco.nl/welke-online-casino-accepteert-creditcard/,0,118
https://puredeco.nl/online-casino-regels-nederland/,0,117
https://puredeco.nl/reload-bonus-zonder-storting-casino/,0,117
https://puredeco.nl/beste-crazy-time-casino/,0,116
https://puredeco.nl/live-craps-online-nederland/,0,116
https://puredeco.nl/beste-uitbetalende-gokkasten/,0,114
https://puredeco.nl/blackjack-betalen-met-bitcoin/,0,112
https://puredeco.nl/beste-online-casino-roulette/,0,111
https://puredeco.nl/nieuwe-online-casino-nederland-lage-inzet/,0,108
https://puredeco.nl/snelst-uitbetalende-online-casino/,1,104
https://puredeco.nl/beste-cashback-bonus-online-casino/,0,104
https://puredeco.nl/no-account-casino-bonus/,0,104
https://puredeco.nl/5-euro-gratis-gokken-zonder-storting/,5,99
https://puredeco.nl/5-euro-storten-online-casino/,0,97
https://puredeco.nl/hard-rock-casino-review-en-ervaringen-2026/,0,96
https://puredeco.nl/top-10-live-casino-nederland/,0,96
https://puredeco.nl/welke-online-casino-accepteert-klarna/,0,96
https://puredeco.nl/live-blackjack-spelen-voor-geld/,0,95
https://puredeco.nl/online-casino-met-evolution-gaming-spellen/,0,95
https://puredeco.nl/online-casino-roulette-nederland/,0,94
https://puredeco.nl/online-casino-storten-vanaf-1-euro/,0,94
https://puredeco.nl/star-casino-review-en-ervaringen-2026/,0,94
https://puredeco.nl/casino-met-blueprint-gaming-spellen/,0,93
https://puredeco.nl/gokken-zonder-registratie-nederland/,0,93
https://puredeco.nl/luckyblock-casino-review-en-ervaringen-2026/,0,92
https://puredeco.nl/online-casino-300-euro-bonus/,0,92
https://puredeco.nl/pay-n-play-casino-nederland/,0,92
https://puredeco.nl/populairste-casino-nederland-echt-geld/,0,91
https://puredeco.nl/casino-met-yggdrasil-spellen/,0,90
https://puredeco.nl/comeon-casino-bonuscode-en-promoties-2026/,0,90
https://puredeco.nl/reload-bonus-casino-ideal/,0,90
https://puredeco.nl/online-gokken-5-euro-storten/,2,89
https://puredeco.nl/bet365-casino-review-en-ervaringen-2026/,0,88
https://puredeco.nl/casino-elite-casino-gratis-spins-zonder-deposit/,0,85
https://puredeco.nl/casino-zonder-limiet/,0,85
https://puredeco.nl/comeon-casino-welkomstbonus-eerste-storting/,0,84
https://puredeco.nl/casino-diest/,0,83
https://puredeco.nl/instant-play-casino/,0,83
https://puredeco.nl/roulette-spelregels-nederlandse-casino/,0,83
https://puredeco.nl/casino-cashback-bonus/,0,82
https://puredeco.nl/casino-zonder-id-verificatie/,0,82
https://puredeco.nl/gratis-gokkasten-voor-echt-geld/,0,82
https://puredeco.nl/15-gratis-spins-bij-registratie/,5,81
https://puredeco.nl/no-account-casino-ervaringen/,0,81
https://puredeco.nl/beste-casino-voor-iphone/,0,80
https://puredeco.nl/live-baccarat-spelen/,0,78
https://puredeco.nl/beste-100-casino-bonus/,0,77
https://puredeco.nl/beste-online-blackjack-casino/,0,77
https://puredeco.nl/legaal-casino-nederland-met-vergunning/,0,77
https://puredeco.nl/nederlandse-casino-nieuwe-regels/,0,77
https://puredeco.nl/casino-roulette-trucjes/,0,76
https://puredeco.nl/livescore-bet-casino-review-en-ervaringen-2026/,0,75
https://puredeco.nl/amerikaanse-roulette-hoge-inzet/,0,74
https://puredeco.nl/betrouwbaar-online-casino-snelle-uitbetaling/,0,74
https://puredeco.nl/casino-met-beste-mobiele-app-nederland/,0,74
https://puredeco.nl/online-casino-gratis-bonus-zonder-storting/,0,74
https://puredeco.nl/online-gokken-zonder-vergunning-nederland/,0,74
https://puredeco.nl/beste-200-casino-bonus/,0,73
https://puredeco.nl/bingoal-casino-review-en-ervaringen-2026/,1,72
https://puredeco.nl/online-casino-met-app-nederland/,0,72
https://puredeco.nl/uitschrijven-cruks-lukt-niet-casino/,0,72
https://puredeco.nl/welke-casino-beste-welkomstbonus/,0,72
https://puredeco.nl/casino-5-euro-free-bet-nederland/,2,71
https://puredeco.nl/nieuwe-reload-bonus-casino/,0,71
https://puredeco.nl/live-crazy-time-nederland-casino/,0,70
https://puredeco.nl/25-gratis-spins-bij-registratie/,0,67
https://puredeco.nl/live-casino-minimum-1-euro/,0,67
https://puredeco.nl/online-casino-400-bonus/,0,67
https://puredeco.nl/50-free-spins-no-deposit/,3,66
https://puredeco.nl/bwin-casino-welkomstbonus-eerste-storting/,0,66
https://puredeco.nl/fruityreels-casino-gratis-spins-zonder-deposit/,0,66
https://puredeco.nl/idin-verificatie-casino/,0,66
https://puredeco.nl/livescore-bet-casino-bonuscode-en-promoties-2026/,0,66
https://puredeco.nl/2-euro-storten-en-spelen-casino/,5,65
https://puredeco.nl/online-casino-spelen/,0,65
https://puredeco.nl/online-casino-live-blackjack/,0,64
https://puredeco.nl/populairste-casino-nederland-snelle-uitbetaling/,0,64
https://puredeco.nl/blackjack-nederlandse-casino-regels/,0,63
https://puredeco.nl/bwin-casino-bonuscode-en-promoties-2026/,0,63
https://puredeco.nl/casino-20-euro-storten/,0,63
https://puredeco.nl/live-casino-betalen-met-ideal/,0,63
https://puredeco.nl/xxxtreme-lightning-roulette-voor-geld/,0,63
https://puredeco.nl/10-euro-gratis-casino/,0,62
https://puredeco.nl/beste-live-blackjack/,0,62
https://puredeco.nl/casino-5-euro-bonus-nederland/,0,62
https://puredeco.nl/online-gokken-welkomstbonus/,0,62
https://puredeco.nl/reload-bonus-nederland-casino/,0,62
https://puredeco.nl/top-10-casino-site-nederland/,0,62
https://puredeco.nl/beste-pay-n-play-casino/,0,61
https://puredeco.nl/casino-met-big-time-gaming-spellen/,0,61
https://puredeco.nl/crazy-time-casino/,0,61
https://puredeco.nl/nieuwe-online-casino-nederland-met-gratis-spins/,0,61
https://puredeco.nl/one-casino-review-en-ervaringen-2026/,0,61
https://puredeco.nl/online-casino-betalen-met-bankoverschrijving/,0,61
https://puredeco.nl/online-gokken-met-mobiel-betalen/,0,61
https://puredeco.nl/welk-online-casino-mag-in-nederland/,0,61
https://puredeco.nl/10-euro-storten-casino-paysafecard/,0,60
https://puredeco.nl/beste-casino-met-evolution-gaming-spellen/,0,60
https://puredeco.nl/fair-play-casino-review-en-ervaringen-2026/,0,60
https://puredeco.nl/baccarat-voor-geld/,0,59
https://puredeco.nl/neteller-casino-nederland-online/,0,59
https://puredeco.nl/online-blackjack-ideal/,0,59
https://puredeco.nl/beste-casino-paypal-nederland/,0,58
https://puredeco.nl/beste-live-casino-buiten-cruks/,0,58
https://puredeco.nl/hidden-jack-casino-bonuscode-en-promoties-2026/,0,58
https://puredeco.nl/first-person-blackjack-online-nederland/,1,57
https://puredeco.nl/beste-online-casino-mastercard/,0,57
https://puredeco.nl/casino-storten-vanaf-2-euro/,0,57
https://puredeco.nl/fruityreels-casino-review-en-ervaringen-2026/,0,57
https://puredeco.nl/online-casino-uitbetaling-revolut/,0,57
https://puredeco.nl/beste-live-roulette-nederland/,0,56
https://puredeco.nl/beste-reload-bonus-online-casino/,0,56
https://puredeco.nl/beste-slingo-casino/,0,56
https://puredeco.nl/betmgm-casino-review-en-ervaringen-2026/,0,56
https://puredeco.nl/hommerson-casino-review-en-ervaringen-2026/,0,56
https://puredeco.nl/welke-online-casino-accepteert-skrill/,0,56
https://puredeco.nl/beste-live-casino-zonder-download/,0,55
https://puredeco.nl/gokkasten-betalen-met-telefoon/,1,54
https://puredeco.nl/beste-live-monopoly-casino/,0,54
https://puredeco.nl/betrouwbaar-casino-zonder-vergunning/,0,54
https://puredeco.nl/gratis-speeltegoed-casino-zonder-storting/,0,54
https://puredeco.nl/online-casino-betalen-met-trustly/,0,54
https://puredeco.nl/casino-met-vip-programma/,2,53
https://puredeco.nl/beste-gokkasten-zonder-registratie/,0,53
https://puredeco.nl/betspino-casino-review-en-ervaringen-2026/,0,53
https://puredeco.nl/online-casino-10-euro-bonus/,0,53
https://puredeco.nl/prontobet-casino-review-en-ervaringen-2026/,0,53
https://puredeco.nl/beste-jackpot-gokkasten-casino/,0,52
https://puredeco.nl/beste-online-casino-met-cashback/,0,52
https://puredeco.nl/betcenter-casino-review-en-ervaringen-2026/,0,52
https://puredeco.nl/meest-winstgevende-casino-app-nederland/,0,52
https://puredeco.nl/online-roulette-spelen-betrouwbaar/,0,52
https://puredeco.nl/tikitaka-casino-review-en-ervaringen-2026/,0,52
https://puredeco.nl/beste-betaalde-casino-online/,0,51
https://puredeco.nl/beste-live-casino-bonus-nederland/,0,51
https://puredeco.nl/beste-online-casino-nederland-echt-geld/,0,51
https://puredeco.nl/casino-play-n-go-spellen-nederland/,0,51
https://puredeco.nl/gokkasten-lage-inzet-nederland/,0,51
https://puredeco.nl/online-casino-20-euro-deposit/,0,51
https://puredeco.nl/roulette-uitbetaling-ideal/,0,51
https://puredeco.nl/unibet-casino-welkomstbonus-eerste-storting/,0,51
https://puredeco.nl/no-limit-bet-casino-review-en-ervaringen-2026/,0,50
https://puredeco.nl/5-euro-no-deposit-bonus-casino/,1,49
https://puredeco.nl/5-euro-gratis-geld-zonder-storting-casino/,0,49
https://puredeco.nl/blockchain-casino-nederland/,0,49
https://puredeco.nl/casino-10-euro-bonus/,0,49
https://puredeco.nl/ggpoker-nl-casino-bonuscode-en-promoties-2026/,0,49
https://puredeco.nl/hoogste-no-deposit-free-spins/,0,49
https://puredeco.nl/nieuwste-casino-zonder-account/,0,49
https://puredeco.nl/online-casino-vanaf-1-euro/,0,49
https://puredeco.nl/online-roulette-wheel-spelen/,0,49
https://puredeco.nl/storten-en-opnemen-met-bankoverschrijving-casino/,0,49
https://puredeco.nl/welk-casino-heeft-evolution-gaming-spellen/,0,49
https://puredeco.nl/no-deposit-free-spins-overzicht/,1,48
https://puredeco.nl/welke-casino-heeft-ksa-vergunning/,1,48
https://puredeco.nl/400-bonus-casino-nederland/,0,48
https://puredeco.nl/belgische-casino-bancontact/,0,48
https://puredeco.nl/betrouwbaar-online-casino-nederland-echt-geld/,0,48
https://puredeco.nl/gratis-online-gokken-met-echt-geld/,0,48
https://puredeco.nl/legaal-online-casino-met-live-dealer/,0,48
https://puredeco.nl/safari-gokkasten-online/,0,48
https://puredeco.nl/waar-kan-ik-legaal-gokken/,0,48
https://puredeco.nl/welke-legale-goksites-nederland/,0,48
https://puredeco.nl/zeturf-casino-review-en-ervaringen-2026/,0,48
https://puredeco.nl/gratis-spins-bij-registratie-zonder-storting/,2,47
https://puredeco.nl/fat-pirate-casino-review-en-ervaringen-2026/,0,47
https://puredeco.nl/online-casino-minimum-inzet-10-euro/,0,47
https://puredeco.nl/tombola-bingo-casino-review-en-ervaringen-2026/,0,47
https://puredeco.nl/toto-casino-gratis-spins-zonder-deposit/,0,47
https://puredeco.nl/beste-online-casino-zonder-download/,2,46
https://puredeco.nl/5-euro-storten-casino-paypal/,0,46
https://puredeco.nl/beste-casino-met-playtech-spellen/,0,46
https://puredeco.nl/beste-no-account-casino/,0,46
https://puredeco.nl/blackjack-betalen-met-ideal/,0,46
https://puredeco.nl/casino-opwaarderen-sms/,0,46
https://puredeco.nl/casino-storten-vanaf-5-euro/,0,46
https://puredeco.nl/live-blackjack-spelen-online/,0,46
https://puredeco.nl/nederlandse-casino-roulette-statistieken/,0,46
https://puredeco.nl/online-gokkasten-fruitautomaat/,0,46
https://puredeco.nl/waar-kan-ik-bonus-buy-slots-spelen/,0,46
https://puredeco.nl/beste-gratis-geld-bonus-casino/,2,45
https://puredeco.nl/buitenlandse-casino-ideal/,0,45
https://puredeco.nl/casino-10-euro-gratis-spins-nederland/,0,45
https://puredeco.nl/casino-bonus-no-deposit-code/,0,45
https://puredeco.nl/casino-gratis-geld-zonder-storting/,0,45
https://puredeco.nl/casino-zonder-account/,0,45
https://puredeco.nl/meest-populaire-casino-nederland-2025/,0,45
https://puredeco.nl/nieuwe-online-slots/,0,45
https://puredeco.nl/online-casino-spelen-echt-geld-nederland/,0,45
https://puredeco.nl/welk-casino-heeft-blueprint-gaming-spellen/,0,45
https://puredeco.nl/welk-online-casino-betaalt-snel-uit/,0,45
https://puredeco.nl/beste-casino-site-belgie-met-crypto/,1,44
https://puredeco.nl/1-euro-storten-casino/,0,44
https://puredeco.nl/gratis-spins-zonder-storting-nederland/,0,44
https://puredeco.nl/poker-spelen-voor-echt-geld/,0,44
https://puredeco.nl/slots-hammer-casino-review-en-ervaringen-2026/,0,44
https://puredeco.nl/top-20-casino-app-belgie/,0,44
https://puredeco.nl/toto-casino-review-en-ervaringen-2026/,0,44
https://puredeco.nl/beste-online-casino-belgie/,0,43
https://puredeco.nl/beste-online-casino-paypal-nederland/,0,43
https://puredeco.nl/bitcoin-casino-vergelijken/,0,43
https://puredeco.nl/blackjack-5-kaarten-regel/,0,43
https://puredeco.nl/gratis-casino-spelen-zonder-storten/,0,43
https://puredeco.nl/kansino-casino-review-en-ervaringen-2026/,0,43
https://puredeco.nl/populairste-casino-site-nederland-snelle-uitbetaling/,0,43
https://puredeco.nl/30-euro-no-deposit-bonus-casino/,2,42
https://puredeco.nl/150-casino-bonus/,0,42
https://puredeco.nl/batavia-casino-review-en-ervaringen-2026/,0,42
https://puredeco.nl/beste-casino-met-pragmatic-play-spellen/,0,42
https://puredeco.nl/betsson-casino-review-en-ervaringen-2026/,0,42
https://puredeco.nl/cash-or-crash-live-casino-nederland/,0,42
https://puredeco.nl/casino-dat-mobiel-betalen-accepteert/,0,42
https://puredeco.nl/euslot-casino-review-en-ervaringen-2026/,0,42
https://puredeco.nl/live-casino-betalen-met-crypto/,0,42
https://puredeco.nl/welk-casino-heeft-beste-live-casino/,0,42
https://puredeco.nl/welk-casino-heeft-hacksaw-gaming-spellen/,0,42
https://puredeco.nl/10-euro-gratis-gokken-zonder-storting/,3,41
https://puredeco.nl/online-casino-payconiq/,1,41
https://puredeco.nl/10-free-spins-no-deposit/,0,41
https://puredeco.nl/bruce-pokies-casino-review-en-ervaringen-2026/,0,41
https://puredeco.nl/casino-nolimit-city-spellen-nederland/,0,41
https://puredeco.nl/casino-storten-vanaf-10-euro/,0,41
https://puredeco.nl/mega-fire-blaze-roulette-spelen/,0,41
https://puredeco.nl/neteller-casino-nederland/,0,41
https://puredeco.nl/online-casino-google-pay-nederland/,0,41
https://puredeco.nl/waar-kan-ik-het-beste-roulette-spelen/,0,41
https://puredeco.nl/2-euro-storten-casino-nederland/,3,40
https://puredeco.nl/casino-zonder-cruks-no-deposit-bonus/,3,40
https://puredeco.nl/low-deposit-casino-nederland/,1,40
https://puredeco.nl/mega-fire-blaze-roulette-met-bonus/,1,40
https://puredeco.nl/1-euro-storten-online-casino/,0,40
https://puredeco.nl/betonline-casino-review-en-ervaringen-2026/,0,40
https://puredeco.nl/gokken-met-mobiel-betalen/,0,40
https://puredeco.nl/nieuwe-online-casino-nederland-voor-beginners/,0,40
https://puredeco.nl/nieuwe-online-casino-zonder-cruks/,0,40
https://puredeco.nl/online-speed-blackjack-spelen/,0,40
https://puredeco.nl/pay-and-play-casino-zonder-registratie/,0,40
https://puredeco.nl/roulette-uitbetaling-crypto/,0,40
https://puredeco.nl/royal-panda-casino-gratis-spins-zonder-deposit/,0,40
https://puredeco.nl/10-euro-gratis-geld-casino/,0,39
https://puredeco.nl/beste-live-casino-belgie/,0,39
https://puredeco.nl/betpanda-io-casino-review-en-ervaringen-2026/,0,39
https://puredeco.nl/betrouwbaar-blackjack/,0,39
https://puredeco.nl/betsson-casino-welkomstbonus-eerste-storting/,0,39
https://puredeco.nl/casino-spelen-met-echt-geld/,0,39
https://puredeco.nl/gokkasten-met-free-spins-feature-online-nederland/,0,39
https://puredeco.nl/nieuwe-casino-site-nederland-met-vergunning/,0,39
https://puredeco.nl/prive-casino-bonus-zonder-storting-2026/,0,39
https://puredeco.nl/top-5-online-casino/,0,39
https://puredeco.nl/welke-online-casino-accepteert-apple-pay/,0,39
https://puredeco.nl/zeturf-casino-bonuscode-en-promoties-2026/,0,39
https://puredeco.nl/beste-casino-zonder-cruks-2025/,0,38
https://puredeco.nl/beste-live-poker-nederland/,0,38
https://puredeco.nl/beste-sportweddenschappen-site/,0,38
https://puredeco.nl/casino-bonus-15-gratis-spins/,0,38
https://puredeco.nl/casino-bonus-200-gratis-spins/,0,38
https://puredeco.nl/gokken-zonder-account-nederland/,0,38
https://puredeco.nl/beste-live-game-shows-online/,0,38
https://puredeco.nl/online-casino-storten-vanaf-5-euro/,0,38
https://puredeco.nl/waar-kan-ik-het-beste-blackjack-spelen/,0,38
https://puredeco.nl/welke-online-casino-accepteert-neteller/,0,38
https://puredeco.nl/beste-online-casino-google-pay-nederland/,0,37
https://puredeco.nl/beste-online-casino-visa/,0,37
https://puredeco.nl/betsson-casino-gratis-spins-zonder-deposit/,0,37
https://puredeco.nl/buitenlandse-casino-met-vergunning/,0,37
https://puredeco.nl/jackpot-spelautomater/,0,37
https://puredeco.nl/minimum-deposit-casino-ervaringen/,0,37
https://puredeco.nl/napoleon-games-casino-gratis-spins-zonder-deposit/,0,37
https://puredeco.nl/online-casino-belgie-lijst/,0,37
https://puredeco.nl/online-power-blackjack-spelen/,0,37
https://puredeco.nl/tonybet-casino-welkomstbonus-eerste-storting/,0,37
https://puredeco.nl/711-casino-review-en-ervaringen-2026/,0,36
https://puredeco.nl/baccarat-vergelijken/,0,36
https://puredeco.nl/beste-casino-met-play-n-go-spellen/,0,36
https://puredeco.nl/beste-slingo-nederland-casino/,0,36
https://puredeco.nl/casino-betalen-met-paysafecard/,0,36
https://puredeco.nl/casino-cruks-registratie/,0,36
https://puredeco.nl/casino-hold-em-poker-voor-geld/,0,36
https://puredeco.nl/ggpoker-nl-casino-welkomstbonus-eerste-storting/,0,36
https://puredeco.nl/lucky-wands-casino-bonus-zonder-storting-2026/,0,36
https://puredeco.nl/meest-voorkomende-getallen-roulette/,0,36
https://puredeco.nl/online-roulette-spelen-voor-geld/,0,36
https://puredeco.nl/populairste-casino-nederland-lage-inzet/,0,36
https://puredeco.nl/populairste-keno-casino-nederland/,0,36
https://puredeco.nl/welke-online-casino-accepteert-bankoverschrijving/,0,36
https://puredeco.nl/blackjack-casino-review/,1,35
https://puredeco.nl/5-euro-gratis-speelgeld-online-casino/,0,35
https://puredeco.nl/amerikaanse-roulette-echt-geld/,0,35
https://puredeco.nl/beste-casino-zonder-registratie/,0,35
https://puredeco.nl/black-jack-waarde-kaarten-casino/,0,35
https://puredeco.nl/corgislot-casino-review-en-ervaringen-2026/,0,35
https://puredeco.nl/lapilanders-casino-bonuscode-en-promoties-2026/,0,35
https://puredeco.nl/legaal-online-casino-nederland-met-gratis-spins/,0,35
https://puredeco.nl/nieuw-casino-blankenberge/,0,35
https://puredeco.nl/nieuwe-gokkasten-met-megaways/,0,35
https://puredeco.nl/nieuwe-legale-online-casino-nederland/,0,35
https://puredeco.nl/no-account-casino-nederland/,0,35
https://puredeco.nl/online-casino-betalen-met-mastercard/,0,35
https://puredeco.nl/online-casino-met-yggdrasil-spellen/,0,35
https://puredeco.nl/one-casino-bonuscode-en-promoties-2026/,3,34
https://puredeco.nl/boomerang-casino-review-en-ervaringen-2026/,0,34
https://puredeco.nl/casino-app-echt-geld/,0,34
https://puredeco.nl/casino777-casino-gratis-spins-zonder-deposit/,0,34
https://puredeco.nl/echt-geld-gokken/,0,34
https://puredeco.nl/gokkasten-app/,0,34
https://puredeco.nl/legaal-gokkasten-nederland/,0,34
https://puredeco.nl/livescore-bet-casino-welkomstbonus-eerste-storting/,0,34
https://puredeco.nl/online-casino-150-bonus/,0,34
https://puredeco.nl/online-casino-met-paysafecard/,0,34
https://puredeco.nl/online-casino-zonder-vergunning-nederland/,0,34
https://puredeco.nl/online-gokken-zonder-id/,0,34
https://puredeco.nl/welke-online-casino-accepteert-prepaid-kaart/,0,34
https://puredeco.nl/beste-casino-ethereum/,0,33
https://puredeco.nl/beste-casino-voor-mobiel/,0,33
https://puredeco.nl/beste-online-casino-belgie-met-vergunning/,0,33
https://puredeco.nl/bm-bet-casino-bonuscode-en-promoties-2026/,0,33
https://puredeco.nl/boomerang-casino-welkomstbonus-eerste-storting/,0,33
https://puredeco.nl/casino-zonder-ksa-licentie/,0,33
https://puredeco.nl/gamix-casino-review-en-ervaringen-2026/,0,33
https://puredeco.nl/gokkasten-met-5-rollen-nederland/,0,33
https://puredeco.nl/legaal-casino-antwerpen/,0,33
https://puredeco.nl/legale-goksites-in-nederland/,0,33
https://puredeco.nl/no-deposit-free-spins-online-casino/,0,33
https://puredeco.nl/online-casino-zonder-cruks-2025/,0,33
https://puredeco.nl/online-casino-zonder-cruks-2026/,0,33
https://puredeco.nl/zebet-casino-bonus-zonder-storting-2026/,0,33
https://puredeco.nl/batavia-casino-welkomstbonus-eerste-storting/,0,32
https://puredeco.nl/beste-casino-buitenland/,0,32
https://puredeco.nl/beste-no-deposit-bonus-nederland-casino/,0,32
https://puredeco.nl/beste-online-casino-apple-pay-nederland/,0,32
https://puredeco.nl/beste-videoslots/,0,32
https://puredeco.nl/blackjack-echt-geld/,0,32
https://puredeco.nl/casino-mechelen-met-bancontact/,0,32
https://puredeco.nl/jackpotslotty-gokkasten/,0,32
https://puredeco.nl/jacks-nl-casino-welkomstbonus-eerste-storting/,0,32
https://puredeco.nl/nederlands-casino-live-spelen/,0,32
https://puredeco.nl/online-casino-snelle-uitbetaling-nederland/,0,32
https://puredeco.nl/online-casinos-merkur/,0,32
https://puredeco.nl/online-roulette-gratis-bonus/,0,32
https://puredeco.nl/pay-and-play-casino/,0,32
https://puredeco.nl/rise-of-bets-casino-bonus-zonder-storting-2026/,0,32
https://puredeco.nl/welke-online-casino-spellen/,0,32
https://puredeco.nl/blackjack-hoge-inzet-nederland/,0,31
https://puredeco.nl/casino-met-evolution-gaming-spellen/,0,31
https://puredeco.nl/gokkasten-met-free-spins-feature-mobiel/,0,31
https://puredeco.nl/live-crazy-time-online-casino/,0,31
https://puredeco.nl/live-crazy-time-spelen-casino/,0,31
https://puredeco.nl/populairste-goksite-nederland-met-vergunning/,1,30
https://puredeco.nl/beste-xxxtreme-lightning-roulette/,0,30
https://puredeco.nl/bitcoin-casino-review-nederland/,0,30
https://puredeco.nl/casino-blueprint-gaming-spellen-nederland/,0,30
https://puredeco.nl/fruityreels-casino-bonus-zonder-storting-2026/,0,30
https://puredeco.nl/hoogste-cashback-bonus-online-casino/,0,30
https://puredeco.nl/live-roulette-casino/,0,30
https://puredeco.nl/nederlands-casino-bingo-online-spelen/,0,30
https://puredeco.nl/scibet-casino-gratis-spins-zonder-deposit/,0,30
https://puredeco.nl/5-euro-gratis-spins-zonder-storting/,0,29
https://puredeco.nl/beste-online-casino-hoge-inzet/,0,29
https://puredeco.nl/casino-betalen-met-klarna/,0,29
https://puredeco.nl/casumo-casino-bonuscode-en-promoties-2026/,0,29
https://puredeco.nl/foxy-gold-casino-bonuscode-en-promoties-2026/,0,29
https://puredeco.nl/legaal-goksite-nederland-hoge-inzet/,0,29
https://puredeco.nl/nederlandse-casino-roulette-regels/,0,29
https://puredeco.nl/nieuwe-casino-site-nederland-met-cashback/,0,29
https://puredeco.nl/online-blackjack-echt-geld/,0,29
https://puredeco.nl/waar-kan-ik-jackpot-slots-spelen/,0,29
https://puredeco.nl/25-euro-no-deposit-bonus-casino/,1,28
https://puredeco.nl/online-gokken-1-euro-storten/,1,28
https://puredeco.nl/5-euro-free-bet-zonder-storting-casino/,0,28
https://puredeco.nl/777-nl-casino-review-en-ervaringen-2026/,0,28
https://puredeco.nl/beste-casino-neteller-nederland/,0,28
https://puredeco.nl/beste-crypto-casino-nederland/,0,28
https://puredeco.nl/beste-live-casino/,0,28
https://puredeco.nl/betfirst-casino-bonuscode-en-promoties-2026/,0,28
https://puredeco.nl/bingo-spelletjes-nl/,0,28
https://puredeco.nl/boomerang-casino-bonuscode-en-promoties-2026/,0,28
https://puredeco.nl/casino-klarna/,0,28
https://puredeco.nl/casino-storten-met-mobiel-betalen/,0,28
https://puredeco.nl/casino-zonder-ksa-zonder-cruks/,0,28
https://puredeco.nl/kroon-casino-bonus-zonder-storting-2026/,0,28
https://puredeco.nl/lucky-twice-casino-review-en-ervaringen-2026/,0,28
https://puredeco.nl/meest-betrouwbare-crypto-casino-2026/,0,28
https://puredeco.nl/online-casino-cruks/,0,28
https://puredeco.nl/roulette-tafel-casino/,0,28
https://puredeco.nl/30bet-casino-bonuscode-en-promoties-2026/,0,27
https://puredeco.nl/5-euro-storten-casino-belgie/,0,27
https://puredeco.nl/beste-klassiek-gokkasten/,0,27
https://puredeco.nl/beste-online-casino-hoog-uitbetalingspercentage/,0,27
https://puredeco.nl/bwin-casino-gratis-spins-zonder-deposit/,0,27
https://puredeco.nl/casino-yggdrasil-spellen-nederland/,0,27
https://puredeco.nl/casino-zonder-verificatie-nederland/,0,27
https://puredeco.nl/dual-play-roulette-spelen/,0,27
https://puredeco.nl/europese-roulette-casino/,0,27
https://puredeco.nl/gokken-in-ninove/,0,27
https://puredeco.nl/gokken-op-formule-1/,0,27
https://puredeco.nl/live-casino-betalen-met-paypal/,0,27
https://puredeco.nl/online-gokkasten-mobiel-betalen/,0,27
https://puredeco.nl/pay-n-play-casino-ervaringen/,0,27
https://puredeco.nl/paysafe-casino-nederland-online/,0,27
https://puredeco.nl/populairste-casino-nederland-met-paypal/,0,27
https://puredeco.nl/populairste-live-casino/,0,27
https://puredeco.nl/roulette-uitbetaling-dezelfde-dag/,0,27
https://puredeco.nl/speed-roulette-online-nederland/,0,27
https://puredeco.nl/storten-en-opnemen-met-ideal-casino/,0,27
https://puredeco.nl/tombola-casino-bonuscode-en-promoties-2026/,0,27
https://puredeco.nl/waar-kan-ik-het-beste-online-casino-vinden/,0,27
https://puredeco.nl/welke-casino-accepteert-neteller/,0,27
https://puredeco.nl/welke-casinos-hebben-een-vergunning/,0,27
https://puredeco.nl/gokken-met-prepaid-beltegoed/,1,26
https://puredeco.nl/speelhal-lommel/,1,26
https://puredeco.nl/10-euro-gratis-spins-casino/,0,26
https://puredeco.nl/beste-online-casino-bankoverschrijving/,0,26
https://puredeco.nl/betrouwbaar-crypto-casino-nederland/,0,26
https://puredeco.nl/betsson-casino-bonus-zonder-storting-2026/,0,26
https://puredeco.nl/blackjack-voor-geld-nederland/,0,26
https://puredeco.nl/casino-15-euro-gratis-speelgeld/,0,26
https://puredeco.nl/casino-bij-zaandam/,0,26
https://puredeco.nl/flamingo-casino-review-en-ervaringen-2026/,0,26
https://puredeco.nl/franse-roulette-mobiel/,0,26
https://puredeco.nl/gamix-casino-gratis-spins-zonder-deposit/,0,26
https://puredeco.nl/gokkasten-casino-ervaringen/,0,26
https://puredeco.nl/gokkasten-met-bonusspel-mobiel/,0,26
https://puredeco.nl/gokkasten-met-scatter-mobiel/,0,26
https://puredeco.nl/gratis-spins-zonder-storting-online-casino-nederland/,0,26
https://puredeco.nl/jack-s-casino-bonuscode-en-promoties-2026/,0,26
https://puredeco.nl/legaal-goksite-nederland-voor-beginners/,0,26
https://puredeco.nl/legaal-roulette-casino-nederland/,0,26
https://puredeco.nl/caribbean-stud-online/,0,26
https://puredeco.nl/populairste-bitcoin-casino-nederland/,0,26
https://puredeco.nl/waar-kan-ik-gokken-met-echt-geld/,0,26
https://puredeco.nl/welke-online-casino-accepteert-ethereum/,0,26
https://puredeco.nl/beste-online-casino-sites/,1,25
https://puredeco.nl/met-vip-programma-casino-nederland/,1,25
https://puredeco.nl/30-ball-bingo-nederland/,0,25
https://puredeco.nl/beste-bonus-online-casino/,0,25
https://puredeco.nl/beste-bonus-zonder-storting-nederland-casino/,0,25
https://puredeco.nl/beste-casino-met-push-gaming-spellen/,0,25
https://puredeco.nl/bwin-casino-bonus-zonder-storting-2026/,0,25
https://puredeco.nl/caribbean-stud-poker-mobiel/,0,25
https://puredeco.nl/casino-bonus-direct-uitbetalen/,0,25
https://puredeco.nl/casino-welkomstbonus-zonder-storting/,0,25
https://puredeco.nl/cazeus-casino-review-en-ervaringen-2026/,0,25
https://puredeco.nl/gangsta-casino-bonus-zonder-storting-2026/,0,25
https://puredeco.nl/geld-uitbetalen-casino-online/,0,25
https://puredeco.nl/gokkasten-casino-mobiel/,0,25
https://puredeco.nl/gokkasten-legaal/,0,25
https://puredeco.nl/gokken-zonder-download/,0,25
https://puredeco.nl/gold-horns-casino-review-en-ervaringen-2026/,0,25
https://puredeco.nl/nieuwe-nederlandse-online-casino/,0,25
https://puredeco.nl/online-casino-apps/,0,25
https://puredeco.nl/seven-casino-review-en-ervaringen-2026/,0,25
https://puredeco.nl/slot-monster-casino-review-en-ervaringen-2026/,0,25
https://puredeco.nl/speelhal-ninove/,0,25
https://puredeco.nl/super-bells-gokkast-spelen-online/,0,25
https://puredeco.nl/welke-online-casino-accepteert-paypal/,0,25
https://puredeco.nl/zebet-casino-review-en-ervaringen-2026/,0,25
https://puredeco.nl/10-beste-online-casino/,0,24
https://puredeco.nl/711-casino-bonuscode-en-promoties-2026/,0,24
https://puredeco.nl/711-casino-welkomstbonus-eerste-storting/,0,24
https://puredeco.nl/beste-casino-site-nederland-snelle-uitbetaling/,0,24
https://puredeco.nl/beste-live-casino-bonus-casino/,0,24
https://puredeco.nl/beste-online-casino-apple-pay/,0,24
https://puredeco.nl/beste-online-casino-trustly/,0,24
https://puredeco.nl/betrouwbaar-casino-zonder-licentie/,0,24
https://puredeco.nl/casino-hacksaw-gaming-spellen-nederland/,0,24
https://puredeco.nl/casino-leuven-met-bancontact/,0,24
https://puredeco.nl/cruks-afmelden-casino/,0,24
https://puredeco.nl/gokkasten-online-echt-geld-nederland/,0,24
https://puredeco.nl/gokkasten-spelen/,0,24
https://puredeco.nl/legaal-casino-site-met-bonus/,0,24
https://puredeco.nl/live-mega-ball-nederland-casino/,0,24
https://puredeco.nl/mega-dice-casino-review-en-ervaringen-2026/,0,24
https://puredeco.nl/nieuwe-online-casino-nederland-mobiel/,0,24
https://puredeco.nl/online-casino-100-bonus/,0,24
https://puredeco.nl/online-casino-zonder-belgische-vergunning/,0,24
https://puredeco.nl/online-gokken-zonder-idin/,0,24
https://puredeco.nl/qbet-casino-review-en-ervaringen-2026/,0,24
https://puredeco.nl/tiktak-bet-casino-review-en-ervaringen-2026/,0,24
https://puredeco.nl/top-10-online-casino-nederland-2026/,0,24
https://puredeco.nl/top-5-casino-app/,0,24
https://puredeco.nl/waar-kan-ik-gokken-met-bitcoin/,0,24
https://puredeco.nl/2-euro-storten-online-casino/,0,23
https://puredeco.nl/beste-casino-payconiq/,0,23
https://puredeco.nl/beste-casino-site-belgie-met-cashback/,0,23
https://puredeco.nl/beste-casino-site-voor-beginners/,0,23
https://puredeco.nl/beste-live-casino-app-nederland/,0,23
https://puredeco.nl/blackjack-casino-nederland/,0,23
https://puredeco.nl/blackjack-kaart-waarde/,0,23
https://puredeco.nl/casino-dat-apple-pay-accepteert/,0,23
https://puredeco.nl/casino-google-pay-nederland/,0,23
https://puredeco.nl/casino-met-voor-vip/,0,23
https://puredeco.nl/casino-no-deposit-bonus-met-ideal/,0,23
https://puredeco.nl/casino-oostende-openingsuren/,0,23
https://puredeco.nl/casino-storten-met-payconiq/,0,23
https://puredeco.nl/gok-app-casino-nederland/,0,23
https://puredeco.nl/gokkasten-online-nederland/,0,23
https://puredeco.nl/immersive-roulette-online/,0,23
https://puredeco.nl/legaal-casino-echt-geld/,0,23
https://puredeco.nl/lucky7-casino-review-en-ervaringen-2026/,0,23
https://puredeco.nl/online-casino-malta-licentie/,0,23
https://puredeco.nl/online-casino-zonder-verificatie-uitbetaling-nederland/,0,23
https://puredeco.nl/online-gokkasten-ideal/,0,23
https://puredeco.nl/populairste-bitcoin-casino-2025/,0,23
https://puredeco.nl/top-10-casino-app-belgie/,0,23
https://puredeco.nl/waar-kan-ik-xxxtreme-lightning-roulette-spelen/,0,23
https://puredeco.nl/waar-live-blackjack-spelen/,0,23
https://puredeco.nl/welke-gokkast-is-de-beste/,0,23
https://puredeco.nl/welke-online-casino-accepteert-crypto/,0,23
https://puredeco.nl/welke-online-casino-accepteert-paysafecard/,0,23
https://puredeco.nl/zeturf-casino-welkomstbonus-eerste-storting/,0,23
https://puredeco.nl/200-bonus-casino-nederland/,0,22
https://puredeco.nl/300-euro-bonus-casino/,0,22
https://puredeco.nl/50-euro-no-deposit-bonus-casino/,0,22
https://puredeco.nl/beste-goksite-nederland-mobiel/,0,22
https://puredeco.nl/betano-casino-bonuscode-en-promoties-2026/,0,22
https://puredeco.nl/blackjack-tafel/,0,22
https://puredeco.nl/casino-50-euro-gratis-spins-nederland/,0,22
https://puredeco.nl/casino-met-loyalty-programma/,0,22
https://puredeco.nl/casino-waar-je-met-telefoon-kunt-betalen/,0,22
https://puredeco.nl/casino-wien/,0,22
https://puredeco.nl/crypto-casino-nederland/,0,22
https://puredeco.nl/franse-roulette-online-nederland/,0,22
https://puredeco.nl/gokkast-jolly-joker/,0,22
https://puredeco.nl/lucky-pays-casino-review-en-ervaringen-2026/,0,22
https://puredeco.nl/lucky-wands-casino-gratis-spins-zonder-deposit/,0,22
https://puredeco.nl/lucky-wands-casino-welkomstbonus-eerste-storting/,0,22
https://puredeco.nl/megaways-gokkasten-app/,0,22
https://puredeco.nl/nieuwe-gokkasten-met-bonus-spel/,0,22
https://puredeco.nl/nieuwe-online-casino-snelle-uitbetaling/,0,22
https://puredeco.nl/oude-gokkasten-online/,0,22
https://puredeco.nl/salon-prive-blackjack-casino-nederland/,0,22
https://puredeco.nl/spelregels-nederlandse-casino/,0,22
https://puredeco.nl/tombola-bingo-casino-gratis-spins-zonder-deposit/,0,22
https://puredeco.nl/tombola-casino-welkomstbonus-eerste-storting/,0,22
https://puredeco.nl/virtuele-roulette/,0,22
https://puredeco.nl/welk-gokspel-meeste-kans-casino/,0,22
https://puredeco.nl/3-euro-storten-casino/,0,21
https://puredeco.nl/30bet-casino-bonus-zonder-storting-2026/,0,21
https://puredeco.nl/5-free-spins-no-deposit/,0,21
https://puredeco.nl/beste-bonus-code-online-casino/,0,21
https://puredeco.nl/beste-cascading-gokkasten-nederland/,0,21
https://puredeco.nl/beste-casino-met-hacksaw-gaming-spellen/,0,21
https://puredeco.nl/beste-casino-met-revolut/,0,21
https://puredeco.nl/beste-online-casino-live-blackjack/,0,21
https://puredeco.nl/beste-online-casino-minimum-storting/,0,21
https://puredeco.nl/beste-online-casino-visa-nederland/,0,21
https://puredeco.nl/betrouwbaar-online-casino-met-loyalty-programma/,0,21
https://puredeco.nl/casino-250-gratis-spins/,0,21
https://puredeco.nl/casino-app-lijst-nederland/,0,21
https://puredeco.nl/casino-belgie-neosurf/,0,21
https://puredeco.nl/casino-microgaming-spellen-nederland/,0,21
https://puredeco.nl/crypto-casino-review-nederland/,0,21
https://puredeco.nl/flamingo-casino-bonus-zonder-storting-2026/,0,21
https://puredeco.nl/goksite-lijst-nederland/,0,21
https://puredeco.nl/golden-panda-casino-review-en-ervaringen-2026/,0,21
https://puredeco.nl/leovegas-casino-bonuscode-en-promoties-2026/,0,21
https://puredeco.nl/nieuwe-casino-site-nederland-zonder-cruks/,0,21
https://puredeco.nl/live-punto-banco-spelen-voor-geld/,0,21
https://puredeco.nl/online-casino-met-elk-studios-spellen/,0,21
https://puredeco.nl/online-casino-met-live-dealer-nederland/,0,21
https://puredeco.nl/online-casino-met-mga-licentie/,0,21
https://puredeco.nl/online-casino-nieuws/,0,21
https://puredeco.nl/online-salon-prive-blackjack-spelen/,0,21
https://puredeco.nl/palm-casino-review-en-ervaringen-2026/,0,21
https://puredeco.nl/royal-panda-casino-review-en-ervaringen-2026/,0,21
https://puredeco.nl/stortingsbonus-creditcard-online-casino/,0,21
https://puredeco.nl/top-20-casino-app-nederland/,0,21
https://puredeco.nl/trustly-casino-bonus/,0,21
https://puredeco.nl/waar-kan-ik-quantum-roulette-spelen/,0,21
https://puredeco.nl/beste-no-deposit-free-spins-nederland/,1,20
https://puredeco.nl/lucky-max-casino-bonus-zonder-storting-2026/,1,20
https://puredeco.nl/10-goksites-nederland/,0,20
https://puredeco.nl/5-euro-bonus-zonder-storting-online-casino/,0,20
https://puredeco.nl/beste-bingo-uitbetaling-dezelfde-dag/,0,20
https://puredeco.nl/beste-casino-met-big-time-gaming-spellen/,0,20
https://puredeco.nl/beste-casino-met-quickspin-spellen/,0,20
https://puredeco.nl/beste-casino-paysafecard-nederland/,0,20
https://puredeco.nl/bingo-bonus-nederland/,0,20
https://puredeco.nl/boomerang-casino-gratis-spins-zonder-deposit/,0,20
https://puredeco.nl/casino-10-euro-bonus-nederland/,0,20
https://puredeco.nl/casino-betalen-met-creditcard/,0,20
https://puredeco.nl/casino-betalen-met-visa/,0,20
https://puredeco.nl/casino-geld-opnemen-google-pay/,0,20
https://puredeco.nl/casino-holdem-zonder-cruks/,0,20
https://puredeco.nl/casino-zonder-belgische-vergunning/,0,20
https://puredeco.nl/casino-zonder-ksa-snelle-uitbetaling/,0,20
https://puredeco.nl/casino-zonder-verificatie/,0,20
https://puredeco.nl/hard-rock-casino-welkomstbonus-eerste-storting/,0,20
https://puredeco.nl/immersive-roulette-casino-nederland/,0,20
https://puredeco.nl/legaal-online-casino-nederland-met-ideal/,0,20
https://puredeco.nl/litecoin-casino-bonus/,0,20
https://puredeco.nl/live-casino-1-euro-inzet/,0,20
https://puredeco.nl/mega-fire-blaze-roulette-casino-nederland/,0,20
https://puredeco.nl/mobiel-gokken-echt-geld/,0,20
https://puredeco.nl/nederlandse-casino-roulette-minimum-bet/,0,20
https://puredeco.nl/nieuwe-goksite-nederland-hoge-inzet/,0,20
https://puredeco.nl/keno-spelen-voor-echt-geld/,0,20
https://puredeco.nl/nova-dreams-casino-bonuscode-en-promoties-2026/,0,20
https://puredeco.nl/poker-crypto/,0,20
https://puredeco.nl/prive-casino-review-en-ervaringen-2026/,0,20
https://puredeco.nl/slingo-met-bonus-casino/,0,20
https://puredeco.nl/speel-online-roulette/,0,20
https://puredeco.nl/tombola-bingo-casino-bonuscode-en-promoties-2026/,0,20
https://puredeco.nl/welke-online-casino-accepteert-trustly/,0,20
https://puredeco.nl/welke-online-casino-is-betrouwbaar/,0,20
https://puredeco.nl/bonus-code-zonder-storting-casino/,1,19
https://puredeco.nl/10-euro-gratis-speelgeld-online-casino/,0,19
https://puredeco.nl/3-euro-gratis-casino-bonus/,0,19
https://puredeco.nl/50-euro-gratis-speelgeld-online-casino/,0,19
https://puredeco.nl/beste-gokken-ideal-nederland/,0,19
https://puredeco.nl/beste-manier-van-inzetten-roulette/,0,19
https://puredeco.nl/beste-online-blackjack/,0,19
https://puredeco.nl/beste-vip-bonus-online-casino/,0,19
https://puredeco.nl/betmgm-casino-bonus-zonder-storting-2026/,0,19
https://puredeco.nl/blackjack-belgie-echt-geld/,0,19
https://puredeco.nl/blackjack-bonus-nederland/,0,19
https://puredeco.nl/bm-bet-casino-review-en-ervaringen-2026/,0,19
https://puredeco.nl/bm-bet-casino-welkomstbonus-eerste-storting/,0,19
https://puredeco.nl/casino-50-euro-gratis-speelgeld/,0,19
https://puredeco.nl/casino-met-quickspin-spellen/,0,19
https://puredeco.nl/casino-middelkerke-dresscode/,0,19
https://puredeco.nl/casino-zonder-registratie-2025/,0,19
https://puredeco.nl/funky-time-casino-nederland/,0,19
https://puredeco.nl/golden-billy-casino-gratis-spins-zonder-deposit/,0,19
https://puredeco.nl/grand-mondial-casino-review-en-ervaringen-2026/,0,19
https://puredeco.nl/klassieke-gokkasten-jaren-80/,0,19
https://puredeco.nl/legaal-casino-nederland-voor-beginners/,0,19
https://puredeco.nl/legaal-casino-site-voor-beginners/,0,19
https://puredeco.nl/live-casino-betalen-met-creditcard/,0,19
https://puredeco.nl/live-mega-ball-spelen-casino/,0,19
https://puredeco.nl/meest-populaire-casino/,0,19
https://puredeco.nl/mega-ball-live-casino-nederland/,0,19
https://puredeco.nl/mobiel-casino-nederland/,0,19
https://puredeco.nl/nieuwe-casino-lijst/,0,19
https://puredeco.nl/online-blackjack-hoge-inzet/,0,19
https://puredeco.nl/online-casino-200-euro-bonus/,0,19
https://puredeco.nl/online-casino-belgie-zonder-download/,0,19
https://puredeco.nl/online-casino-met-microgaming-spellen/,0,19
https://puredeco.nl/online-casino-met-pragmatic-play-spellen/,0,19
https://puredeco.nl/online-casino-met-trustly/,0,19
https://puredeco.nl/online-casino-spelen-met-cruks/,0,19
https://puredeco.nl/online-casino-uitbetaling-ethereum/,0,19
https://puredeco.nl/online-gokken-in-nederland/,0,19
https://puredeco.nl/paradise-play-casino-bonuscode-en-promoties-2026/,0,19
https://puredeco.nl/populairste-casino-site-belgie-met-vergunning/,0,19
https://puredeco.nl/populairste-online-casino-belgie-met-gratis-spins/,0,19
https://puredeco.nl/populairste-online-casino-nederland-met-ideal/,0,19
https://puredeco.nl/populairste-online-casino-nederland-met-vergunning/,0,19
https://puredeco.nl/veel-spellen-online-casino/,0,19
https://puredeco.nl/waar-kan-ik-het-beste-gokkasten-spelen/,0,19
https://puredeco.nl/waar-live-roulette-spelen/,0,19
https://puredeco.nl/welke-casino-heeft-de-hoogste-limiet/,0,19
https://puredeco.nl/welke-online-goksites-zijn-legaal/,0,19
https://puredeco.nl/zebet-casino-welkomstbonus-eerste-storting/,0,19
https://puredeco.nl/registratie-bonus-casino-ideal/,2,18
https://puredeco.nl/10-euro-storten-casino-nederland/,0,18
https://puredeco.nl/20-euro-gratis-geld-bij-registratie-casino/,0,18
https://puredeco.nl/20-gratis-spins-zonder-storting/,0,18
https://puredeco.nl/belgische-online-casino-ideal/,0,18
https://puredeco.nl/beste-online-casino-europa/,0,18
https://puredeco.nl/beste-online-casino-met-mobiel-betalen/,0,18
https://puredeco.nl/betrouwbaar-pay-n-play-casino/,0,18
https://puredeco.nl/bingo-online-spelen-geld-winnen/,0,18
https://puredeco.nl/black-jack-nederlandse-casino-regels/,0,18
https://puredeco.nl/booms-bet-casino-gratis-spins-zonder-deposit/,0,18
https://puredeco.nl/buitenlandse-online-casino-voor-nederlanders/,0,18
https://puredeco.nl/casino-met-afterpay/,0,18
https://puredeco.nl/casino777-casino-welkomstbonus-eerste-storting/,0,18
https://puredeco.nl/gokken-zonder-verificatie-nederland/,0,18
https://puredeco.nl/golden-panda-casino-gratis-spins-zonder-deposit/,0,18
https://puredeco.nl/highroller-bonus-vergelijken-casino/,0,18
https://puredeco.nl/hoogste-blackjack-bonus/,0,18
https://puredeco.nl/klassieke-gokkasten-online/,0,18
https://puredeco.nl/klassieke-gokkasten-spelen/,0,18
https://puredeco.nl/legale-gokwebsites-casino/,0,18
https://puredeco.nl/lijst-online-casino-nederland/,0,18
https://puredeco.nl/live-crazy-time-casino-nederland/,0,18
https://puredeco.nl/live-roulette-bonus/,0,18
https://puredeco.nl/maximale-bonus-50-euro-casino/,0,18
https://puredeco.nl/monopoly-live-casino-nederland/,0,18
https://puredeco.nl/nova-dreams-casino-gratis-spins-zonder-deposit/,0,18
https://puredeco.nl/online-casino-belgie-paypal/,0,18
https://puredeco.nl/online-live-casino-bankoverschrijving/,0,18
https://puredeco.nl/populairste-casino-met-ideal/,0,18
https://puredeco.nl/progressieve-jackpot-gokkasten-spelen-voor-geld/,0,18
https://puredeco.nl/roulette-slim-spelen/,0,18
https://puredeco.nl/slots-hammer-casino-gratis-spins-zonder-deposit/,0,18
https://puredeco.nl/spinybet-casino-review-en-ervaringen-2026/,0,18
https://puredeco.nl/storten-en-opnemen-met-paysafecard-casino/,0,18
https://puredeco.nl/top-10-crypto-casino-nederland/,0,18
https://puredeco.nl/top-5-online-casino-nederland/,0,18
https://puredeco.nl/unibet-casino-gratis-spins-zonder-deposit/,0,18
https://puredeco.nl/waar-live-monopoly-spelen-casino/,0,18
https://puredeco.nl/casino-30-euro-gratis/,4,17
https://puredeco.nl/casino-2-euro-minimum/,3,17
https://puredeco.nl/hoe-casino-app-downloaden/,1,17
https://puredeco.nl/vegadream-casino-review-en-ervaringen-2026/,1,17
https://puredeco.nl/5-euro-gratis-spins-bij-registratie/,0,17
https://puredeco.nl/75-gratis-spins-zonder-storting/,0,17
https://puredeco.nl/alle-legale-casino-belgie/,0,17
https://puredeco.nl/beste-400-casino-bonus/,0,17
https://puredeco.nl/beste-casino-bonus-maart/,0,17
https://puredeco.nl/beste-casino-mastercard/,0,17
https://puredeco.nl/beste-online-casino-nederland-met-cashback/,0,17
https://puredeco.nl/betamo-casino-bonus-zonder-storting-2026/,0,17
https://puredeco.nl/betcenter-casino-bonuscode-en-promoties-2026/,0,17
https://puredeco.nl/betfirst-casino-bonus-zonder-storting-2026/,0,17
https://puredeco.nl/blackjack-casino-zonder-cruks/,0,17
https://puredeco.nl/bonus-code-2026-casino/,0,17
https://puredeco.nl/casino-makkelijk-uitbetalen/,0,17
https://puredeco.nl/casino-maximale-inzet-roulette/,0,17
https://puredeco.nl/casino-middelkerke-prijs/,0,17
https://puredeco.nl/casino-spelletjes-met-gratis-bonus/,0,17
https://puredeco.nl/casino-zonder-licentie-paysafecard/,0,17
https://puredeco.nl/casino-zottegem/,0,17
https://puredeco.nl/ggpoker-casino-bonuscode-en-promoties-2026/,0,17
https://puredeco.nl/goedkoopste-goksite-belgie/,0,17
https://puredeco.nl/gokhal-ninove/,0,17
https://puredeco.nl/gokkasten-bonus-zonder-storting/,0,17
https://puredeco.nl/gokkasten-met-laagste-inzet/,0,17
https://puredeco.nl/goksite-met-gratis-bonus/,0,17
https://puredeco.nl/infinite-blackjack-echt-geld/,0,17
https://puredeco.nl/inpay-casino-nederland-online/,0,17
https://puredeco.nl/legaal-goksite-met-app/,0,17
https://puredeco.nl/nieuwe-casino-app-nederland-2026/,0,17
https://puredeco.nl/nieuwe-casino-site-met-ideal/,0,17
https://puredeco.nl/craps-met-lage-inzet-online/,0,17
https://puredeco.nl/online-roulette-voor-beginners/,0,17
https://puredeco.nl/poker-met-paypal/,0,17
https://puredeco.nl/roulette-ideal/,0,17
https://puredeco.nl/roulette-wheel-spelen/,0,17
https://puredeco.nl/snel-uitbetalende-casino/,0,17
https://puredeco.nl/spin-time-casino-bonuscode-en-promoties-2026/,0,17
https://puredeco.nl/sugar-casino-welkomstbonus-eerste-storting/,0,17
https://puredeco.nl/top-20-online-casino-nederland/,0,17
https://puredeco.nl/trustly-casino-nederland-online/,0,17
https://puredeco.nl/virtuele-blackjack/,0,17
https://puredeco.nl/waar-kan-ik-american-roulette-spelen/,0,17
https://puredeco.nl/welk-casino-heeft-pragmatic-play-spellen/,0,17
https://puredeco.nl/welke-goksite-betaalt-snel-uit/,0,17
https://puredeco.nl/5-euro-gratis-casino-bonus/,0,16
https://puredeco.nl/50-euro-bonus-bij-registratie-casino/,0,16
https://puredeco.nl/beste-bingo-met-welkomstbonus/,0,16
https://puredeco.nl/beste-blackjack-met-licentie/,0,16
https://puredeco.nl/beste-casino-app-nederland-2025/,0,16
https://puredeco.nl/beste-casino-met-red-tiger-spellen/,0,16
https://puredeco.nl/beste-goksite-met-gratis-speelgeld/,0,16
https://puredeco.nl/beste-klassieke-gokkasten/,0,16
https://puredeco.nl/beste-online-casino-met-ksa-vergunning/,0,16
https://puredeco.nl/beste-registratie-bonus-casino/,0,16
https://puredeco.nl/cash-or-crash-live-casino/,0,16
https://puredeco.nl/casino-15-free-spins-zonder-storting/,0,16
https://puredeco.nl/casino-roulette-minimum-inzet/,0,16
https://puredeco.nl/casino-uitbetaling-via-apple-pay/,0,16
https://puredeco.nl/casino-zonder-documenten-nederland/,0,16
https://puredeco.nl/casumo-casino-review-en-ervaringen-2026/,0,16
https://puredeco.nl/circus-casino-welkomstbonus-eerste-storting/,0,16
https://puredeco.nl/euslot-casino-bonuscode-en-promoties-2026/,0,16
https://puredeco.nl/flashdash-casino-bonuscode-en-promoties-2026/,0,16
https://puredeco.nl/gewonnen-geld-casino-op-rekening-storten/,0,16
https://puredeco.nl/gokkasten-met-bonusspel-online/,0,16
https://puredeco.nl/gokkasten-met-scatter-echt-geld/,0,16
https://puredeco.nl/gokkasten-multiplayer/,0,16
https://puredeco.nl/grootste-casino-nederland/,0,16
https://puredeco.nl/inzet-verzekeren-blackjack/,0,16
https://puredeco.nl/jackpot-gokkasten-online-nederland/,0,16
https://puredeco.nl/justbit-review-casino/,0,16
https://puredeco.nl/kansino-casino-bonus-zonder-storting-2026/,0,16
https://puredeco.nl/lightning-roulette-casino/,0,16
https://puredeco.nl/live-baccarat-online/,0,16
https://puredeco.nl/live-casino-echt-geld-inzetten/,0,16
https://puredeco.nl/live-casino-online-nederland/,0,16
https://puredeco.nl/live-casino-uitbetaling-ideal/,0,16
https://puredeco.nl/meest-populaire-crypto-casino/,0,16
https://puredeco.nl/nieuwe-gokkasten-met-expanding-wilds/,0,16
https://puredeco.nl/online-gokken-zonder-vergunning/,0,16
https://puredeco.nl/populairste-online-casino-met-live-dealer/,0,16
https://puredeco.nl/registratie-bonus-creditcard-online-casino/,0,16
https://puredeco.nl/skrill-storten-casino-nederland/,0,16
https://puredeco.nl/vbet-casino-bonuscode-en-promoties-2026/,0,16
https://puredeco.nl/welk-casino-heeft-isoftbet-spellen/,0,16
https://puredeco.nl/welkomstbonus-500-euro-casino/,0,16
https://puredeco.nl/10-euro-gratis-geld-bij-registratie-casino/,3,15
https://puredeco.nl/bingo-nummers-trekken-app/,1,15
https://puredeco.nl/blackjack-casino-zonder-storting/,1,15
https://puredeco.nl/new-future-games-casino-welkomstbonus-eerste-storting/,1,15
https://puredeco.nl/500-casino-bonus/,0,15
https://puredeco.nl/888-casino-review-en-ervaringen-2026/,0,15
https://puredeco.nl/baccarat-casino-nederland/,0,15
https://puredeco.nl/beste-bonus-zonder-storting-casino/,0,15
https://puredeco.nl/beste-casino-bankoverschrijving/,0,15
https://puredeco.nl/beste-casino-met-netent-spellen/,0,15
https://puredeco.nl/beste-live-casino-nederland/,0,15
https://puredeco.nl/beste-online-video-poker/,0,15
https://puredeco.nl/beste-progressieve-jackpot-gokkasten-nederland/,0,15
https://puredeco.nl/bets-amigo-casino-review-en-ervaringen-2026/,0,15
https://puredeco.nl/bingo-in-nederland/,0,15
https://puredeco.nl/bingo-nummer-trekken/,0,15
https://puredeco.nl/cadoola-casino-review-en-ervaringen-2026/,0,15
https://puredeco.nl/cashimashi-casino-gratis-spins-zonder-deposit/,0,15
https://puredeco.nl/casino-ethereum-storten/,0,15
https://puredeco.nl/casino-met-paysafe-betalen/,0,15
https://puredeco.nl/casino-met-play-n-go-spellen/,0,15
https://puredeco.nl/casino-minimum-storting-2-euro/,0,15
https://puredeco.nl/casino-no-deposit-bonus-met-creditcard/,0,15
https://puredeco.nl/casino-thunderkick-spellen-nederland/,0,15
https://puredeco.nl/casino-waar-je-1-euro-kan-storten/,0,15
https://puredeco.nl/casino-websites-nederland/,0,15
https://puredeco.nl/casino-zorgplicht/,0,15
https://puredeco.nl/cruks-bedenktijd-casino/,0,15
https://puredeco.nl/european-blackjack-uitbetaling/,0,15
https://puredeco.nl/first-person-roulette-online/,0,15
https://puredeco.nl/gokhal-charleroi/,0,15
https://puredeco.nl/gokkasten-storten-met-bankoverschrijving/,0,15
https://puredeco.nl/gokspelletjes-online-casino/,0,15
https://puredeco.nl/gratis-spins-zonder-storting-creditcard/,0,15
https://puredeco.nl/jinx-casino-review-en-ervaringen-2026/,0,15
https://puredeco.nl/justbit-casino-bonuscode-en-promoties-2026/,0,15
https://puredeco.nl/legaal-online-casino-met-crypto/,0,15
https://puredeco.nl/nederlandse-casino-registratie/,0,15
https://puredeco.nl/new-future-games-casino-bonus-zonder-storting-2026/,0,15
https://puredeco.nl/nieuwe-casino-bonus-zonder-storting/,0,15
https://puredeco.nl/nieuwe-casino-site-met-loyalty-programma/,0,15
https://puredeco.nl/nieuwe-goksite-belgie-voor-beginners/,0,15
https://puredeco.nl/online-bingo-geld-winnen/,0,15
https://puredeco.nl/online-bingo-hoe-werkt-dat/,0,15
https://puredeco.nl/online-casino-cashback-bonus/,0,15
https://puredeco.nl/online-casino-direct-spelen/,0,15
https://puredeco.nl/online-casino-met-blueprint-gaming-spellen/,0,15
https://puredeco.nl/online-casino-nederland-vergunning/,0,15
https://puredeco.nl/online-free-bet-blackjack-spelen/,0,15
https://puredeco.nl/online-gokkasten-bonus/,0,15
https://puredeco.nl/pirate-slots-online/,0,15
https://puredeco.nl/roulette-tafel-nederlands-casino/,0,15
https://puredeco.nl/spelregel-blackjack/,0,15
https://puredeco.nl/supraplay-casino-gratis-spins-zonder-deposit/,0,15
https://puredeco.nl/texas-holdem-poker-lage-inzet/,0,15
https://puredeco.nl/veilig-poker-site/,0,15
https://puredeco.nl/waarde-fiches-roulette/,0,15
https://puredeco.nl/welkomstbonus-crypto-online-casino/,0,15
https://puredeco.nl/xxxtreme-lightning-roulette-spelen/,0,15
https://puredeco.nl/populairste-casino-met-jackpot/,2,14
https://puredeco.nl/casino-50-euro-gratis-geld-nederland/,1,14
https://puredeco.nl/gratis-free-spins-zonder-storting/,1,14
https://puredeco.nl/100-stortingsbonus-casino/,0,14
https://puredeco.nl/20-euro-bonus-zonder-storting-casino/,0,14
https://puredeco.nl/200-casino-bonus/,0,14
https://puredeco.nl/777-nl-casino-gratis-spins-zonder-deposit/,0,14
https://puredeco.nl/auto-roulette-uitbetaling/,0,14
https://puredeco.nl/bc-game-casino-review-en-ervaringen-2026/,0,14
https://puredeco.nl/beste-cashback-aanbod-casino/,0,14
https://puredeco.nl/beste-casino-bankoverschrijving-nederland/,0,14
https://puredeco.nl/beste-casino-ethereum-nederland/,0,14
https://puredeco.nl/beste-highroller-bonus-online-casino/,0,14
https://puredeco.nl/beste-manier-roulette-spelen/,0,14
https://puredeco.nl/beste-online-casino-nederland-zonder-cruks/,0,14
https://puredeco.nl/beste-stortingsbonus-online-casino/,0,14
https://puredeco.nl/bethard-casino-review-en-ervaringen-2026/,0,14
https://puredeco.nl/betrouwbaar-bitcoin-casino-nederland/,0,14
https://puredeco.nl/betrouwbaar-blackjack-app/,0,14
https://puredeco.nl/betrouwbaar-goksite-belgie-met-bonus/,0,14
https://puredeco.nl/betrouwbaar-minimum-deposit-casino/,0,14
https://puredeco.nl/betrouwbaar-online-gokken-nederland/,0,14
https://puredeco.nl/cashback-bonus-ideal-online-casino/,0,14
https://puredeco.nl/casino-20-euro-gratis-speelgeld/,0,14
https://puredeco.nl/casino-30-euro-minimum/,0,14
https://puredeco.nl/casino-met-mobiel-betalen/,0,14
https://puredeco.nl/casino-middelkerke-poker/,0,14
https://puredeco.nl/casino-voucher-casino-nederland/,0,14
https://puredeco.nl/crypto-casino-vergelijken/,0,14
https://puredeco.nl/fruit-gokkasten/,0,14
https://puredeco.nl/goede-casino-site-nederland-2026/,0,14
https://puredeco.nl/gokkasten-betalen-met-google-pay/,0,14
https://puredeco.nl/gokkasten-gratis-spins/,0,14
https://puredeco.nl/gokkasten-zonder-storting/,0,14
https://puredeco.nl/gokken-in-anna-paulowna/,0,14
https://puredeco.nl/gokken-in-brussel/,0,14
https://puredeco.nl/gokken-zonder-vergunning/,0,14
https://puredeco.nl/gratis-bingo-bonus-zonder-storten/,0,14
https://puredeco.nl/hoogste-tweede-storting-bonus-online-casino/,0,14
https://puredeco.nl/irish-slots-echt-geld/,0,14
https://puredeco.nl/jacks-nl-casino-gratis-spins-zonder-deposit/,0,14
https://puredeco.nl/legaal-casino-app-nederland-2026/,0,14
https://puredeco.nl/legaal-casino-met-gratis-spins/,0,14
https://puredeco.nl/legaal-goksites-nederland-2025/,0,14
https://puredeco.nl/legaal-online-casino-belgie-met-gratis-spins/,0,14
https://puredeco.nl/legaal-online-casino-zonder-cruks/,0,14
https://puredeco.nl/legaal-punto-banco-casino/,0,14
https://puredeco.nl/nederlandse-casino-online-nederland/,0,14
https://puredeco.nl/nederlandse-casino-roulette-limiet/,0,14
https://puredeco.nl/nieuwe-casino-review-nederland/,0,14
https://puredeco.nl/nieuwe-online-casino-met-vergunning/,0,14
https://puredeco.nl/no-deposit-casino-ervaringen/,0,14
https://puredeco.nl/online-casino-met-live-dealer/,0,14
https://puredeco.nl/online-casino-minimum-inzet-1-euro/,0,14
https://puredeco.nl/online-pirate-slots-spelen/,0,14
https://puredeco.nl/provably-fair-casino-nederland/,0,14
https://puredeco.nl/reload-bonus-overzicht-casino/,0,14
https://puredeco.nl/roulette-casino-bankoverschrijving/,0,14
https://puredeco.nl/sir-jackpot-ervaringen/,0,14
https://puredeco.nl/snelste-crypto-casino/,0,14
https://puredeco.nl/vegas-gokkasten-met-bonus/,0,14
https://puredeco.nl/waar-live-fan-tan-spelen-casino/,0,14
https://puredeco.nl/welk-online-casino/,0,14
https://puredeco.nl/gokspellen-online-casino/,1,13
https://puredeco.nl/10-euro-gratis-geld-zonder-storting-casino/,0,13
https://puredeco.nl/10-euro-storten-casino/,0,13
https://puredeco.nl/5-euro-deposit-casino-nederland/,0,13
https://puredeco.nl/50-euro-gratis-geld-zonder-storting-casino/,0,13
https://puredeco.nl/beste-blackjack-app/,0,13
https://puredeco.nl/beste-casino-met-yggdrasil-spellen/,0,13
https://puredeco.nl/beste-casino-mobile-friendly/,0,13
https://puredeco.nl/beste-casino-uitbetaling-binnen-24-uur/,0,13
https://puredeco.nl/beste-european-blackjack/,0,13
https://puredeco.nl/beste-klassieke-gokkasten-nederland/,0,13
https://puredeco.nl/beste-mobiele-casino/,0,13
https://puredeco.nl/beste-online-casino-belgie-betrouwbaar/,0,13
https://puredeco.nl/beste-online-casino-crypto/,0,13
https://puredeco.nl/beste-online-casino-ethereum-nederland/,0,13
https://puredeco.nl/beste-online-casino-spellen/,0,13
https://puredeco.nl/beste-vikingen-gokkasten/,0,13
https://puredeco.nl/betamo-casino-gratis-spins-zonder-deposit/,0,13
https://puredeco.nl/betrouwbaar-scratch-cards-online-casino/,0,13
https://puredeco.nl/bingo-nummers-trekken-online/,0,13
https://puredeco.nl/bingo-uitbetaling-ideal/,0,13
https://puredeco.nl/bingoal-casino-bonus-zonder-storting-2026/,0,13
https://puredeco.nl/bitcoin-casino-nederland-online/,0,13
https://puredeco.nl/blackjack-hoe-werkt-het/,0,13
https://puredeco.nl/casino-1-euro-minimum/,0,13
https://puredeco.nl/casino-20-free-spins-zonder-storting/,0,13
https://puredeco.nl/casino-google-pay-uitbetaling/,0,13
https://puredeco.nl/casino-knokke-spellen/,0,13
https://puredeco.nl/casino-laag-huisvoordeel/,0,13
https://puredeco.nl/casino-red-tiger-spellen-nederland/,0,13
https://puredeco.nl/digitale-gokken/,0,13
https://puredeco.nl/european-blackjack-online-nederland/,0,13
https://puredeco.nl/franse-roulette-spelen-voor-geld/,0,13
https://puredeco.nl/fruit-gokkasten-online-nederland/,0,13
https://puredeco.nl/gokkasten-met-free-spins-feature-met-bonus/,0,13
https://puredeco.nl/gokkasten-met-megaways-online/,0,13
https://puredeco.nl/gokkasten-met-wild-mobiel/,0,13
https://puredeco.nl/gokkasten-mobile/,0,13
https://puredeco.nl/gold-horns-casino-gratis-spins-zonder-deposit/,0,13
https://puredeco.nl/golden-billy-casino-bonus-zonder-storting-2026/,0,13
https://puredeco.nl/kroon-casino-review-en-ervaringen-2026/,0,13
https://puredeco.nl/legaal-gokken-nederland/,0,13
https://puredeco.nl/legaal-gokken-nederlandse-casino/,0,13
https://puredeco.nl/legaal-online-casino-nederland-met-vergunning/,0,13
https://puredeco.nl/live-casino-betalen-met-bitcoin/,0,13
https://puredeco.nl/live-casino-uitbetaling-apple-pay/,0,13
https://puredeco.nl/live-punto-banco-casino-nederland/,0,13
https://puredeco.nl/live-roulette-spelen-voor-geld/,0,13
https://puredeco.nl/lupin-casino-review-en-ervaringen-2026/,0,13
https://puredeco.nl/maandelijkse-bonus-nederland-casino/,0,13
https://puredeco.nl/minimale-inzet-roulette-nederlandse-casino/,0,13
https://puredeco.nl/mythology-slots-voor-geld/,0,13
https://puredeco.nl/nederlandse-casino-amerikaanse-roulette/,0,13
https://puredeco.nl/nieuwe-blackjack-casino-nederland/,0,13
https://puredeco.nl/nieuwe-casino-nederland-snelle-uitbetaling/,0,13
https://puredeco.nl/nieuwe-online-casino-nederland-zonder-cruks/,0,13
https://puredeco.nl/nieuwe-speelautomaten-nederlandse-casino/,0,13
https://puredeco.nl/nieuwe-wekelijkse-bonus-casino/,0,13
https://puredeco.nl/craps-sites-nederland/,0,13
https://puredeco.nl/online-casino-15-gratis-spins/,0,13
https://puredeco.nl/online-casino-25-gratis-spins/,0,13
https://puredeco.nl/online-casino-betalen-met-paysafe/,0,13
https://puredeco.nl/online-casino-met-netent-spellen/,0,13
https://puredeco.nl/online-casino-spelen-zonder-storten/,0,13
https://puredeco.nl/online-casino-uitbetaling-binnen-24-uur-nederland/,0,13
https://puredeco.nl/online-gokkasten-legaal/,0,13
https://puredeco.nl/online-gokken-deze-maand/,0,13
https://puredeco.nl/online-gokken-geld-terug/,0,13
https://puredeco.nl/online-kansspelen-nederlandse-casino/,0,13
https://puredeco.nl/paysafe-casino-nederland/,0,13
https://puredeco.nl/poker-betalen-met-neteller/,0,13
https://puredeco.nl/poker-casino-top-10/,0,13
https://puredeco.nl/populairste-gokkasten-online/,0,13
https://puredeco.nl/populairste-online-casino-met-jackpot/,0,13
https://puredeco.nl/power-blackjack-online/,0,13
https://puredeco.nl/progressieve-jackpot-gokkasten-voor-geld/,0,13
https://puredeco.nl/snelste-casino-uitbetaling-binnen-een-uur/,0,13
https://puredeco.nl/sombrero-spins-casino-review-en-ervaringen-2026/,0,13
https://puredeco.nl/top-10-casino-nederland-2026/,0,13
https://puredeco.nl/top-5-online-casino-2025/,0,13
https://puredeco.nl/ucobet-casino-bonuscode-en-promoties-2026/,0,13
https://puredeco.nl/waar-kan-ik-gokken-met-paysafecard/,0,13
https://puredeco.nl/wat-is-de-beste-casino/,0,13
https://puredeco.nl/welke-gokbedrijven-zijn-van-de-staat-casino/,0,13
https://puredeco.nl/wildwild-casino-gratis-spins-zonder-deposit/,0,13
https://puredeco.nl/winnitt-casino-review-en-ervaringen-2026/,0,13
https://puredeco.nl/gratis-spins-casino-paysafecard/,1,12
https://puredeco.nl/kansino-casino-gratis-spins-zonder-deposit/,1,12
https://puredeco.nl/scatters-casino-review-en-ervaringen-2026/,1,12
https://puredeco.nl/stortingsbonus-tot-100-euro-casino/,1,12
https://puredeco.nl/10-euro-bonus-bij-registratie-casino/,0,12
https://puredeco.nl/20-gratis-spins-bij-registratie/,0,12
https://puredeco.nl/400-casino-bonus/,0,12
https://puredeco.nl/888-casino-bonuscode-en-promoties-2026/,0,12
https://puredeco.nl/aanmeldbonus-online-casino-nederland/,0,12
https://puredeco.nl/batavia-casino-bonus-zonder-storting-2026/,0,12
https://puredeco.nl/beste-bingo-met-loyalty-programma/,0,12
https://puredeco.nl/beste-casino-amsterdam/,0,12
https://puredeco.nl/beste-casino-klarna-nederland/,0,12
https://puredeco.nl/beste-casino-met-live-games/,0,12
https://puredeco.nl/beste-casino-spellen/,0,12
https://puredeco.nl/beste-casino-zottegem/,0,12
https://puredeco.nl/beste-gokkasten-met-bonusspel-nederland/,0,12
https://puredeco.nl/beste-goksite-zonder-registratie/,0,12
https://puredeco.nl/beste-no-deposit-bonus-online-casino/,0,12
https://puredeco.nl/beste-online-casino-klarna/,0,12
https://puredeco.nl/beste-online-casino-nederland-met-gratis-spins/,0,12
https://puredeco.nl/beste-reload-bonus-casino/,0,12
https://puredeco.nl/beste-roulette-casinos/,0,12
https://puredeco.nl/beste-roulette-techniek/,0,12
https://puredeco.nl/beste-roulette-zonder-registratie/,0,12
https://puredeco.nl/betano-casino-bonus-zonder-storting-2026/,0,12
https://puredeco.nl/bethard-casino-bonuscode-en-promoties-2026/,0,12
https://puredeco.nl/betrouwbaar-gratis-geld-casino/,0,12
https://puredeco.nl/betrouwbaar-online-casino-nederland-met-vergunning/,0,12
https://puredeco.nl/bets-io-casino-gratis-spins-zonder-deposit/,0,12
https://puredeco.nl/bingo-nummers-trekken/,0,12
https://puredeco.nl/blackjack-online-gratuit/,0,12
https://puredeco.nl/blackjack-party-spelen-voor-geld/,0,12
https://puredeco.nl/blackjack-spelen-om-geld/,0,12
https://puredeco.nl/caribbean-stud-poker-app/,0,12
https://puredeco.nl/casino-25-euro-gratis/,0,12
https://puredeco.nl/casino-5-euro-bonus/,0,12
https://puredeco.nl/casino-luik-online/,0,12
https://puredeco.nl/casino-met-idin/,0,12
https://puredeco.nl/casino-ninove/,0,12
https://puredeco.nl/casino-paysafecard-storten/,0,12
https://puredeco.nl/casino-waar-je-snel-kunt-beginnen/,0,12
https://puredeco.nl/casino-zonder-documenten-nodig/,0,12
https://puredeco.nl/coinpoker-casino-review-en-ervaringen-2026/,0,12
https://puredeco.nl/crypto-casino-lijst-nederland/,0,12
https://puredeco.nl/european-roulette-casino-nederland/,0,12
https://puredeco.nl/foxy-gold-casino-bonus-zonder-storting-2026/,0,12
https://puredeco.nl/ggpoker-nl-casino-bonus-zonder-storting-2026/,0,12
https://puredeco.nl/gokhal-zottegem/,0,12
https://puredeco.nl/gokkasten-casino-klarna/,0,12
https://puredeco.nl/gokken-belgie-vanaf-10-euro/,0,12
https://puredeco.nl/gokken-in-zottegem/,0,12
https://puredeco.nl/gokken-met-vergunning/,0,12
https://puredeco.nl/gokken-via-sms/,0,12
https://puredeco.nl/gratis-spins-bij-aanmelding-casino/,0,12
https://puredeco.nl/jinx-casino-gratis-spins-zonder-deposit/,0,12
https://puredeco.nl/krasloten-storten-creditcard/,0,12
https://puredeco.nl/legaal-casino-site-belgie-met-vergunning/,0,12
https://puredeco.nl/legaal-online-casino-lage-inzet/,0,12
https://puredeco.nl/live-blackjack-casino-nederland/,0,12
https://puredeco.nl/live-roulette-online/,0,12
https://puredeco.nl/low-deposit-casino-bonus/,0,12
https://puredeco.nl/met-hoeveel-mensen-kun-je-bingo-spelen/,0,12
https://puredeco.nl/nieuwe-maandelijkse-bonus-casino/,0,12
https://puredeco.nl/nieuwe-online-roulette/,0,12
https://puredeco.nl/nieuwe-stortingsbonus-casino/,0,12
https://puredeco.nl/online-casino-aanbieders-vergelijken/,0,12
https://puredeco.nl/online-casino-belgie-ranking/,0,12
https://puredeco.nl/online-casino-zonder-cruks/,0,12
https://puredeco.nl/online-european-blackjack-spelen/,0,12
https://puredeco.nl/online-live-casino-paypal/,0,12
https://puredeco.nl/populairste-casino-echt-geld/,0,12
https://puredeco.nl/populairste-goksite-nederland-met-gratis-spins/,0,12
https://puredeco.nl/prive-casino-bonuscode-en-promoties-2026/,0,12
https://puredeco.nl/punto-banco-casino-review/,0,12
https://puredeco.nl/roulette-betalen-met-ideal/,0,12
https://puredeco.nl/roulette-echt-geld-inzetten/,0,12
https://puredeco.nl/roulette-spelen-voor-echt-geld/,0,12
https://puredeco.nl/roulette-spelen/,0,12
https://puredeco.nl/roulette-tafel-spelen/,0,12
https://puredeco.nl/scarawins-casino-review-en-ervaringen-2026/,0,12
https://puredeco.nl/single-deck-blackjack-spelen-voor-geld/,0,12
https://puredeco.nl/slots-hammer-casino-bonus-zonder-storting-2026/,0,12
https://puredeco.nl/slots-safari-casino-review-en-ervaringen-2026/,0,12
https://puredeco.nl/speelhal-middelburg/,0,12
https://puredeco.nl/tombola-casino-review-en-ervaringen-2026/,0,12
https://puredeco.nl/wbetz-casino-review-en-ervaringen-2026/,0,12
https://puredeco.nl/welk-casino-heeft-microgaming-spellen/,0,12
https://puredeco.nl/welkomst-bonus-casino/,0,12
https://puredeco.nl/zinkra-casino-gratis-spins-zonder-deposit/,0,12
https://puredeco.nl/50-euro-gratis-geld-casino/,1,11
https://puredeco.nl/beste-bonus-code-casino/,1,11
https://puredeco.nl/casino-no-deposit-bonus-met-crypto/,1,11
https://puredeco.nl/hoogste-verjaardagsbonus-online-casino/,1,11
https://puredeco.nl/20-euro-storten-casino-paysafecard/,0,11
https://puredeco.nl/30-free-spins-no-deposit/,0,11
https://puredeco.nl/auto-roulette-casino/,0,11
https://puredeco.nl/auto-roulette-minimum-inzet/,0,11
https://puredeco.nl/belgische-casino-mobiel-spelen/,0,11
https://puredeco.nl/beste-casino-voor-high-rollers/,0,11
https://puredeco.nl/beste-gratis-geld-casino/,0,11
https://puredeco.nl/betrouwbaar-online-casino-mobiel-betalen/,0,11
https://puredeco.nl/betrouwbaar-scratch-cards-nederland-casino/,0,11
https://puredeco.nl/bets-amigo-casino-bonus-zonder-storting-2026/,0,11
https://puredeco.nl/bingo-kans-berekenen/,0,11
https://puredeco.nl/bitcoin-casino-nederland/,0,11
https://puredeco.nl/blackjack-sites-nederland/,0,11
https://puredeco.nl/bof-casino-bonus-zonder-storting-2026/,0,11
https://puredeco.nl/branded-slots-echt-geld/,0,11
https://puredeco.nl/buitenlandse-casino-lijst/,0,11
https://puredeco.nl/casino-50-euro-bonus/,0,11
https://puredeco.nl/casino-50-euro-free-bet/,0,11
https://puredeco.nl/casino-bankoverschrijving-uitbetaling/,0,11
https://puredeco.nl/casino-bingo-online-spelen/,0,11
https://puredeco.nl/casino-echt-geld/,0,11
https://puredeco.nl/casino-ideal-nederland/,0,11
https://puredeco.nl/casino-met-hacksaw-gaming-spellen/,0,11
https://puredeco.nl/casino-met-stortingsbonus/,0,11
https://puredeco.nl/casino-speltips/,0,11
https://puredeco.nl/casino-uitbetaling-payconiq/,0,11
https://puredeco.nl/casino-zeebrugge-entree/,0,11
https://puredeco.nl/casino-zonder-speellimiet-nederland/,0,11
https://puredeco.nl/corgislot-casino-bonus-zonder-storting-2026/,0,11
https://puredeco.nl/dice-betalen-met-crypto/,0,11
https://puredeco.nl/european-blackjack-voor-geld/,0,11
https://puredeco.nl/european-roulette-met-bonus/,0,11
https://puredeco.nl/fgfox-casino-bonus-zonder-storting-2026/,0,11
https://puredeco.nl/gokkast-handleiding/,0,11
https://puredeco.nl/gokkasten-casino-nederland-2026/,0,11
https://puredeco.nl/gokkasten-geld-inzetten/,0,11
https://puredeco.nl/gokkasten-met-free-spins-feature-app/,0,11
https://puredeco.nl/gokspellen-met-kaarten-casino/,0,11
https://puredeco.nl/gratis-geld-online-casino/,0,11
https://puredeco.nl/hashlucky-casino-review-en-ervaringen-2026/,0,11
https://puredeco.nl/high-volatility-gokkasten-spelen-voor-geld/,0,11
https://puredeco.nl/hoeveel-gratis-spins-casino-nederland/,0,11
https://puredeco.nl/instant-casino-bonuscode-en-promoties-2026/,0,11
https://puredeco.nl/kroon-casino-bonuscode-en-promoties-2026/,0,11
https://puredeco.nl/legaal-baccarat-casino-nederland/,0,11
https://puredeco.nl/lightning-blackjack-casino/,0,11
https://puredeco.nl/lightning-roulette-online/,0,11
https://puredeco.nl/live-casino-app/,0,11
https://puredeco.nl/manga-casino-welkomstbonus-eerste-storting/,0,11
https://puredeco.nl/mrgreen-casino-review-en-ervaringen-2026/,0,11
https://puredeco.nl/nieuw-casino-brugge/,0,11
https://puredeco.nl/nieuw-casino-dinant/,0,11
https://puredeco.nl/nieuwe-casino-nederland-met-ideal/,0,11
https://puredeco.nl/nieuwe-gokkasten-met-bonus-buy/,0,11
https://puredeco.nl/nieuwe-regels-online-gokken/,0,11
https://puredeco.nl/no-deposit-bonus-nederland-2026-online-casino/,0,11
https://puredeco.nl/online-casino-50-gratis-spins/,0,11
https://puredeco.nl/online-casino-met-jackpot-nederland/,0,11
https://puredeco.nl/online-casino-zonder-bonus/,0,11
https://puredeco.nl/online-gokken-met-crypto/,0,11
https://puredeco.nl/online-live-casino-met-echt-geld/,0,11
https://puredeco.nl/populairste-baccarat-online/,0,11
https://puredeco.nl/populairste-casino-met-loyalty-programma/,0,11
https://puredeco.nl/rakoo-casino-review-en-ervaringen-2026/,0,11
https://puredeco.nl/roulette-automaat-nederlands-casino/,0,11
https://puredeco.nl/roulette-groen-uitbetaling/,0,11
https://puredeco.nl/roulette-knokke/,0,11
https://puredeco.nl/slingo-casino-nederland/,0,11
https://puredeco.nl/slots-promotie/,0,11
https://puredeco.nl/speed-blackjack-casino-nederland/,0,11
https://puredeco.nl/spinstar-casino-review-en-ervaringen-2026/,0,11
https://puredeco.nl/stortingsbonus-paypal-online-casino/,0,11
https://puredeco.nl/supraplay-casino-bonus-zonder-storting-2026/,0,11
https://puredeco.nl/tombola-bingo-casino-bonus-zonder-storting-2026/,0,11
https://puredeco.nl/top-10-casino-nederland-2025/,0,11
https://puredeco.nl/verdien-met-roulette/,0,11
https://puredeco.nl/virtuele-gokken/,0,11
https://puredeco.nl/waar-kan-ik-gokken-met-google-pay/,0,11
https://puredeco.nl/waar-live-baccarat-spelen/,0,11
https://puredeco.nl/wat-is-beter-gokkasten-of-tafelspellen/,0,11
https://puredeco.nl/welk-casino-heeft-de-beste-gokkasten/,0,11
https://puredeco.nl/welke-casino-heeft-baccarat/,0,11
https://puredeco.nl/winning-casino-review-en-ervaringen-2026/,0,11
https://puredeco.nl/wsm-casino-welkomstbonus-eerste-storting/,0,11
https://puredeco.nl/nieuw-casino-naarden/,1,10
https://puredeco.nl/speelhal-maasmechelen/,1,10
https://puredeco.nl/speelhal-oudenaarde/,1,10
https://puredeco.nl/wat-is-de-beste-goksite/,1,10
https://puredeco.nl/1-euro-storten-casino-belgie/,0,10
https://puredeco.nl/10-euro-free-bet-bij-registratie-casino/,0,10
https://puredeco.nl/10-gratis-spins-belgie/,0,10
https://puredeco.nl/21red-casino-review-en-ervaringen-2026/,0,10
https://puredeco.nl/5-euro-casino-storting/,0,10
https://puredeco.nl/75-gratis-spins-bij-registratie/,0,10
https://puredeco.nl/aanbieders-online-gokken/,0,10
https://puredeco.nl/anoniem-gokken-online/,0,10
https://puredeco.nl/bc-game-casino-bonus-zonder-storting-2026/,0,10
https://puredeco.nl/beste-blackjack-hoge-inzet/,0,10
https://puredeco.nl/beste-casino-site-snelle-uitbetaling/,0,10
https://puredeco.nl/beste-casino-voor-android/,0,10
https://puredeco.nl/beste-gokkast-casino-online/,0,10
https://puredeco.nl/beste-gokken-crypto-nederland/,0,10
https://puredeco.nl/beste-goksite-met-revolut/,0,10
https://puredeco.nl/beste-online-casino-mastercard-nederland/,0,10
https://puredeco.nl/beste-online-casino-trustly-nederland/,0,10
https://puredeco.nl/beste-online-casino-voor-belgen/,0,10
https://puredeco.nl/beste-online-casino-zonder-storting/,0,10
https://puredeco.nl/beste-progressieve-jackpot-gokkasten/,0,10
https://puredeco.nl/beste-slingo-bingo/,0,10
https://puredeco.nl/betcity-casino-bonuscode-en-promoties-2026/,0,10
https://puredeco.nl/betrouwbaar-micro-stakes-casino/,0,10
https://puredeco.nl/betrouwbaar-online-casino-lage-inzet/,0,10
https://puredeco.nl/betrouwbaar-online-casino-nederland-mobiel/,0,10
https://puredeco.nl/betrouwbaar-online-casino-skrill/,0,10
https://puredeco.nl/bingo-casino-spelen/,0,10
https://puredeco.nl/blackjack-1-euro-inzet/,0,10
https://puredeco.nl/blackjack-casino-ethereum/,0,10
https://puredeco.nl/blackjack-echt-geld-inzetten/,0,10
https://puredeco.nl/blackjack-vanaf-100-euro/,0,10
https://puredeco.nl/bonus-buy-gokkasten-spelen-voor-geld/,0,10
https://puredeco.nl/bonus-code-casino-ideal/,0,10
https://puredeco.nl/casino-10-euro-minimum/,0,10
https://puredeco.nl/casino-20-euro-gratis-geld-nederland/,0,10
https://puredeco.nl/casino-bancontact-bonus/,0,10
https://puredeco.nl/casino-belgie-paysafecard/,0,10
https://puredeco.nl/casino-bonus-juli-2026/,0,10
https://puredeco.nl/casino-bonus-zonder-rondspelen/,0,10
https://puredeco.nl/casino-etterbeek/,0,10
https://puredeco.nl/casino-met-isoftbet-spellen/,0,10
https://puredeco.nl/casino-uitbetaling-via-prepaid-kaart/,0,10
https://puredeco.nl/casino-voor-computer-nederland/,0,10
https://puredeco.nl/casino-zonder-cruks-welkomstbonus/,0,10
https://puredeco.nl/casinolab-casino-review-en-ervaringen-2026/,0,10
https://puredeco.nl/dice-met-ideal/,0,10
https://puredeco.nl/directeur-nederlands-casino/,0,10
https://puredeco.nl/fair-play-casino-bonus-zonder-storting-2026/,0,10
https://puredeco.nl/flashdash-casino-review-en-ervaringen-2026/,0,10
https://puredeco.nl/gokkasten-met-bonus-buy/,0,10
https://puredeco.nl/gokkasten-met-multiplier-zonder-cruks/,0,10
https://puredeco.nl/gokkasten-met-scatter-spelen/,0,10
https://puredeco.nl/gokkasten-met-wild-online/,0,10
https://puredeco.nl/gokkasten-site-review-nederland/,0,10
https://puredeco.nl/gokken-met-je-telefoon/,0,10
https://puredeco.nl/gokken-via-telefoon/,0,10
https://puredeco.nl/goksite-betalen-met-bankoverschrijving/,0,10
https://puredeco.nl/goksite-met-gratis-speelgeld-nederland/,0,10
https://puredeco.nl/goksite-mobiel-nederland/,0,10
https://puredeco.nl/goksite-voor-ouderen/,0,10
https://puredeco.nl/gokwebsites-nederland-casino/,0,10
https://puredeco.nl/grand-mondial-casino-gratis-spins-zonder-deposit/,0,10
https://puredeco.nl/gratis-geld-casino-ervaringen/,0,10
https://puredeco.nl/instant-play-casino-nederland/,0,10
https://puredeco.nl/jackpot-gokkasten-hoge-inzet/,0,10
https://puredeco.nl/lala-stars-casino-review-en-ervaringen-2026/,0,10
https://puredeco.nl/lalabet-casino-review-en-ervaringen-2026/,0,10
https://puredeco.nl/lapilanders-casino-bonus-zonder-storting-2026/,0,10
https://puredeco.nl/legaal-casino-site-met-ideal/,0,10
https://puredeco.nl/legaal-casino-site-met-live-dealer/,0,10
https://puredeco.nl/legaal-casino-site-nederland-lage-inzet/,0,10
https://puredeco.nl/legaal-online-casino-snelle-uitbetaling/,0,10
https://puredeco.nl/lightning-roulette-spelen/,0,10
https://puredeco.nl/live-casino-eindhoven/,0,10
https://puredeco.nl/low-deposit-casino-ervaringen/,0,10
https://puredeco.nl/manga-casino-review-en-ervaringen-2026/,0,10
https://puredeco.nl/meest-populaire-bitcoin-casino-nederland/,0,10
https://puredeco.nl/meeste-cashback-casino/,0,10
https://puredeco.nl/mega-wheel-casino/,0,10
https://puredeco.nl/mobile-friendly-online-casino/,0,10
https://puredeco.nl/monixbet-casino-review-en-ervaringen-2026/,0,10
https://puredeco.nl/nederlandse-casino-winst-uitkeren/,0,10
https://puredeco.nl/nieuw-casino-goes/,0,10
https://puredeco.nl/nieuwe-casino-belgie-voor-beginners/,0,10
https://puredeco.nl/nieuwe-casino-middelkerke/,0,10
https://puredeco.nl/nieuwe-casino-zonder-licentie/,0,10
https://puredeco.nl/nieuwe-crypto-casino-nederland/,0,10
https://puredeco.nl/nieuwe-gokkasten-met-sticky-wilds/,0,10
https://puredeco.nl/nieuwe-keno-casino-nederland/,0,10
https://puredeco.nl/beste-kansspelen/,0,10
https://puredeco.nl/online-blackjack-zonder-cruks/,0,10
https://puredeco.nl/online-casino-150-euro-bonus/,0,10
https://puredeco.nl/online-casino-crypto-nederland/,0,10
https://puredeco.nl/online-casino-met-isoftbet-spellen/,0,10
https://puredeco.nl/online-casino-met-virtuele-sporten/,0,10
https://puredeco.nl/online-casino-minimum-storting-10-euro/,0,10
https://puredeco.nl/online-casino-nederlandse-klantenservice-nederland/,0,10
https://puredeco.nl/online-casino-uitbetaling-48-uur/,0,10
https://puredeco.nl/online-casino-winst/,0,10
https://puredeco.nl/online-casino-zottegem/,0,10
https://puredeco.nl/online-roulette-neteller/,0,10
https://puredeco.nl/pasen-gokkasten-online/,0,10
https://puredeco.nl/peppermill-casino-welkomstbonus-eerste-storting/,0,10
https://puredeco.nl/polder-casino-gratis-spins-zonder-deposit/,0,10
https://puredeco.nl/populairste-bingo-casino-nederland/,0,10
https://puredeco.nl/populairste-casino-site-nederland-met-vergunning/,0,10
https://puredeco.nl/prive-casino-gratis-spins-zonder-deposit/,0,10
https://puredeco.nl/regent-play-casino-review-en-ervaringen-2026/,0,10
https://puredeco.nl/roulette-betalen-met-revolut/,0,10
https://puredeco.nl/roulette-minimum-storting/,0,10
https://puredeco.nl/single-deck-blackjack-online/,0,10
https://puredeco.nl/slingo-bingo-casino/,0,10
https://puredeco.nl/speelhal-elst/,0,10
https://puredeco.nl/speelhal-oostende/,0,10
https://puredeco.nl/spinstellar-casino-review-en-ervaringen-2026/,0,10
https://puredeco.nl/top-10-goksites-2026/,0,10
https://puredeco.nl/top-20-casino-app-nederland-2026/,0,10
https://puredeco.nl/top-20-casino-site/,0,10
https://puredeco.nl/top-5-casino-app-nederland-2026/,0,10
https://puredeco.nl/try-out-pakket-casino/,0,10
https://puredeco.nl/voor-iphone-online-casino/,0,10
https://puredeco.nl/waar-kan-ik-gokken-met-trustly/,0,10
https://puredeco.nl/waar-kan-ik-lightning-roulette-spelen/,0,10
https://puredeco.nl/welke-casino-heeft-de-mooiste-gokkasten/,0,10
https://puredeco.nl/welkomstbonus-100-euro-casino/,0,10
https://puredeco.nl/winstuitkering-roulette/,0,10
https://puredeco.nl/zodiac-casino-gratis-spins-zonder-deposit/,0,10
https://puredeco.nl/beste-gokken-prepaid-kaart-nederland/,1,9
https://puredeco.nl/online-casino-spelen-echt-geld/,1,9
https://puredeco.nl/speelautomaten-dendermonde/,1,9
https://puredeco.nl/100-bonus-casino-nederland/,0,9
https://puredeco.nl/20-euro-storten-casino-paypal/,0,9
https://puredeco.nl/3-euro-storten-casino-nederland/,0,9
https://puredeco.nl/3-euro-storten-online-casino/,0,9
https://puredeco.nl/888-casino-bonus-zonder-storting-2026/,0,9
https://puredeco.nl/90-ball-bingo-spelen/,0,9
https://puredeco.nl/alle-gokkasten-op-een-rij/,0,9
https://puredeco.nl/alle-online-casino-belgie/,0,9
https://puredeco.nl/baccarat-storten-bitcoin/,0,9
https://puredeco.nl/becasino-casino-gratis-spins-zonder-deposit/,0,9
https://puredeco.nl/beste-casino-met-loyalty-programma/,0,9
https://puredeco.nl/beste-double-ball-roulette-casino/,0,9
https://puredeco.nl/beste-flash-casino-online/,0,9
https://puredeco.nl/beste-free-bet-blackjack-nederland/,0,9
https://puredeco.nl/beste-gokkasten-met-megaways/,0,9
https://puredeco.nl/beste-gokken-bankoverschrijving-nederland/,0,9
https://puredeco.nl/beste-goksite-belgie-bonus/,0,9
https://puredeco.nl/beste-kans-met-roulette/,0,9
https://puredeco.nl/beste-online-casino-neteller-nederland/,0,9
https://puredeco.nl/beste-side-bet-city-casino/,0,9
https://puredeco.nl/beste-sociaal-casino/,0,9
https://puredeco.nl/betrouwbaar-online-casino-belgie-met-gratis-spins/,0,9
https://puredeco.nl/betrouwbaar-online-casino-zonder-cruks/,0,9
https://puredeco.nl/betzard-casino-bonuscode-en-promoties-2026/,0,9
https://puredeco.nl/blackjack-live-spelen/,0,9
https://puredeco.nl/blackjack-uitgelegd/,0,9
https://puredeco.nl/blitz-casino-review-en-ervaringen-2026/,0,9
https://puredeco.nl/boomerino-casino-gratis-spins-zonder-deposit/,0,9
https://puredeco.nl/bruce-pokies-casino-bonus-zonder-storting-2026/,0,9
https://puredeco.nl/caribbean-stud-poker-met-bonus/,0,9
https://puredeco.nl/caribbean-stud-poker-spelen/,0,9
https://puredeco.nl/casino-15-euro-bonus/,0,9
https://puredeco.nl/casino-20-euro-bonus-nederland/,0,9
https://puredeco.nl/casino-25-euro-bonus/,0,9
https://puredeco.nl/casino-bonus-50-gratis-spins/,0,9
https://puredeco.nl/casino-bonus-den-haag/,0,9
https://puredeco.nl/casino-bonus-zonder-wagering/,0,9
https://puredeco.nl/casino-de-panne-restaurant/,0,9
https://puredeco.nl/casino-eerste-storting-bonus-met-paysafecard/,0,9
https://puredeco.nl/casino-geen-storting-nodig/,0,9
https://puredeco.nl/casino-gratis-geld-belgie/,0,9
https://puredeco.nl/casino-netent-spellen-nederland/,0,9
https://puredeco.nl/chalkwins-casino-review-en-ervaringen-2026/,0,9
https://puredeco.nl/echt-geld-winnen-met-bingo/,0,9
https://puredeco.nl/free-bet-blackjack-casino-nederland/,0,9
https://puredeco.nl/fruit-gokkasten-spelen-voor-geld/,0,9
https://puredeco.nl/gangsta-casino-gratis-spins-zonder-deposit/,0,9
https://puredeco.nl/geen-account-casino/,0,9
https://puredeco.nl/goedkoopste-bitcoin-casino-nederland/,0,9
https://puredeco.nl/gokautomaten-engels/,0,9
https://puredeco.nl/gokkasten-echt-geld-inzetten/,0,9
https://puredeco.nl/gokkasten-met-gamble-feature-nederland/,0,9
https://puredeco.nl/gokkasten-met-medium-volatiliteit/,0,9
https://puredeco.nl/gokkasten-met-multiplier-casino-nederland/,0,9
https://puredeco.nl/gokkasten-minimum-1-euro/,0,9
https://puredeco.nl/gokken-betalen-met-creditcard/,0,9
https://puredeco.nl/gokken-ideal-nederland/,0,9
https://puredeco.nl/gokken-met-gratis-welkomstbonus/,0,9
https://puredeco.nl/gokken-vanaf-10-euro/,0,9
https://puredeco.nl/gokken-weddenschappen/,0,9
https://puredeco.nl/goksite-snelle-uitbetaling-nederland/,0,9
https://puredeco.nl/goksite-zonder-licentie/,0,9
https://puredeco.nl/gokspel-online-casino/,0,9
https://puredeco.nl/goldrun-casino-bonus-zonder-storting-2026/,0,9
https://puredeco.nl/grand-mondial-casino-bonuscode-en-promoties-2026/,0,9
https://puredeco.nl/gratis-casino-geld-zonder-storten-nederland/,0,9
https://puredeco.nl/gratis-echt-geld-casino-zonder-storten/,0,9
https://puredeco.nl/gratis-geld-bonus-zonder-storting-casino/,0,9
https://puredeco.nl/gratis-welkomstbonus-casino-nederland/,0,9
https://puredeco.nl/hommerson-casino-bonus-zonder-storting-2026/,0,9
https://puredeco.nl/hoogste-gratis-geld-bonus-online-casino/,0,9
https://puredeco.nl/joker-gokkasten/,0,9
https://puredeco.nl/ladbrokes-casino-welkomstbonus-eerste-storting/,0,9
https://puredeco.nl/legaal-casino-nederland-zonder-cruks/,0,9
https://puredeco.nl/legaal-casino-site-nederland-zonder-cruks/,0,9
https://puredeco.nl/legaal-goksite-nederland-met-gratis-spins/,0,9
https://puredeco.nl/legaal-goksite-voor-highrollers/,0,9
https://puredeco.nl/leuke-bingo-prijzen-volwassenen/,0,9
https://puredeco.nl/live-poker-spelen/,0,9
https://puredeco.nl/loki-casino-review-en-ervaringen-2026/,0,9
https://puredeco.nl/lucky-blackjack-casino-nederland/,0,9
https://puredeco.nl/meest-populaire-goksites-nederland/,0,9
https://puredeco.nl/megaways-gokkasten-spelen-voor-geld/,0,9
https://puredeco.nl/megaways-gokkasten-voor-geld/,0,9
https://puredeco.nl/met-loyalty-programma-casino-nederland/,0,9
https://puredeco.nl/mini-roulette-online-nederland/,0,9
https://puredeco.nl/mobiel-casino-bonus/,0,9
https://puredeco.nl/mrgreen-casino-bonuscode-en-promoties-2026/,0,9
https://puredeco.nl/nieuw-casino-bussum/,0,9
https://puredeco.nl/nieuw-casino-met-bancontact/,0,9
https://puredeco.nl/nieuwe-online-casino-belgie-met-bonus/,0,9
https://puredeco.nl/nieuwe-online-casino-europa/,0,9
https://puredeco.nl/nieuwe-online-casino-nederland-met-cashback/,0,9
https://puredeco.nl/no-deposit-bonus-2026-online-casino/,0,9
https://puredeco.nl/live-punto-banco-spelen/,0,9
https://puredeco.nl/online-casino-1-euro-bonus/,0,9
https://puredeco.nl/online-casino-100-euro-bonus/,0,9
https://puredeco.nl/online-casino-brasschaat/,0,9
https://puredeco.nl/online-casino-in-nederland/,0,9
https://puredeco.nl/online-casino-uitbetaling-neteller/,0,9
https://puredeco.nl/online-gokken-wordt-legaal/,0,9
https://puredeco.nl/online-jackpot-slots-spelen/,0,9
https://puredeco.nl/online-live-casino-ideal/,0,9
https://puredeco.nl/online-slots-paysafecard/,0,9
https://puredeco.nl/poker-litecoin/,0,9
https://puredeco.nl/populairste-goksite-met-ideal/,0,9
https://puredeco.nl/punto-banco-casino-vs/,0,9
https://puredeco.nl/roulette-geld-inzetten/,0,9
https://puredeco.nl/roulette-storten-ideal/,0,9
https://puredeco.nl/roulette-zonder-registratie/,0,9
https://puredeco.nl/samiland-casino-review-en-ervaringen-2026/,0,9
https://puredeco.nl/snelle-uitbetaling-casino-ideal/,0,9
https://puredeco.nl/speelhal-antwerpen/,0,9
https://puredeco.nl/speelhal-middelkerke/,0,9
https://puredeco.nl/speelhal-woerden/,0,9
https://puredeco.nl/texas-holdem-poker-nederland/,0,9
https://puredeco.nl/top-10-online-casino-belgie/,0,9
https://puredeco.nl/top-20-casino-nederland/,0,9
https://puredeco.nl/true-luck-casino-gratis-spins-zonder-deposit/,0,9
https://puredeco.nl/vbet-casino-bonus-zonder-storting-2026/,0,9
https://puredeco.nl/vegasino-casino-bonuscode-en-promoties-2026/,0,9
https://puredeco.nl/video-gokkasten-minimum-inzet/,0,9
https://puredeco.nl/video-poker-casino-lijst/,0,9
https://puredeco.nl/video-poker-casino-review/,0,9
https://puredeco.nl/waar-kan-ik-american-blackjack-spelen/,0,9
https://puredeco.nl/waar-mogen-gokkasten-staan/,0,9
https://puredeco.nl/wedden-op-sport-met-bonus/,0,9
https://puredeco.nl/welk-casino-heeft-elk-studios-spellen/,0,9
https://puredeco.nl/welk-casino-heeft-red-tiger-spellen/,0,9
https://puredeco.nl/zonder-bonus-casino-nederland/,0,9
https://puredeco.nl/rizz-casino-gratis-spins-zonder-deposit/,2,8
https://puredeco.nl/100-euro-no-deposit-bonus-casino/,1,8
https://puredeco.nl/online-casino-met-gratis-speelgeld-nederland/,1,8
https://puredeco.nl/welke-online-casino/,1,8
https://puredeco.nl/100-euro-gratis-speelgeld-casino/,0,8
https://puredeco.nl/2-euro-storten-casino/,0,8
https://puredeco.nl/20-euro-gratis-casino-bonus/,0,8
https://puredeco.nl/250-casino-bonus/,0,8
https://puredeco.nl/300-stortingsbonus-casino/,0,8
https://puredeco.nl/3d-gokkasten-casino-nederland/,0,8
https://puredeco.nl/50-euro-gratis-geld-bij-registratie-casino/,0,8
https://puredeco.nl/777-casino-bonuscode-en-promoties-2026/,0,8
https://puredeco.nl/777-casino-gratis-spins-zonder-deposit/,0,8
https://puredeco.nl/baccarat-casino-zonder-cruks/,0,8
https://puredeco.nl/beste-amerikaanse-roulette-casino/,0,8
https://puredeco.nl/beste-buitenlandse-casino-voor-nederlanders/,0,8
https://puredeco.nl/beste-casino-apple-pay-nederland/,0,8
https://puredeco.nl/beste-casino-dendermonde/,0,8
https://puredeco.nl/beste-casino-geen-limiet/,0,8
https://puredeco.nl/beste-casino-gok-app/,0,8
https://puredeco.nl/beste-casino-knokke/,0,8
https://puredeco.nl/beste-casino-met-live-dealer/,0,8
https://puredeco.nl/beste-casino-zonder-download/,0,8
https://puredeco.nl/beste-gokkasten-casino-bredene/,0,8
https://puredeco.nl/beste-gokken-met-paysafecard/,0,8
https://puredeco.nl/beste-jackpot-gokkasten-nederland/,0,8
https://puredeco.nl/beste-online-gokken/,0,8
https://puredeco.nl/beste-roulette-casino-nederland/,0,8
https://puredeco.nl/beste-roulette-nederland/,0,8
https://puredeco.nl/beste-startbonus-online-casino/,0,8
https://puredeco.nl/betaald-video-poker-online/,0,8
https://puredeco.nl/betrouwbaar-goksite-met-welkomstbonus/,0,8
https://puredeco.nl/bets-io-casino-welkomstbonus-eerste-storting/,0,8
https://puredeco.nl/bingo-casino-ideal/,0,8
https://puredeco.nl/bingo-digitaal-klokkijken/,0,8
https://puredeco.nl/bingo-snelle-uitbetaling-nederland/,0,8
https://puredeco.nl/bingo-uitbetaling-neteller/,0,8
https://puredeco.nl/bitcoin-casino-test/,0,8
https://puredeco.nl/blackjack-zonder-storting/,0,8
https://puredeco.nl/bonus-buy-gokkasten-nederland/,0,8
https://puredeco.nl/bonus-code-casino-crypto/,0,8
https://puredeco.nl/bonus-tot-100-euro-casino/,0,8
https://puredeco.nl/boomerino-casino-review-en-ervaringen-2026/,0,8
https://puredeco.nl/bouw-nieuw-casino-venlo/,0,8
https://puredeco.nl/brutal-casino-review-en-ervaringen-2026/,0,8
https://puredeco.nl/cascading-gokkasten-voor-geld/,0,8
https://puredeco.nl/casino-2-euro-inzet/,0,8
https://puredeco.nl/casino-belgie-minimum-storting-2-euro/,0,8
https://puredeco.nl/casino-blankenberge-parking/,0,8
https://puredeco.nl/casino-dat-google-pay-accepteert/,0,8
https://puredeco.nl/casino-geld-storten/,0,8
https://puredeco.nl/casino-gok-app/,0,8
https://puredeco.nl/casino-hoge-volatiliteit-gokkasten/,0,8
https://puredeco.nl/casino-no-deposit-bonus-met-paypal/,0,8
https://puredeco.nl/casino-spellen-lijst/,0,8
https://puredeco.nl/casino-uitbetaling-binnen-48-uur/,0,8
https://puredeco.nl/casino-uitbetaling-via-revolut/,0,8
https://puredeco.nl/casino-waar-je-kunt-storten-met-sms/,0,8
https://puredeco.nl/crazy-time-casino-nederland/,0,8
https://puredeco.nl/dice-uitbetaling-bitcoin/,0,8
https://puredeco.nl/ethereum-casino-nederland-online/,0,8
https://puredeco.nl/farao-gokkasten-echt-geld/,0,8
https://puredeco.nl/franse-roulette-casino/,0,8
https://puredeco.nl/goede-online-goksites/,0,8
https://puredeco.nl/gokkast-lotus-spelen/,0,8
https://puredeco.nl/gokkasten-casino-met-free-spins/,0,8
https://puredeco.nl/gokkasten-met-multiplier-hoge-inzet/,0,8
https://puredeco.nl/gokkasten-minimum-10-cent/,0,8
https://puredeco.nl/gokkasten-site-lijst/,0,8
https://puredeco.nl/gokkasten-uitbetaling-neteller/,0,8
https://puredeco.nl/gokken-account-aanmaken/,0,8
https://puredeco.nl/gokken-deze-maand/,0,8
https://puredeco.nl/gokken-in-moordrecht/,0,8
https://puredeco.nl/gokken-met-progressieve-jackpot/,0,8
https://puredeco.nl/gokken-online-legaal/,0,8
https://puredeco.nl/gokken-zonder-documenten-nederland/,0,8
https://puredeco.nl/goksite-betalen-met-google-pay/,0,8
https://puredeco.nl/goksite-dagelijkse-bonus/,0,8
https://puredeco.nl/goksites-top-10/,0,8
https://puredeco.nl/gokspel-casino/,0,8
https://puredeco.nl/golden-palace-casino-bonuscode-en-promoties-2026/,0,8
https://puredeco.nl/gratis-casino-spellen-spelen-zonder-registratie/,0,8
https://puredeco.nl/gratis-gokken-met-echt-geld/,0,8
https://puredeco.nl/gratis-registratie-bonus-casino/,0,8
https://puredeco.nl/gratis-spins-zonder-storting-casino-nederland/,0,8
https://puredeco.nl/grootste-online-casino-nederland/,0,8
https://puredeco.nl/hashlucky-casino-bonuscode-en-promoties-2026/,0,8
https://puredeco.nl/highroller-bonus-online-casino/,0,8
https://puredeco.nl/highroller-casino-nederland/,0,8
https://puredeco.nl/hoogste-cashback-bonus-casino/,0,8
https://puredeco.nl/hoogste-gratis-spins-zonder-storting-casino/,0,8
https://puredeco.nl/hoogste-verrassingsbonus-online-casino/,0,8
https://puredeco.nl/irish-slots-spelen/,0,8
https://puredeco.nl/jackpot-gokkasten-online/,0,8
https://puredeco.nl/jacks-nl-casino-bonus-zonder-storting-2026/,0,8
https://puredeco.nl/justbit-casino-bonus-zonder-storting-2026/,0,8
https://puredeco.nl/legaal-bitcoin-casino/,0,8
https://puredeco.nl/legaal-online-casino-belgie-zonder-cruks/,0,8
https://puredeco.nl/legaal-roulette-casino/,0,8
https://puredeco.nl/lijst-van-gokkasten/,0,8
https://puredeco.nl/live-casino-met-bancontact-belgie/,0,8
https://puredeco.nl/live-casino-sites-nederland/,0,8
https://puredeco.nl/live-punto-banco-bonus/,0,8
https://puredeco.nl/livescore-bet-casino-gratis-spins-zonder-deposit/,0,8
https://puredeco.nl/lupin-casino-bonuscode-en-promoties-2026/,0,8
https://puredeco.nl/lupin-casino-welkomstbonus-eerste-storting/,0,8
https://puredeco.nl/megaways-gokkasten-online-nederland/,0,8
https://puredeco.nl/micro-stakes-casino-bonus/,0,8
https://puredeco.nl/nederlandse-vergunning-casino-nederland/,0,8
https://puredeco.nl/neteller-online-casino/,0,8
https://puredeco.nl/nieuw-casino-hardenberg/,0,8
https://puredeco.nl/nieuwe-casino-site-nederland-2025/,0,8
https://puredeco.nl/nieuwe-dobbelspel-casino/,0,8
https://puredeco.nl/nieuwe-goksite-2026/,0,8
https://puredeco.nl/nieuwe-goksite-met-live-dealer/,0,8
https://puredeco.nl/nieuwe-lucky-gokkasten/,0,8
https://puredeco.nl/nieuwe-online-blackjack/,0,8
https://puredeco.nl/nieuwe-sic-bo-casino-nederland/,0,8
https://puredeco.nl/legaal-krasloten-site/,0,8
https://puredeco.nl/oceaan-gokkasten-echt-geld/,0,8
https://puredeco.nl/online-adventure-slots-spelen/,0,8
https://puredeco.nl/online-casino-aarschot/,0,8
https://puredeco.nl/online-casino-betalen-met-ethereum/,0,8
https://puredeco.nl/online-casino-betalen-met-prepaid-kaart/,0,8
https://puredeco.nl/online-casino-bonus-zonder-storting-nederland/,0,8
https://puredeco.nl/online-casino-lage-storting-2026/,0,8
https://puredeco.nl/online-casino-met-licentie-nederland/,0,8
https://puredeco.nl/online-casino-met-relax-gaming-spellen/,0,8
https://puredeco.nl/online-casino-uitbetaling-ervaringen/,0,8
https://puredeco.nl/online-casino-vanaf-15-euro/,0,8
https://puredeco.nl/online-casino-vanaf-5-euro/,0,8
https://puredeco.nl/online-casino-zonder-registratie-2025/,0,8
https://puredeco.nl/online-gokken-belgie-voor-beginners/,0,8
https://puredeco.nl/online-gokken-echt-geld/,0,8
https://puredeco.nl/online-gokken-met-telefoon-betalen/,0,8
https://puredeco.nl/online-roulette-voor-geld-nederland/,0,8
https://puredeco.nl/populairste-casino-site-belgie-met-gratis-spins/,0,8
https://puredeco.nl/populairste-casino-site-nederland-hoge-inzet/,0,8
https://puredeco.nl/populairste-casino-site-nederland-met-gratis-spins/,0,8
https://puredeco.nl/populairste-goksite-zonder-cruks/,0,8
https://puredeco.nl/populairste-online-casino-met-welkomstbonus/,0,8
https://puredeco.nl/retro-casino-nederland/,0,8
https://puredeco.nl/roulette-aanbieders-nederland/,0,8
https://puredeco.nl/roulette-echt-geld/,0,8
https://puredeco.nl/roulette-mechelen/,0,8
https://puredeco.nl/royal-panda-casino-bonuscode-en-promoties-2026/,0,8
https://puredeco.nl/slottica-casino-gratis-spins-zonder-deposit/,0,8
https://puredeco.nl/sociaal-casino-nederland/,0,8
https://puredeco.nl/space-andromeda-casino-bonuscode-en-promoties-2026/,0,8
https://puredeco.nl/speed-roulette-spelen-voor-geld/,0,8
https://puredeco.nl/speelhal-hoogezand/,0,8
https://puredeco.nl/speelhal-lokeren/,0,8
https://puredeco.nl/sprookje-gokkasten/,0,8
https://puredeco.nl/tahiti-casino-gratis-spins-zonder-deposit/,0,8
https://puredeco.nl/top-20-casino-site-2025/,0,8
https://puredeco.nl/top-5-goksites-belgie/,0,8
https://puredeco.nl/true-luck-casino-bonus-zonder-storting-2026/,0,8
https://puredeco.nl/verjaardagsbonus-zonder-storting-casino/,0,8
https://puredeco.nl/video-poker-app-nederland/,0,8
https://puredeco.nl/voetbal-gokkasten-met-bonus/,0,8
https://puredeco.nl/waar-kan-ik-baccarat-spelen-voor-geld/,0,8
https://puredeco.nl/waar-kan-ik-blackjack-switch-spelen/,0,8
https://puredeco.nl/waar-kan-ik-european-blackjack-spelen/,0,8
https://puredeco.nl/waar-kan-ik-gokken-met-litecoin/,0,8
https://puredeco.nl/waar-kan-ik-pirate-slots-spelen/,0,8
https://puredeco.nl/waar-kan-ik-roulette-wheel-spelen/,0,8
https://puredeco.nl/welk-casino-heeft-de-beste-blackjack/,0,8
https://puredeco.nl/welke-casino-accepteert-skrill/,0,8
https://puredeco.nl/welkomstbonus-300-euro-casino/,0,8
https://puredeco.nl/winnitt-casino-bonus-zonder-storting-2026/,0,8
https://puredeco.nl/zinkra-casino-bonus-zonder-storting-2026/,0,8
https://puredeco.nl/beste-gokkasten-zonder-cruks/,1,7
https://puredeco.nl/beste-weekend-bonus-online-casino/,1,7
https://puredeco.nl/betnation-casino-bonuscode-en-promoties-2026/,1,7
https://puredeco.nl/defi-casino/,1,7
https://puredeco.nl/goedkoopste-online-casino-2026/,1,7
https://puredeco.nl/nieuwe-online-casino-nederland-2025/,1,7
https://puredeco.nl/online-casino-makkelijk-uitbetalen/,1,7
https://puredeco.nl/online-casino-noord-brabant/,1,7
https://puredeco.nl/speel-online-casino/,1,7
https://puredeco.nl/top-5-casino-site-nederland-2025/,1,7
https://puredeco.nl/15-free-spins-no-deposit/,0,7
https://puredeco.nl/20-free-spins-no-deposit/,0,7
https://puredeco.nl/250-bonus-casino-nederland/,0,7
https://puredeco.nl/5-gratis-spins-bij-registratie/,0,7
https://puredeco.nl/amerikaanse-roulette-online-nederland/,0,7
https://puredeco.nl/batavia-casino-gratis-spins-zonder-deposit/,0,7
https://puredeco.nl/beste-500-casino-bonus/,0,7
https://puredeco.nl/beste-bonuscode-online-casino/,0,7
https://puredeco.nl/beste-cash-or-crash-live-casino/,0,7
https://puredeco.nl/beste-casino-brussel/,0,7
https://puredeco.nl/beste-casino-limburg/,0,7
https://puredeco.nl/beste-casino-met-microgaming-spellen/,0,7
https://puredeco.nl/beste-casino-site-met-cashback/,0,7
https://puredeco.nl/beste-casino-snelle-uitbetaling/,0,7
https://puredeco.nl/beste-casino-zemst/,0,7
https://puredeco.nl/beste-game-show-casino-nederland/,0,7
https://puredeco.nl/beste-game-show-casino/,0,7
https://puredeco.nl/beste-live-casino-met-cruks/,0,7
https://puredeco.nl/beste-online-casino-bankoverschrijving-nederland/,0,7
https://puredeco.nl/beste-online-casino-met-free-spins/,0,7
https://puredeco.nl/beste-risico-vrije-weddenschap-nederland/,0,7
https://puredeco.nl/beste-roulette-zonder-storting/,0,7
https://puredeco.nl/betrouwbaar-casino-bancontact-belgie/,0,7
https://puredeco.nl/betrouwbaar-casino-zonder-cruks/,0,7
https://puredeco.nl/betrouwbaar-goksite-voor-highrollers/,0,7
https://puredeco.nl/betrouwbaarste-casino-app-2026/,0,7
https://puredeco.nl/betrouwbare-online-casino-lijst/,0,7
https://puredeco.nl/betybet-casino-bonuscode-en-promoties-2026/,0,7
https://puredeco.nl/bingo-aanbieding/,0,7
https://puredeco.nl/bingo-kaartjes-maken/,0,7
https://puredeco.nl/blackjack-ideal/,0,7
https://puredeco.nl/blackjack-mobiel/,0,7
https://puredeco.nl/blackjack-party-casino/,0,7
https://puredeco.nl/blackjack-uitbetaling-bitcoin/,0,7
https://puredeco.nl/boaboa-casino-welkomstbonus-eerste-storting/,0,7
https://puredeco.nl/bonus-tot-25-euro-casino/,0,7
https://puredeco.nl/bonus-tot-5-euro-casino/,0,7
https://puredeco.nl/cashback-casino-belgie/,0,7
https://puredeco.nl/casino-40-free-spins-zonder-storting/,0,7
https://puredeco.nl/casino-bij-luik/,0,7
https://puredeco.nl/casino-bitcoin/,0,7
https://puredeco.nl/casino-blankenberge-entree/,0,7
https://puredeco.nl/casino-bonus-10-gratis-spins/,0,7
https://puredeco.nl/casino-bonus-500-gratis-spins/,0,7
https://puredeco.nl/casino-bonus-snel-vrijspelen/,0,7
https://puredeco.nl/casino-brugge-met-bancontact/,0,7
https://puredeco.nl/casino-chaudfontaine-openingsuren/,0,7
https://puredeco.nl/casino-geld-opnemen-crypto/,0,7
https://puredeco.nl/casino-geld-winnen/,0,7
https://puredeco.nl/casino-geraardsbergen/,0,7
https://puredeco.nl/casino-knokke-dresscode/,0,7
https://puredeco.nl/casino-litecoin-uitbetaling/,0,7
https://puredeco.nl/casino-nieuwe-dag/,0,7
https://puredeco.nl/casino-storten-vanaf-1-euro/,0,7
https://puredeco.nl/casino-uitbetaling-binnen-2-uur/,0,7
https://puredeco.nl/casino-zonder-inzet-vereisten/,0,7
https://puredeco.nl/casino-zonder-licentie-lijst/,0,7
https://puredeco.nl/casino777-casino-bonus-zonder-storting-2026/,0,7
https://puredeco.nl/casumo-casino-gratis-spins-zonder-deposit/,0,7
https://puredeco.nl/caxino-casino-bonuscode-en-promoties-2026/,0,7
https://puredeco.nl/classic-blackjack-casino-nederland/,0,7
https://puredeco.nl/classic-slots-casino/,0,7
https://puredeco.nl/cruks-controle-casino/,0,7
https://puredeco.nl/crystalroll-casino-bonus-zonder-storting-2026/,0,7
https://puredeco.nl/demo-slots-spelen/,0,7
https://puredeco.nl/dice-casino-review/,0,7
https://puredeco.nl/digitale-gokkasten/,0,7
https://puredeco.nl/double-ball-roulette-uitbetaling/,0,7
https://puredeco.nl/dragon-tiger-casino-nederland/,0,7
https://puredeco.nl/dream-vegas-casino-bonus-zonder-storting-2026/,0,7
https://puredeco.nl/echeck-casino-nederland-online/,0,7
https://puredeco.nl/first-person-blackjack-casino/,0,7
https://puredeco.nl/fruit-gokkasten-hoge-inzet/,0,7
https://puredeco.nl/fruit-gokkasten-met-bonus/,0,7
https://puredeco.nl/goedkoopste-bitcoin-casino/,0,7
https://puredeco.nl/goedkoopste-goksite-nederland/,0,7
https://puredeco.nl/gokkasten-bonus-vergelijken/,0,7
https://puredeco.nl/gokkasten-casino-zonder-download/,0,7
https://puredeco.nl/gokkasten-met-scatter-casino-nederland/,0,7
https://puredeco.nl/gokkasten-retro-thema/,0,7
https://puredeco.nl/gokkasten-vrij-spelen/,0,7
https://puredeco.nl/gokken-google-pay-nederland/,0,7
https://puredeco.nl/gokken-hengelo/,0,7
https://puredeco.nl/gokken-in-nederland/,0,7
https://puredeco.nl/gokken-in-vlaams-brabant/,0,7
https://puredeco.nl/gokken-in-zemst/,0,7
https://puredeco.nl/gokken-met-google-pay/,0,7
https://puredeco.nl/gokken-online/,0,7
https://puredeco.nl/goksite-met-payconiq/,0,7
https://puredeco.nl/gokspellen-casino/,0,7
https://puredeco.nl/golden-palace-casino-welkomstbonus-eerste-storting/,0,7
https://puredeco.nl/golden-vegas-casino-bonuscode-en-promoties-2026/,0,7
https://puredeco.nl/gratis-spins-zonder-storting-belgie/,0,7
https://puredeco.nl/high-volatility-gokkasten-mobiel/,0,7
https://puredeco.nl/hoogste-reload-bonus-online-casino/,0,7
https://puredeco.nl/incognito-casino-bonus-zonder-storting-2026/,0,7
https://puredeco.nl/incognito-casino-welkomstbonus-eerste-storting/,0,7
https://puredeco.nl/instant-roulette-app/,0,7
https://puredeco.nl/instant-roulette-voor-geld/,0,7
https://puredeco.nl/inzet-blackjack-casino/,0,7
https://puredeco.nl/jack-s-casino-review-en-ervaringen-2026/,0,7
https://puredeco.nl/kans-casino/,0,7
https://puredeco.nl/kansspelen-casino/,0,7
https://puredeco.nl/klassiek-gokkasten-echt-geld/,0,7
https://puredeco.nl/krasloten-betaald-spelen/,0,7
https://puredeco.nl/legaal-casino-mechelen/,0,7
https://puredeco.nl/legaal-casino-site-belgie-met-crypto/,0,7
https://puredeco.nl/legaal-casino-site-nederland-mobiel/,0,7
https://puredeco.nl/lightning-blackjack-casino-nederland/,0,7
https://puredeco.nl/live-casino-crypto/,0,7
https://puredeco.nl/live-casino-met-lage-inzet-online/,0,7
https://puredeco.nl/loki-casino-welkomstbonus-eerste-storting/,0,7
https://puredeco.nl/lucky-blackjack-spelen/,0,7
https://puredeco.nl/luckygames-casino-review-en-ervaringen-2026/,0,7
https://puredeco.nl/magius-casino-review-en-ervaringen-2026/,0,7
https://puredeco.nl/mastercard-online-casino/,0,7
https://puredeco.nl/meervoud-bingo/,0,7
https://puredeco.nl/meest-betrouwbare-crypto-casino-nederland/,0,7
https://puredeco.nl/meest-populaire-casino-site-nederland-2026/,0,7
https://puredeco.nl/meest-populaire-goksites-belgie/,0,7
https://puredeco.nl/met-hoeveel-personen-kan-je-bingo-spelen/,0,7
https://puredeco.nl/multi-hand-blackjack-mobiel/,0,7
https://puredeco.nl/nederlandse-casino-bonus-zonder-storting/,0,7
https://puredeco.nl/nederlandstalig-online-casino/,0,7
https://puredeco.nl/nieuw-casino-hoogezand/,0,7
https://puredeco.nl/nieuwe-bitcoin-casino-2026/,0,7
https://puredeco.nl/nieuwe-casino-site-nederland-met-ideal/,0,7
https://puredeco.nl/nieuwe-goksite-met-loyalty-programma/,0,7
https://puredeco.nl/nieuwe-goksite-met-welkomstbonus/,0,7
https://puredeco.nl/nieuwe-happy-hour-bonus-casino/,0,7
https://puredeco.nl/nieuwe-scratch-cards-casino-nederland/,0,7
https://puredeco.nl/beste-live-game-shows/,0,7
https://puredeco.nl/beste-rad-van-fortuin-online/,0,7
https://puredeco.nl/dice-sites-nederland/,0,7
https://puredeco.nl/dobbelspel-voor-echt-geld-nederland/,0,7
https://puredeco.nl/live-keno-online/,0,7
https://puredeco.nl/olimpus-bet-casino-bonus-zonder-storting-2026/,0,7
https://puredeco.nl/online-bingo-met-uitbetaling/,0,7
https://puredeco.nl/online-casino-200-gratis-spins/,0,7
https://puredeco.nl/online-casino-buiten-cruks-nederland/,0,7
https://puredeco.nl/online-casino-echt-geld-visa-karte/,0,7
https://puredeco.nl/online-casino-met-big-time-gaming-spellen/,0,7
https://puredeco.nl/online-casino-met-jackpot/,0,7
https://puredeco.nl/online-casino-met-ksa-vergunning-nederland/,0,7
https://puredeco.nl/online-gokken-geen-vergunning/,0,7
https://puredeco.nl/online-goksites-legaal/,0,7
https://puredeco.nl/online-keno-visa/,0,7
https://puredeco.nl/oria-casino-bonus-zonder-storting-2026/,0,7
https://puredeco.nl/paddy-power-casino-bonus-zonder-storting-2026/,0,7
https://puredeco.nl/peppermill-casino-review-en-ervaringen-2026/,0,7
https://puredeco.nl/poker-casino-paypal/,0,7
https://puredeco.nl/populairste-baccarat-nederland/,0,7
https://puredeco.nl/populairste-casino-nederland-2025/,0,7
https://puredeco.nl/populairste-gokkasten-app/,0,7
https://puredeco.nl/populairste-goksites-2025/,0,7
https://puredeco.nl/registratie-bonus-casino-nederland/,0,7
https://puredeco.nl/roulette-bussum/,0,7
https://puredeco.nl/roulette-casino-neteller/,0,7
https://puredeco.nl/roulette-casino-prepaid-kaart/,0,7
https://puredeco.nl/roulette-hoe-werkt-het/,0,7
https://puredeco.nl/roulette-met-revolut/,0,7
https://puredeco.nl/roulette-met-welkomstbonus/,0,7
https://puredeco.nl/roulette-voor-geld-nederland/,0,7
https://puredeco.nl/royal-panda-casino-bonus-zonder-storting-2026/,0,7
https://puredeco.nl/salon-prive-blackjack-spelen/,0,7
https://puredeco.nl/scibet-casino-welkomstbonus-eerste-storting/,0,7
https://puredeco.nl/single-deck-blackjack-minimum-inzet/,0,7
https://puredeco.nl/slingo-spelen-casino/,0,7
https://puredeco.nl/slots-gratis-bonus/,0,7
https://puredeco.nl/sombrero-spins-casino-bonus-zonder-storting-2026/,0,7
https://puredeco.nl/space-andromeda-casino-bonus-zonder-storting-2026/,0,7
https://puredeco.nl/speelhal-vlaams-brabant/,0,7
https://puredeco.nl/speelhal-zottegem/,0,7
https://puredeco.nl/spin-panda-casino-bonuscode-en-promoties-2026/,0,7
https://puredeco.nl/spin-time-casino-gratis-spins-zonder-deposit/,0,7
https://puredeco.nl/spin-time-casino-review-en-ervaringen-2026/,0,7
https://puredeco.nl/star-casino-welkomstbonus-eerste-storting/,0,7
https://puredeco.nl/storten-en-opnemen-met-trustly-casino/,0,7
https://puredeco.nl/svenbet-casino-bonus-zonder-storting-2026/,0,7
https://puredeco.nl/taika-spins-casino-bonus-zonder-storting-2026/,0,7
https://puredeco.nl/tiptop-casino-gratis-spins-zonder-deposit/,0,7
https://puredeco.nl/veilig-online-bingo/,0,7
https://puredeco.nl/veilig-online-gokken-belgie/,0,7
https://puredeco.nl/video-gokkasten-uitbetaling/,0,7
https://puredeco.nl/waar-craps-spelen-online/,0,7
https://puredeco.nl/waar-kan-ik-classic-slots-spelen/,0,7
https://puredeco.nl/waar-kan-ik-craps-spelen-voor-geld/,0,7
https://puredeco.nl/waar-kan-ik-gokken-met-neteller/,0,7
https://puredeco.nl/waar-kan-ik-krasloten-spelen/,0,7
https://puredeco.nl/wat-is-beter-crypto-casino-of-normaal-casino/,0,7
https://puredeco.nl/welk-casino-accepteert-paysafecard/,0,7
https://puredeco.nl/welk-casino-heeft-relax-gaming-spellen/,0,7
https://puredeco.nl/welk-nummer-valt-vaak-bij-roulette/,0,7
https://puredeco.nl/welke-casino-app-is-betrouwbaar/,0,7
https://puredeco.nl/welke-casino-heeft-craps/,0,7
https://puredeco.nl/welke-online-casino-accepteert-google-pay/,0,7
https://puredeco.nl/welke-online-casino-heeft-vergunning/,0,7
https://puredeco.nl/welke-spelen-in-casino/,0,7
https://puredeco.nl/welke-spellen-heb-je-in-het-casino/,0,7
https://puredeco.nl/welkomstbonus-2026-casino/,0,7
https://puredeco.nl/wild-io-casino-bonuscode-en-promoties-2026/,0,7
https://puredeco.nl/xxxtreme-lightning-roulette-nederland/,0,7
https://puredeco.nl/yeti-casino-bonus-zonder-storting-2026/,0,7
https://puredeco.nl/zebet-casino-gratis-spins-zonder-deposit/,0,7
https://puredeco.nl/zodiac-bet-casino-gratis-spins-zonder-deposit/,0,7
https://puredeco.nl/15-euro-no-deposit-bonus-casino/,1,6
https://puredeco.nl/20-winlijnen-gokkasten/,1,6
https://puredeco.nl/amusementshal-drachten/,1,6
https://puredeco.nl/beste-blackjack-bonus-casino/,1,6
https://puredeco.nl/casino-zemst/,1,6
https://puredeco.nl/corgislot-casino-bonuscode-en-promoties-2026/,1,6
https://puredeco.nl/online-casino-voor-jongeren/,1,6
https://puredeco.nl/speelautomaten-deinze/,1,6
https://puredeco.nl/1-euro-gratis-casino-bonus/,0,6
https://puredeco.nl/1-euro-no-deposit-bonus-casino/,0,6
https://puredeco.nl/10-legale-goksites/,0,6
https://puredeco.nl/100-free-spins-no-deposit/,0,6
https://puredeco.nl/15-euro-storten-casino-nederland/,0,6
https://puredeco.nl/15-euro-storten-online-casino/,0,6
https://puredeco.nl/20-euro-gratis-gokken/,0,6
https://puredeco.nl/25-gratis-spins/,0,6
https://puredeco.nl/30bet-casino-review-en-ervaringen-2026/,0,6
https://puredeco.nl/50-euro-gratis-gokken/,0,6
https://puredeco.nl/500-bonus-casino-nederland/,0,6
https://puredeco.nl/777-casino-welkomstbonus-eerste-storting/,0,6
https://puredeco.nl/bc-game-casino-gratis-spins-zonder-deposit/,0,6
https://puredeco.nl/becasino-casino-review-en-ervaringen-2026/,0,6
https://puredeco.nl/belgische-goksite-bonus/,0,6
https://puredeco.nl/beste-animal-slots/,0,6
https://puredeco.nl/beste-baccarat-2026/,0,6
https://puredeco.nl/beste-baccarat-casino/,0,6
https://puredeco.nl/beste-bonuscode-nederland-casino/,0,6
https://puredeco.nl/beste-casino-bonus-mei/,0,6
https://puredeco.nl/beste-casino-hoge-limiet/,0,6
https://puredeco.nl/beste-casino-klarna/,0,6
https://puredeco.nl/beste-casino-luik/,0,6
https://puredeco.nl/beste-casino-mastercard-nederland/,0,6
https://puredeco.nl/beste-casino-nederland-lage-inzet/,0,6
https://puredeco.nl/beste-casino-roermond/,0,6
https://puredeco.nl/beste-casino-ronse/,0,6
https://puredeco.nl/beste-casino-site-nederland-mobiel/,0,6
https://puredeco.nl/beste-casino-site-nederland/,0,6
https://puredeco.nl/beste-casino-uitbetaling-dezelfde-dag-2026/,0,6
https://puredeco.nl/beste-crypto-casino-belgie/,0,6
https://puredeco.nl/beste-demo-casino/,0,6
https://puredeco.nl/beste-echt-geld-casino/,0,6
https://puredeco.nl/beste-first-person-blackjack-casino/,0,6
https://puredeco.nl/beste-free-bet-nederland-casino/,0,6
https://puredeco.nl/beste-free-bet-online-casino/,0,6
https://puredeco.nl/beste-gokkasten-bonus/,0,6
https://puredeco.nl/beste-gokkasten-casino/,0,6
https://puredeco.nl/beste-gokkasten-makkelijke-registratie/,0,6
https://puredeco.nl/beste-gokkasten-zonder-download/,0,6
https://puredeco.nl/beste-gokken-bitcoin-nederland/,0,6
https://puredeco.nl/beste-gokken-met-google-pay/,0,6
https://puredeco.nl/beste-goksite-belgie-met-vergunning/,0,6
https://puredeco.nl/beste-goksite-nederland-voor-beginners/,0,6
https://puredeco.nl/beste-goksite-neteller-nederland/,0,6
https://puredeco.nl/beste-kans-op-winst-casino/,0,6
https://puredeco.nl/beste-live-casino-mobiel/,0,6
https://puredeco.nl/beste-live-roulette/,0,6
https://puredeco.nl/beste-micro-stakes-casino/,0,6
https://puredeco.nl/beste-online-casino-laag-huisvoordeel/,0,6
https://puredeco.nl/beste-online-casino-met-loyalty-programma/,0,6
https://puredeco.nl/beste-pirate-slots/,0,6
https://puredeco.nl/beste-welkomstbonus-nederland-online-casino/,0,6
https://puredeco.nl/bet365-casino-bonus-zonder-storting-2026/,0,6
https://puredeco.nl/bethard-casino-bonus-zonder-storting-2026/,0,6
https://puredeco.nl/betmgm-casino-bonuscode-en-promoties-2026/,0,6
https://puredeco.nl/betpanda-io-casino-bonuscode-en-promoties-2026/,0,6
https://puredeco.nl/betrouwbaar-casino-aalst/,0,6
https://puredeco.nl/betrouwbaar-casino-prepaid-kaart/,0,6
https://puredeco.nl/betrouwbaar-casino-snelle-uitbetaling/,0,6
https://puredeco.nl/betrouwbaar-goksite-belgie-met-crypto/,0,6
https://puredeco.nl/betrouwbaar-online-casino-buitenland/,0,6
https://puredeco.nl/betrouwbaar-online-casino-met-live-dealer/,0,6
https://puredeco.nl/betrouwbaar-online-casino-visa/,0,6
https://puredeco.nl/betrouwbaar-premium-casino/,0,6
https://puredeco.nl/betrouwbaar-roulette-casino/,0,6
https://puredeco.nl/betrouwbaarste-online-casino-nederland-2025/,0,6
https://puredeco.nl/betsomnia-casino-bonuscode-en-promoties-2026/,0,6
https://puredeco.nl/betspino-casino-welkomstbonus-eerste-storting/,0,6
https://puredeco.nl/bingo-bonus-2025/,0,6
https://puredeco.nl/bingo-casino-paysafecard/,0,6
https://puredeco.nl/bitcoin-casino-2026/,0,6
https://puredeco.nl/blackjack-casino-mobiel-betalen/,0,6
https://puredeco.nl/blackjack-geld-inzetten/,0,6
https://puredeco.nl/blackjack-gorinchem/,0,6
https://puredeco.nl/blackjack-naarden/,0,6
https://puredeco.nl/blackjack-varianten/,0,6
https://puredeco.nl/boaboa-casino-bonuscode-en-promoties-2026/,0,6
https://puredeco.nl/bonus-buy-gokkasten-hoge-inzet/,0,6
https://puredeco.nl/bonus-buy-gokkasten-online-nederland/,0,6
https://puredeco.nl/bonus-casino-zonder-storting/,0,6
https://puredeco.nl/bonus-code-online-casino-nederland/,0,6
https://puredeco.nl/bonus-tot-250-euro-casino/,0,6
https://puredeco.nl/boomerino-casino-bonus-zonder-storting-2026/,0,6
https://puredeco.nl/cascading-gokkasten-mobiel/,0,6
https://puredeco.nl/cashback-bonus-zonder-storting-casino/,0,6
https://puredeco.nl/casino-25-euro-gratis-speelgeld/,0,6
https://puredeco.nl/casino-40-gratis-spins/,0,6
https://puredeco.nl/casino-app-met-neteller/,0,6
https://puredeco.nl/casino-app-of-website/,0,6
https://puredeco.nl/casino-betalen-met-revolut/,0,6
https://puredeco.nl/casino-betalen-met-skrill/,0,6
https://puredeco.nl/casino-bij-middelkerke/,0,6
https://puredeco.nl/casino-bij-sittard/,0,6
https://puredeco.nl/casino-crypto-uitbetaling/,0,6
https://puredeco.nl/casino-eerste-storting-bonus-met-paypal/,0,6
https://puredeco.nl/casino-elite-casino-bonuscode-en-promoties-2026/,0,6
https://puredeco.nl/casino-feest/,0,6
https://puredeco.nl/casino-geld-opnemen-24-uur/,0,6
https://puredeco.nl/casino-geld-opnemen-binnen-een-uur/,0,6
https://puredeco.nl/casino-genk-adres/,0,6
https://puredeco.nl/casino-lijst-2026/,0,6
https://puredeco.nl/casino-met-99-rtp/,0,6
https://puredeco.nl/casino-met-hoogste-uitbetalingspercentage-nederland/,0,6
https://puredeco.nl/casino-payconiq-belgie/,0,6
https://puredeco.nl/casino-spa-roulette/,0,6
https://puredeco.nl/casino-toernooi-nederland/,0,6
https://puredeco.nl/casino-zonder-cruks-2025/,0,6
https://puredeco.nl/casino-zonder-download/,0,6
https://puredeco.nl/cepbank-casino-nederland-online/,0,6
https://puredeco.nl/chalk-casino-review-en-ervaringen-2026/,0,6
https://puredeco.nl/cijfers-online-gokken/,0,6
https://puredeco.nl/cusco-casino-bonus-zonder-storting-2026/,0,6
https://puredeco.nl/dice-storten-bitcoin/,0,6
https://puredeco.nl/direct-geld-storten-online-casino/,0,6
https://puredeco.nl/dobbelstenen-gokken/,0,6
https://puredeco.nl/european-blackjack-spelen/,0,6
https://puredeco.nl/europese-roulette-spelen-voor-geld/,0,6
https://puredeco.nl/froggybet-casino-review-en-ervaringen-2026/,0,6
https://puredeco.nl/goedkoop-video-poker-spelen/,0,6
https://puredeco.nl/gokhal-turnhout/,0,6
https://puredeco.nl/gokkast-super-joker/,0,6
https://puredeco.nl/gokkasten-200-euro-inzet/,0,6
https://puredeco.nl/gokkasten-beurs/,0,6
https://puredeco.nl/gokkasten-met-243-winlijnen-online/,0,6
https://puredeco.nl/gokkasten-met-96-rtp/,0,6
https://puredeco.nl/gokkasten-met-bonusspel-hoge-inzet/,0,6
https://puredeco.nl/gokkasten-met-lage-volatiliteit/,0,6
https://puredeco.nl/gokkasten-met-mobiel-betalen/,0,6
https://puredeco.nl/gokkasten-met-multiplier-nederland/,0,6
https://puredeco.nl/gokkasten-met-neteller/,0,6
https://puredeco.nl/gokkasten-met-sticky-wilds-nederland/,0,6
https://puredeco.nl/gokkasten-vanaf-100-euro/,0,6
https://puredeco.nl/gokken-betalen-met-paypal/,0,6
https://puredeco.nl/gokken-in-dongen/,0,6
https://puredeco.nl/gokken-in-luik/,0,6
https://puredeco.nl/gokken-in-winschoten/,0,6
https://puredeco.nl/gokken-makkelijke-registratie/,0,6
https://puredeco.nl/gokken-met-ksa-vergunning/,0,6
https://puredeco.nl/goksite-met-virtuele-sporten/,0,6
https://puredeco.nl/goksite-met-welkomstbonus-nederland/,0,6
https://puredeco.nl/gold-horns-casino-bonus-zonder-storting-2026/,0,6
https://puredeco.nl/gratis-geld-bonus-overzicht-casino/,0,6
https://puredeco.nl/gratis-spins-zonder-storting-casino-ideal/,0,6
https://puredeco.nl/hoeveel-welkomstbonus-casino-nederland/,0,6
https://puredeco.nl/holland-casino-bonuscode-en-promoties-2026/,0,6
https://puredeco.nl/hoogste-bingo-bonus-casino/,0,6
https://puredeco.nl/hoogste-mystery-bonus-online-casino/,0,6
https://puredeco.nl/hoogste-no-deposit-bonus-casino/,0,6
https://puredeco.nl/hoogste-wekelijkse-bonus-online-casino/,0,6
https://puredeco.nl/instant-casino-review-en-ervaringen-2026/,0,6
https://puredeco.nl/irish-slots-casino-nederland/,0,6
https://puredeco.nl/kansino-casino-bonuscode-en-promoties-2026/,0,6
https://puredeco.nl/kansspelcommissie-belgie-casino/,0,6
https://puredeco.nl/lage-inzet-casino-nederland/,0,6
https://puredeco.nl/lapilanders-casino-welkomstbonus-eerste-storting/,0,6
https://puredeco.nl/legaal-blackjack-casino-nederland/,0,6
https://puredeco.nl/legaal-casino-belgie-echt-geld/,0,6
https://puredeco.nl/legaal-casino-met-ideal/,0,6
https://puredeco.nl/legaal-casino-site-belgie-voor-beginners/,0,6
https://puredeco.nl/legaal-gokken-belgie/,0,6
https://puredeco.nl/legaal-goksite-met-vergunning/,0,6
https://puredeco.nl/legaal-live-casino/,0,6
https://puredeco.nl/legaal-online-wedden-nederland/,0,6
https://puredeco.nl/live-blackjack-online-nederland/,0,6
https://puredeco.nl/live-blackjack-uitbetaling/,0,6
https://puredeco.nl/live-casino-minimum-20-euro/,0,6
https://puredeco.nl/live-casino-uitbetaling-neteller/,0,6
https://puredeco.nl/live-casino-zonder-storting/,0,6
https://puredeco.nl/live-dream-catcher-casino-nederland/,0,6
https://puredeco.nl/loyaliteitsbonus-vergelijken-casino/,0,6
https://puredeco.nl/maandelijkse-bonus-overzicht-casino/,0,6
https://puredeco.nl/maximale-inzet-roulette-rood-zwart/,0,6
https://puredeco.nl/meest-gedraaide-nummer-roulette/,0,6
https://puredeco.nl/meest-gespeelde-bingo-2025/,0,6
https://puredeco.nl/met-cruks-casino-nederland/,0,6
https://puredeco.nl/multi-hand-blackjack-app/,0,6
https://puredeco.nl/nederlandse-bingo-sites/,0,6
https://puredeco.nl/nederlandse-casino-blackjack-aantal-decks/,0,6
https://puredeco.nl/nederlandse-casino-online-gokspellen/,0,6
https://puredeco.nl/nieuwe-bitcoin-casino-nederland/,0,6
https://puredeco.nl/nieuwe-blackjack-nederland/,0,6
https://puredeco.nl/nieuwe-casino-belgie-met-vergunning/,0,6
https://puredeco.nl/nieuwe-casino-site-hoge-inzet/,0,6
https://puredeco.nl/nieuwe-casino-site-met-live-dealer/,0,6
https://puredeco.nl/nieuwe-casino-test/,0,6
https://puredeco.nl/nieuwe-gokkasten-met-autoplay/,0,6
https://puredeco.nl/nieuwe-gratis-spins-zonder-storting/,0,6
https://puredeco.nl/nieuwste-gokkasten-2026/,0,6
https://puredeco.nl/no-deposit-bonus-casino-2025/,0,6
https://puredeco.nl/beste-krasloten-nederland/,0,6
https://puredeco.nl/live-punto-banco-nederland/,0,6
https://puredeco.nl/nucleonbet-casino-review-en-ervaringen-2026/,0,6
https://puredeco.nl/oasis-poker-casino-nederland/,0,6
https://puredeco.nl/omaha-poker-met-bonus/,0,6
https://puredeco.nl/online-bingo-spelen-nummers-trekken/,0,6
https://puredeco.nl/online-casino-2-euro-bonus/,0,6
https://puredeco.nl/online-casino-25-euro-bonus/,0,6
https://puredeco.nl/online-casino-250-euro-bonus/,0,6
https://puredeco.nl/online-casino-40-gratis-spins/,0,6
https://puredeco.nl/online-casino-betalen-met-litecoin/,0,6
https://puredeco.nl/online-casino-betalen-met-mobiel-betalen/,0,6
https://puredeco.nl/online-casino-ideal-betalen/,0,6
https://puredeco.nl/online-casino-kleine-inzet-nederland/,0,6
https://puredeco.nl/online-casino-leopoldsburg/,0,6
https://puredeco.nl/online-casino-met-ksa-vergunning-2025/,0,6
https://puredeco.nl/online-casino-met-progressieve-jackpot-nederland/,0,6
https://puredeco.nl/online-casino-minimum-inzet-100-euro/,0,6
https://puredeco.nl/online-casino-paysafecard-nederland/,0,6
https://puredeco.nl/online-casino-vanaf-20-euro/,0,6
https://puredeco.nl/online-gokkasten-betrouwbaar/,0,6
https://puredeco.nl/online-gokkasten-neteller/,0,6
https://puredeco.nl/online-gokken-groningen/,0,6
https://puredeco.nl/online-gokken-met-paysafecard/,0,6
https://puredeco.nl/online-gokken-uitkering/,0,6
https://puredeco.nl/online-live-casino-met-jackpot/,0,6
https://puredeco.nl/online-live-casino-visa/,0,6
https://puredeco.nl/online-poker-crypto/,0,6
https://puredeco.nl/online-roulette-crypto/,0,6
https://puredeco.nl/paarden-gokkasten-met-bonus/,0,6
https://puredeco.nl/pay-n-play-casino-bonus/,0,6
https://puredeco.nl/poker-betalen-met-paysafecard/,0,6
https://puredeco.nl/poker-minimum-storting/,0,6
https://puredeco.nl/pokerstars-casino-welkomstbonus-eerste-storting/,0,6
https://puredeco.nl/polder-casino-review-en-ervaringen-2026/,0,6
https://puredeco.nl/populaire-gokkasten-casino/,0,6
https://puredeco.nl/populairste-casino-site-belgie-voor-beginners/,0,6
https://puredeco.nl/populairste-gokkasten-2025/,0,6
https://puredeco.nl/populairste-online-casino-met-crypto/,0,6
https://puredeco.nl/populairste-online-casino-nederland-met-crypto/,0,6
https://puredeco.nl/registratie-bonus-zonder-storting-casino/,0,6
https://puredeco.nl/roulette-casino-uitbetaling-dezelfde-dag/,0,6
https://puredeco.nl/roulette-kans-op-groen/,0,6
https://puredeco.nl/roulette-met-skrill/,0,6
https://puredeco.nl/roulette-middelkerke/,0,6
https://puredeco.nl/roulette-online-2026/,0,6
https://puredeco.nl/roulette-storten-crypto/,0,6
https://puredeco.nl/roulette-toernooi/,0,6
https://puredeco.nl/roulette-voor-beginners-nederland/,0,6
https://puredeco.nl/salon-prive-blackjack-casino/,0,6
https://puredeco.nl/salon-prive-blackjack-online/,0,6
https://puredeco.nl/slotit-casino-review-en-ervaringen-2026/,0,6
https://puredeco.nl/slots-safari-casino-bonus-zonder-storting-2026/,0,6
https://puredeco.nl/snel-geld-opnemen-casino-nederland/,0,6
https://puredeco.nl/snelste-casino-app-nederland-2025/,0,6
https://puredeco.nl/snelste-casino-uitbetaling-1-uur/,0,6
https://puredeco.nl/sombrero-spins-casino-welkomstbonus-eerste-storting/,0,6
https://puredeco.nl/space-andromeda-casino-review-en-ervaringen-2026/,0,6
https://puredeco.nl/speed-roulette-met-bonus/,0,6
https://puredeco.nl/speelhal-delft/,0,6
https://puredeco.nl/speelhal-kontich/,0,6
https://puredeco.nl/speelhal-purmerend/,0,6
https://puredeco.nl/speelhal-west-vlaanderen/,0,6
https://puredeco.nl/stortingsbonus-online-casino-nederland/,0,6
https://puredeco.nl/taika-spins-casino-review-en-ervaringen-2026/,0,6
https://puredeco.nl/tiktak-bet-casino-bonuscode-en-promoties-2026/,0,6
https://puredeco.nl/top-10-bitcoin-casino-2025/,0,6
https://puredeco.nl/top-10-casino-site-nederland-2025/,0,6
https://puredeco.nl/top-10-casino-site-nederland-2026/,0,6
https://puredeco.nl/uitbetaling-amerikaanse-roulette/,0,6
https://puredeco.nl/video-poker-casino-vergelijken/,0,6
https://puredeco.nl/vip-bonus-overzicht-casino/,0,6
https://puredeco.nl/vipzino-casino-bonuscode-en-promoties-2026/,0,6
https://puredeco.nl/voltslot-casino-welkomstbonus-eerste-storting/,0,6
https://puredeco.nl/waar-kan-ik-baccarat-spelen/,0,6
https://puredeco.nl/waar-kan-ik-megaways-slots-spelen/,0,6
https://puredeco.nl/waar-kan-ik-power-blackjack-spelen/,0,6
https://puredeco.nl/waar-kan-ik-slots-spelen-voor-geld/,0,6
https://puredeco.nl/waar-roulette-spelen-online/,0,6
https://puredeco.nl/wallacebet-casino-review-en-ervaringen-2026/,0,6
https://puredeco.nl/weekend-bonus-paysafecard-online-casino/,0,6
https://puredeco.nl/welk-casino-accepteert-bitcoin/,0,6
https://puredeco.nl/welk-casino-heeft-de-eerlijkste-bonus/,0,6
https://puredeco.nl/welke-casino-heeft-blackjack/,0,6
https://puredeco.nl/welke-gokkasten-casino/,0,6
https://puredeco.nl/wild-io-casino-gratis-spins-zonder-deposit/,0,6
https://puredeco.nl/wunderwins-casino-gratis-spins-zonder-deposit/,0,6
https://puredeco.nl/xxxtreme-lightning-roulette-casino/,0,6
https://puredeco.nl/zinkra-casino-bonuscode-en-promoties-2026/,0,6
https://puredeco.nl/zodiac-bet-casino-bonus-zonder-storting-2026/,0,6
https://puredeco.nl/beste-casino-creditcard/,1,5
https://puredeco.nl/beste-gokkasten/,1,5
https://puredeco.nl/casino-maaseik/,1,5
https://puredeco.nl/casino-met-speciaal-aanbod/,1,5
https://puredeco.nl/gokhal-goirle/,1,5
https://puredeco.nl/goksites-lijst/,1,5
https://puredeco.nl/nieuwe-dice-casino/,1,5
https://puredeco.nl/online-casino/,1,5
https://puredeco.nl/roulette-kortrijk/,1,5
https://puredeco.nl/speelhal-steenwijk/,1,5
https://puredeco.nl/10-euro-gratis-spins-zonder-storting/,0,5
https://puredeco.nl/150-euro-bonus-casino/,0,5
https://puredeco.nl/2-euro-no-deposit-bonus-casino/,0,5
https://puredeco.nl/200-spins-bonus/,0,5
https://puredeco.nl/25-euro-gokken-online/,0,5
https://puredeco.nl/25-euro-minimum-storting-casino/,0,5
https://puredeco.nl/25-gratis-spins-nederland/,0,5
https://puredeco.nl/30-euro-gratis-gokken/,0,5
https://puredeco.nl/300-casino-bonus/,0,5
https://puredeco.nl/3d-gokkasten-app/,0,5
https://puredeco.nl/5-euro-gokken-online/,0,5
https://puredeco.nl/5-euro-gratis-gokken/,0,5
https://puredeco.nl/50-welkomstbonus-casino/,0,5
https://puredeco.nl/75-free-spins-no-deposit/,0,5
https://puredeco.nl/alle-gokkasten/,0,5
https://puredeco.nl/alle-legale-casinos/,0,5
https://puredeco.nl/american-roulette-casino/,0,5
https://puredeco.nl/amerikaanse-roulette-lage-inzet/,0,5
https://puredeco.nl/amonbet-casino-gratis-spins-zonder-deposit/,0,5
https://puredeco.nl/amusementshal-tiel/,0,5
https://puredeco.nl/auto-roulette-echt-geld/,0,5
https://puredeco.nl/auto-roulette-online-nederland/,0,5
https://puredeco.nl/baccarat-casino-creditcard/,0,5
https://puredeco.nl/baccarat-gratis-spins/,0,5
https://puredeco.nl/baccarat-sites-nederland/,0,5
https://puredeco.nl/belgische-casino-top-10/,0,5
https://puredeco.nl/belgische-goksite-welkomstbonus/,0,5
https://puredeco.nl/belgische-online-casino-welkomstbonus/,0,5
https://puredeco.nl/beste-blackjack-nederland/,0,5
https://puredeco.nl/beste-casino-leopoldsburg/,0,5
https://puredeco.nl/beste-casino-met-jackpot/,0,5
https://puredeco.nl/beste-casino-overijse/,0,5
https://puredeco.nl/beste-casino-site-nederland-met-vergunning/,0,5
https://puredeco.nl/beste-casino-van-europa/,0,5
https://puredeco.nl/beste-casino-vlissingen/,0,5
https://puredeco.nl/beste-casino-zonder-storting/,0,5
https://puredeco.nl/beste-classic-blackjack-casino/,0,5
https://puredeco.nl/beste-farao-gokkasten/,0,5
https://puredeco.nl/beste-first-person-blackjack/,0,5
https://puredeco.nl/beste-gokkasten-bonus-nederland/,0,5
https://puredeco.nl/beste-gokkasten-met-scatter-casino/,0,5
https://puredeco.nl/beste-gokkasten-met-scatter-nederland/,0,5
https://puredeco.nl/beste-gokkasten-snelle-registratie/,0,5
https://puredeco.nl/beste-gokken-met-trustly/,0,5
https://puredeco.nl/beste-goksite-belgie-bancontact/,0,5
https://puredeco.nl/beste-goksite-met-sportweddenschappen/,0,5
https://puredeco.nl/beste-goksite-met-trustly/,0,5
https://puredeco.nl/beste-goksite-met-virtuele-sporten/,0,5
https://puredeco.nl/beste-goksite-nederland-zonder-cruks/,0,5
https://puredeco.nl/beste-happy-hour-bonus-casino/,0,5
https://puredeco.nl/beste-live-casino-app/,0,5
https://puredeco.nl/beste-multi-hand-blackjack-nederland/,0,5
https://puredeco.nl/beste-online-casino-belgie-ideal/,0,5
https://puredeco.nl/beste-online-casino-belgie-snelle-uitbetaling/,0,5
https://puredeco.nl/beste-online-casino-creditcard-nederland/,0,5
https://puredeco.nl/beste-online-casino-crypto-nederland/,0,5
https://puredeco.nl/beste-paas-bonus-nederland-casino/,0,5
https://puredeco.nl/beste-roulette-voor-beginners/,0,5
https://puredeco.nl/beste-startbonus-nederland-casino/,0,5
https://puredeco.nl/betcenter-casino-bonus-zonder-storting-2026/,0,5
https://puredeco.nl/betfirst-casino-review-en-ervaringen-2026/,0,5
https://puredeco.nl/betrouwbaar-casino-arnhem/,0,5
https://puredeco.nl/betrouwbaar-casino-site-belgie-met-paypal/,0,5
https://puredeco.nl/betrouwbaar-online-casino-belgie-hoge-inzet/,0,5
https://puredeco.nl/betrouwbaar-poker-casino-nederland/,0,5
https://puredeco.nl/betrouwbaar-sic-bo-casino-nederland/,0,5
https://puredeco.nl/betrouwbare-gokkasten/,0,5
https://puredeco.nl/bingo-bonga-casino-gratis-spins-zonder-deposit/,0,5
https://puredeco.nl/bingo-getallen-online/,0,5
https://puredeco.nl/bingo-online-spelen-voor-geld/,0,5
https://puredeco.nl/bingo-voor-geld-nederland/,0,5
https://puredeco.nl/bitcoin-casino-ervaringen-nederland/,0,5
https://puredeco.nl/blackjack-casino-met-welkomstbonus/,0,5
https://puredeco.nl/blackjack-casino-ranking/,0,5
https://puredeco.nl/blackjack-casino-top-5/,0,5
https://puredeco.nl/blackjack-culemborg/,0,5
https://puredeco.nl/blackjack-knokke/,0,5
https://puredeco.nl/blackjack-verdubbelen/,0,5
https://puredeco.nl/boaboa-casino-review-en-ervaringen-2026/,0,5
https://puredeco.nl/bonus-goksites/,0,5
https://puredeco.nl/bonus-tot-10-euro-casino/,0,5
https://puredeco.nl/buitenlandse-casino-2025/,0,5
https://puredeco.nl/cadoola-casino-bonus-zonder-storting-2026/,0,5
https://puredeco.nl/cashback-casino-2026/,0,5
https://puredeco.nl/cashback-nederland-2025-online-casino/,0,5
https://puredeco.nl/casino-5-euro-gratis-spins-nederland/,0,5
https://puredeco.nl/casino-app-met-bonus/,0,5
https://puredeco.nl/casino-app-met-skrill/,0,5
https://puredeco.nl/casino-app-voor-ipad/,0,5
https://puredeco.nl/casino-bancontact-minimum-storting/,0,5
https://puredeco.nl/casino-betalen-met-bitcoin/,0,5
https://puredeco.nl/casino-bij-scheveningen/,0,5
https://puredeco.nl/casino-bij-stadskanaal/,0,5
https://puredeco.nl/casino-bij-zwolle/,0,5
https://puredeco.nl/casino-bonus-geen-storting/,0,5
https://puredeco.nl/casino-dat-bitcoin-accepteert/,0,5
https://puredeco.nl/casino-dinant-bezoeken/,0,5
https://puredeco.nl/casino-direct-storten-bankoverschrijving/,0,5
https://puredeco.nl/casino-eerste-storting-bonus-met-crypto/,0,5
https://puredeco.nl/casino-eerste-storting-bonus-met-ideal/,0,5
https://puredeco.nl/casino-hoge-limiet/,0,5
https://puredeco.nl/casino-hommerson/,0,5
https://puredeco.nl/casino-knokke-poker/,0,5
https://puredeco.nl/casino-leusden/,0,5
https://puredeco.nl/casino-met-100-spellen/,0,5
https://puredeco.nl/casino-met-200-gokkasten/,0,5
https://puredeco.nl/casino-met-5000-gokkasten/,0,5
https://puredeco.nl/casino-met-paypal/,0,5
https://puredeco.nl/casino-met-playtech-spellen/,0,5
https://puredeco.nl/casino-met-virtuele-sporten/,0,5
https://puredeco.nl/casino-middelkerke-restaurant/,0,5
https://puredeco.nl/casino-middelkerke-roulette/,0,5
https://puredeco.nl/casino-minimum-storting-10-euro/,0,5
https://puredeco.nl/casino-minimum-storting-30-euro/,0,5
https://puredeco.nl/casino-paysafecard-uitbetaling/,0,5
https://puredeco.nl/casino-quickspin-spellen-nederland/,0,5
https://puredeco.nl/casino-revolut-nederland/,0,5
https://puredeco.nl/casino-roeselare-openingsuren/,0,5
https://puredeco.nl/casino-storten-bitcoin-opnemen-bitcoin/,0,5
https://puredeco.nl/casino-storten-met-mastercard/,0,5
https://puredeco.nl/casino-uitbetaling-via-visa/,0,5
https://puredeco.nl/casino-voor-belgen-met-bancontact/,0,5
https://puredeco.nl/casino-willebroek/,0,5
https://puredeco.nl/casino-zonder-storting-2025/,0,5
https://puredeco.nl/caxino-casino-gratis-spins-zonder-deposit/,0,5
https://puredeco.nl/craps-casino-met-bonus/,0,5
https://puredeco.nl/derde-storting-bonus-zonder-storting-casino/,0,5
https://puredeco.nl/dice-casino-crypto/,0,5
https://puredeco.nl/dobbelautomaat-los-casino/,0,5
https://puredeco.nl/double-ball-roulette-nederland/,0,5
https://puredeco.nl/double-ball-roulette-spelen/,0,5
https://puredeco.nl/egyptian-slots-met-bonus/,0,5
https://puredeco.nl/eigen-casino-beginnen/,0,5
https://puredeco.nl/european-blackjack-casino-nederland/,0,5
https://puredeco.nl/first-person-roulette-voor-geld/,0,5
https://puredeco.nl/football-studio-casino/,0,5
https://puredeco.nl/free-bet-zonder-storting-casino/,0,5
https://puredeco.nl/geld-storten-automaat-casino/,0,5
https://puredeco.nl/goede-goksites-belgie/,0,5
https://puredeco.nl/goede-online-casino-nederland-2025/,0,5
https://puredeco.nl/goedkoopste-casino-nederland-2025/,0,5
https://puredeco.nl/gokhal-amsterdam/,0,5
https://puredeco.nl/gokhal-castricum/,0,5
https://puredeco.nl/gokhal-hoogeveen/,0,5
https://puredeco.nl/gokhal-zemst/,0,5
https://puredeco.nl/gokkasten-casino-met-loyalty-programma/,0,5
https://puredeco.nl/gokkasten-met-bonusspel-echt-geld/,0,5
https://puredeco.nl/gokkasten-met-cluster-pays/,0,5
https://puredeco.nl/gokkasten-met-free-spins-feature-minimum-inzet/,0,5
https://puredeco.nl/gokkasten-met-multiplier-online-nederland/,0,5
https://puredeco.nl/gokkasten-met-multiplier-voor-geld/,0,5
https://puredeco.nl/gokkasten-site-top-10/,0,5
https://puredeco.nl/gokkasten-storten-met-google-pay/,0,5
https://puredeco.nl/gokkasten-zonder-registratie/,0,5
https://puredeco.nl/gokken-betalen-met-bankoverschrijving/,0,5
https://puredeco.nl/gokken-betalen-met-mastercard/,0,5
https://puredeco.nl/gokken-betalen-met-trustly/,0,5
https://puredeco.nl/gokken-betalen-met-visa/,0,5
https://puredeco.nl/gokken-in-de-panne/,0,5
https://puredeco.nl/gokken-in-knokke/,0,5
https://puredeco.nl/gokken-met-sportweddenschappen/,0,5
https://puredeco.nl/gokken-minimum-storting/,0,5
https://puredeco.nl/gokken-nederlandse-klantenservice/,0,5
https://puredeco.nl/gokken-voor-beginners/,0,5
https://puredeco.nl/goksite-3-euro-storten/,0,5
https://puredeco.nl/goksite-betalen-met-ideal/,0,5
https://puredeco.nl/goksite-bitcoin-nederland/,0,5
https://puredeco.nl/goksite-laagste-storting/,0,5
https://puredeco.nl/goksite-snel-geld-opnemen/,0,5
https://puredeco.nl/goksite-voor-nederlanders/,0,5
https://puredeco.nl/gokspel-roulette/,0,5
https://puredeco.nl/gokspellen-met-dobbelstenen-casino/,0,5
https://puredeco.nl/golden-billy-casino-review-en-ervaringen-2026/,0,5
https://puredeco.nl/gonzo-treasure-hunt-casino/,0,5
https://puredeco.nl/gratis-geld-bonus-casino-nederland/,0,5
https://puredeco.nl/gratis-spins-zonder-storting-casino-paypal/,0,5
https://puredeco.nl/gxspin-casino-bonus-zonder-storting-2026/,0,5
https://puredeco.nl/hoe-casino-account-aanmaken/,0,5
https://puredeco.nl/hoogste-highroller-bonus-online-casino/,0,5
https://puredeco.nl/hoogste-welkomstbonus-online-casino/,0,5
https://puredeco.nl/ideal-gokkasten/,0,5
https://puredeco.nl/instant-roulette-spelen-voor-geld/,0,5
https://puredeco.nl/jackpot-vuurwerk/,0,5
https://puredeco.nl/kakadu-casino-review-en-ervaringen-2026/,0,5
https://puredeco.nl/keno-uitbetaling-creditcard/,0,5
https://puredeco.nl/kings-chance-casino-welkomstbonus-eerste-storting/,0,5
https://puredeco.nl/klassieke-gokkasten-lage-inzet/,0,5
https://puredeco.nl/klassieke-gokkasten-spelen-voor-geld/,0,5
https://puredeco.nl/klassieke-gokkasten-voor-geld/,0,5
https://puredeco.nl/lalabet-casino-welkomstbonus-eerste-storting/,0,5
https://puredeco.nl/legaal-casino-belgie-zonder-cruks/,0,5
https://puredeco.nl/legaal-casino-met-paypal/,0,5
https://puredeco.nl/legaal-casino-nederland-2026/,0,5
https://puredeco.nl/legaal-casino-site-mobiel/,0,5
https://puredeco.nl/legaal-casino-site-nederland-snelle-uitbetaling/,0,5
https://puredeco.nl/legaal-gokkasten-app/,0,5
https://puredeco.nl/legaal-goksite-belgie-met-cashback/,0,5
https://puredeco.nl/legaal-goksite-belgie-voor-beginners/,0,5
https://puredeco.nl/legaal-goksite-met-paysafecard/,0,5
https://puredeco.nl/legaal-goksite-mobiel/,0,5
https://puredeco.nl/legaal-goksite-nederland-met-vergunning/,0,5
https://puredeco.nl/legaal-online-casino-met-paypal/,0,5
https://puredeco.nl/legaal-punto-banco-casino-nederland/,0,5
https://puredeco.nl/legaal-sportgokken-nederland/,0,5
https://puredeco.nl/leovegas-casino-gratis-spins-zonder-deposit/,0,5
https://puredeco.nl/levende-gokmachine-casino/,0,5
https://puredeco.nl/live-casino-minimum-10-euro/,0,5
https://puredeco.nl/live-casino-top-5/,0,5
https://puredeco.nl/live-casino-voor-android/,0,5
https://puredeco.nl/live-dragon-tiger-nederland-casino/,0,5
https://puredeco.nl/live-roulette-echt-geld/,0,5
https://puredeco.nl/live-scratch-cards-online-casino/,0,5
https://puredeco.nl/lucky-twice-casino-gratis-spins-zonder-deposit/,0,5
https://puredeco.nl/luckyblock-casino-gratis-spins-zonder-deposit/,0,5
https://puredeco.nl/luxury-slots-echt-geld/,0,5
https://puredeco.nl/magie-gokkasten/,0,5
https://puredeco.nl/meest-gevallen-nummer-roulette/,0,5
https://puredeco.nl/meest-populaire-casino-app-nederland/,0,5
https://puredeco.nl/mega-ball-live-casino/,0,5
https://puredeco.nl/mini-roulette-met-bonus/,0,5
https://puredeco.nl/napoleon-games-casino-welkomstbonus-eerste-storting/,0,5
https://puredeco.nl/nederlands-casino-online-gokkasten/,0,5
https://puredeco.nl/nederlandstalige-goksite/,0,5
https://puredeco.nl/nieuw-casino-harderwijk/,0,5
https://puredeco.nl/nieuwe-baccarat-casino/,0,5
https://puredeco.nl/nieuwe-bitcoin-casino-belgie/,0,5
https://puredeco.nl/nieuwe-casino-lijst-nederland/,0,5
https://puredeco.nl/nieuwe-casino-nederland-met-cashback/,0,5
https://puredeco.nl/nieuwe-casino-nederland-mobiel/,0,5
https://puredeco.nl/nieuwe-fantasy-gokkasten/,0,5
https://puredeco.nl/nieuwe-no-deposit-bonus-2025-casino/,0,5
https://puredeco.nl/nieuwe-online-casino-2025/,0,5
https://puredeco.nl/nieuwe-pasen-gokkasten/,0,5
https://puredeco.nl/no-deposit-bonus-nederland-casino/,0,5
https://puredeco.nl/beste-krasloten-2026/,0,5
https://puredeco.nl/craps-voor-geld-nederland/,0,5
https://puredeco.nl/dobbelspel-2026/,0,5
https://puredeco.nl/kansspel-vergunning/,0,5
https://puredeco.nl/nieuwe-keno-nederland/,0,5
https://puredeco.nl/nieuwe-rad-van-fortuin-app/,0,5
https://puredeco.nl/nieuwe-sic-bo-online/,0,5
https://puredeco.nl/no-deposit-casino-review-nederland/,0,5
https://puredeco.nl/nucleonbet-casino-gratis-spins-zonder-deposit/,0,5
https://puredeco.nl/omaha-poker-spelen/,0,5
https://puredeco.nl/online-blackjack-creditcard/,0,5
https://puredeco.nl/online-blackjack-met-gratis-spins/,0,5
https://puredeco.nl/online-casino-1000-euro-bonus/,0,5
https://puredeco.nl/online-casino-alternatieven/,0,5
https://puredeco.nl/online-casino-inschrijfbonus/,0,5
https://puredeco.nl/online-casino-met-playtech-spellen/,0,5
https://puredeco.nl/online-casino-minimum-storting-50-euro/,0,5
https://puredeco.nl/online-casino-prepaid-kaart-nederland/,0,5
https://puredeco.nl/online-casino-ranglijst/,0,5
https://puredeco.nl/online-casino-sint-truiden/,0,5
https://puredeco.nl/online-casino-test/,0,5
https://puredeco.nl/online-casino-toernooi/,0,5
https://puredeco.nl/online-casino-vlaams-brabant/,0,5
https://puredeco.nl/online-casino-voor-belgen/,0,5
https://puredeco.nl/online-casino-voor-highrollers-nederland/,0,5
https://puredeco.nl/online-casino-voor-nederlanders/,0,5
https://puredeco.nl/online-casino-zonder-documenten/,0,5
https://puredeco.nl/online-gokkasten-96-rtp/,0,5
https://puredeco.nl/online-gokkasten-prepaid-kaart/,0,5
https://puredeco.nl/online-gokken-met-bitcoin/,0,5
https://puredeco.nl/online-gokken-met-trustly/,0,5
https://puredeco.nl/online-live-casino-klarna/,0,5
https://puredeco.nl/plaza-royal-casino-gratis-spins-zonder-deposit/,0,5
https://puredeco.nl/poker-casino-buiten-cruks/,0,5
https://puredeco.nl/poker-casino-ideal/,0,5
https://puredeco.nl/poker-minimale-inzet/,0,5
https://puredeco.nl/poker-uitbetaling-dezelfde-dag/,0,5
https://puredeco.nl/pokerstars-casino-bonus-zonder-storting-2026/,0,5
https://puredeco.nl/populaire-casino-spellen/,0,5
https://puredeco.nl/populairste-blackjack-casino/,0,5
https://puredeco.nl/populairste-casino-site-nederland-met-paypal/,0,5
https://puredeco.nl/populairste-casino-zonder-cruks/,0,5
https://puredeco.nl/populairste-goksite-met-gratis-spins/,0,5
https://puredeco.nl/populairste-goksites-nederland/,0,5
https://puredeco.nl/populairste-krasloten-online/,0,5
https://puredeco.nl/populairste-online-casino-2026/,0,5
https://puredeco.nl/populairste-online-casino-belgie-mobiel/,0,5
https://puredeco.nl/populairste-online-casino-met-app/,0,5
https://puredeco.nl/populairste-poker-casino-nederland/,0,5
https://puredeco.nl/pribet-casino-review-en-ervaringen-2026/,0,5
https://puredeco.nl/prinses-gokkasten-echt-geld/,0,5
https://puredeco.nl/progressieve-jackpot-gokkasten-app/,0,5
https://puredeco.nl/qbet-casino-welkomstbonus-eerste-storting/,0,5
https://puredeco.nl/registratie-bonus-overzicht-casino/,0,5
https://puredeco.nl/rijk-worden-door-roulette/,0,5
https://puredeco.nl/rijk-worden-roulette/,0,5
https://puredeco.nl/roulette-0-uitbetaling/,0,5
https://puredeco.nl/roulette-casino-zonder-registratie/,0,5
https://puredeco.nl/roulette-dubbel-0/,0,5
https://puredeco.nl/roulette-genk/,0,5
https://puredeco.nl/roulette-met-vergunning/,0,5
https://puredeco.nl/roulette-snelle-registratie/,0,5
https://puredeco.nl/roulette-statistieken/,0,5
https://puredeco.nl/roulette-storten-met-google-pay/,0,5
https://puredeco.nl/roulette-wheel-casino/,0,5
https://puredeco.nl/roulette-wheel-echt-geld/,0,5
https://puredeco.nl/roulette-wheel-nederland/,0,5
https://puredeco.nl/scori-pro-casino-welkomstbonus-eerste-storting/,0,5
https://puredeco.nl/seven-casino-welkomstbonus-eerste-storting/,0,5
https://puredeco.nl/single-deck-blackjack-voor-geld/,0,5
https://puredeco.nl/slingo-bingo-spelen/,0,5
https://puredeco.nl/sloterra-casino-review-en-ervaringen-2026/,0,5
https://puredeco.nl/sms-casino-nederland/,0,5
https://puredeco.nl/snelste-casino-site-2026/,0,5
https://puredeco.nl/snelste-crypto-casino-2026/,0,5
https://puredeco.nl/speed-bingo-echt-geld/,0,5
https://puredeco.nl/speelhal-boskoop/,0,5
https://puredeco.nl/speelhal-leuven/,0,5
https://puredeco.nl/speelhal-tienen/,0,5
https://puredeco.nl/speelhal-zemst/,0,5
https://puredeco.nl/spelletjesplein-bingo/,0,5
https://puredeco.nl/spin-rider-casino-review-en-ervaringen-2026/,0,5
https://puredeco.nl/spinstellar-casino-gratis-spins-zonder-deposit/,0,5
https://puredeco.nl/stortingsbonus-tot-1000-euro-casino/,0,5
https://puredeco.nl/sugar-casino-review-en-ervaringen-2026/,0,5
https://puredeco.nl/svenbet-casino-welkomstbonus-eerste-storting/,0,5
https://puredeco.nl/tahiti-casino-bonus-zonder-storting-2026/,0,5
https://puredeco.nl/texas-holdem-poker-casino/,0,5
https://puredeco.nl/top-20-casino-nederland-2026/,0,5
https://puredeco.nl/top-20-casino/,0,5
https://puredeco.nl/top-5-casino-site-belgie/,0,5
https://puredeco.nl/top-5-casino-site-nederland-2026/,0,5
https://puredeco.nl/veilig-bingo-casino/,0,5
https://puredeco.nl/waar-kan-ik-gokken-met-ethereum/,0,5
https://puredeco.nl/waar-kan-ik-mythology-slots-spelen/,0,5
https://puredeco.nl/waar-kan-ik-roulette-spelen/,0,5
https://puredeco.nl/waar-kan-ik-veilig-gokken/,0,5
https://puredeco.nl/waar-kan-ik-veilig-online-gokken/,0,5
https://puredeco.nl/waar-komt-het-nieuwe-casino-in-groningen/,0,5
https://puredeco.nl/wbetz-casino-bonus-zonder-storting-2026/,0,5
https://puredeco.nl/welke-casino-betaald-beste-uit/,0,5
https://puredeco.nl/welke-casino-met-paysafecard/,0,5
https://puredeco.nl/welke-goksites-hebben-vergunning/,0,5
https://puredeco.nl/welke-slots-betalen-het-meest/,0,5
https://puredeco.nl/wildwild-casino-welkomstbonus-eerste-storting/,0,5
https://puredeco.nl/winstler-casino-review-en-ervaringen-2026/,0,5
https://puredeco.nl/xxxtreme-lightning-roulette-casino-nederland/,0,5
https://puredeco.nl/yeti-casino-review-en-ervaringen-2026/,0,5
https://puredeco.nl/zodiac-casino-review-en-ervaringen-2026/,0,5
https://puredeco.nl/beste-casino-lint/,1,4
https://puredeco.nl/casino-crypto-storten/,1,4
https://puredeco.nl/casino-snelle-registratie-2025/,1,4
https://puredeco.nl/hoogste-no-deposit-bonus-2026-casino/,1,4
https://puredeco.nl/online-casino-prijzen/,1,4
https://puredeco.nl/populairste-goksite-met-paysafecard/,1,4
https://puredeco.nl/roulette-gent/,1,4
https://puredeco.nl/10-euro-storten-casino-belgie/,0,4
https://puredeco.nl/100-euro-storting-casino-nederland/,0,4
https://puredeco.nl/15-euro-gratis-gokken/,0,4
https://puredeco.nl/15-gratis-spins-zonder-storting/,0,4
https://puredeco.nl/150-bonus-casino-nederland/,0,4
https://puredeco.nl/150-free-spins-no-deposit/,0,4
https://puredeco.nl/25-euro-gratis-speelgeld-online-casino/,0,4
https://puredeco.nl/30-euro-storten-en-spelen-casino/,0,4
https://puredeco.nl/50-euro-free-bet-bij-registratie-casino/,0,4
https://puredeco.nl/500-gratis-spins/,0,4
https://puredeco.nl/777-casino-review-en-ervaringen-2026/,0,4
https://puredeco.nl/80-ball-bingo-zonder-cruks/,0,4
https://puredeco.nl/age-of-the-gods-roulette-casino/,0,4
https://puredeco.nl/age-of-the-gods-roulette-spelen/,0,4
https://puredeco.nl/alle-goksites-nederland/,0,4
https://puredeco.nl/american-blackjack-casino-nederland/,0,4
https://puredeco.nl/american-roulette-casino-nederland/,0,4
https://puredeco.nl/amusementshal-hoofddorp/,0,4
https://puredeco.nl/anoniem-crypto-casino/,0,4
https://puredeco.nl/baccarat-bonus/,0,4
https://puredeco.nl/baccarat-casino-lijst/,0,4
https://puredeco.nl/bc-game-casino-welkomstbonus-eerste-storting/,0,4
https://puredeco.nl/belgische-casino-met-live-dealer/,0,4
https://puredeco.nl/beste-baccarat-2025/,0,4
https://puredeco.nl/beste-baccarat-bonus/,0,4
https://puredeco.nl/beste-baccarat-casino-nederland/,0,4
https://puredeco.nl/beste-baccarat/,0,4
https://puredeco.nl/beste-bingo-bonus-nederland/,0,4
https://puredeco.nl/beste-blackjack-party/,0,4
https://puredeco.nl/beste-buitenlandse-online-casino/,0,4
https://puredeco.nl/beste-cascading-gokkasten-casino/,0,4
https://puredeco.nl/beste-casino-antwerpen/,0,4
https://puredeco.nl/beste-casino-belgie-voor-beginners/,0,4
https://puredeco.nl/beste-casino-belgie-welkomstbonus/,0,4
https://puredeco.nl/beste-casino-boom/,0,4
https://puredeco.nl/beste-casino-breed-spelaanbod/,0,4
https://puredeco.nl/beste-casino-den-haag/,0,4
https://puredeco.nl/beste-casino-goes/,0,4
https://puredeco.nl/beste-casino-lommel/,0,4
https://puredeco.nl/beste-casino-makkelijk-uitbetalen/,0,4
https://puredeco.nl/beste-casino-met-cruks/,0,4
https://puredeco.nl/beste-casino-met-ksa-vergunning/,0,4
https://puredeco.nl/beste-casino-met-neteller/,0,4
https://puredeco.nl/beste-casino-nederland-met-cashback/,0,4
https://puredeco.nl/beste-casino-nederlandse-vergunning/,0,4
https://puredeco.nl/beste-casino-site-belgie-met-app/,0,4
https://puredeco.nl/beste-casino-site-belgie-met-bonus/,0,4
https://puredeco.nl/beste-casino-site-belgie-voor-beginners/,0,4
https://puredeco.nl/beste-casino-stadskanaal/,0,4
https://puredeco.nl/beste-casino-trustly-nederland/,0,4
https://puredeco.nl/beste-derde-storting-bonus-casino/,0,4
https://puredeco.nl/beste-egypte-gokkasten/,0,4
https://puredeco.nl/beste-gokkasten-hoog-uitbetalingspercentage/,0,4
https://puredeco.nl/beste-gokkasten-met-gamble-feature/,0,4
https://puredeco.nl/beste-gokken-met-klarna/,0,4
https://puredeco.nl/beste-goksite-klarna-nederland/,0,4
https://puredeco.nl/beste-goksite-met-bonus/,0,4
https://puredeco.nl/beste-goksite-mobiel-betalen/,0,4
https://puredeco.nl/beste-goksite-mobiel/,0,4
https://puredeco.nl/beste-goksite-voor-beginners/,0,4
https://puredeco.nl/beste-highroller-bonus-nederland-casino/,0,4
https://puredeco.nl/beste-kerst-bonus-casino/,0,4
https://puredeco.nl/beste-live-bingo-casino/,0,4
https://puredeco.nl/beste-live-blackjack-nederland/,0,4
https://puredeco.nl/beste-live-casino-bonus/,0,4
https://puredeco.nl/beste-live-casino-site-nederland/,0,4
https://puredeco.nl/beste-live-crazy-time-casino/,0,4
https://puredeco.nl/beste-online-casino-apeldoorn/,0,4
https://puredeco.nl/beste-online-casino-belgie-lage-inzet/,0,4
https://puredeco.nl/beste-online-casino-mobiel/,0,4
https://puredeco.nl/beste-online-casino-veel-spellen/,0,4
https://puredeco.nl/beste-risico-vrije-weddenschap/,0,4
https://puredeco.nl/beste-roulette-minimum-storting/,0,4
https://puredeco.nl/beste-roulette-wheel/,0,4
https://puredeco.nl/beste-safari-gokkasten/,0,4
https://puredeco.nl/beste-sic-bo-casino-nederland/,0,4
https://puredeco.nl/beste-verjaardagsbonus-casino/,0,4
https://puredeco.nl/beste-verjaardagsbonus-nederland-casino/,0,4
https://puredeco.nl/beste-viking-slots/,0,4
https://puredeco.nl/bet365-casino-gratis-spins-zonder-deposit/,0,4
https://puredeco.nl/betaald-live-casino-online/,0,4
https://puredeco.nl/betamo-casino-welkomstbonus-eerste-storting/,0,4
https://puredeco.nl/betcity-casino-gratis-spins-zonder-deposit/,0,4
https://puredeco.nl/bethard-casino-welkomstbonus-eerste-storting/,0,4
https://puredeco.nl/betrouwbaar-casino-app-nederland/,0,4
https://puredeco.nl/betrouwbaar-casino-eindhoven/,0,4
https://puredeco.nl/betrouwbaar-casino-site-met-paypal/,0,4
https://puredeco.nl/betrouwbaar-goksite-litecoin/,0,4
https://puredeco.nl/betrouwbaar-goksite-nederland-met-crypto/,0,4
https://puredeco.nl/betrouwbaar-goksite-zonder-cruks/,0,4
https://puredeco.nl/betrouwbaar-online-casino-nederland-met-bonus/,0,4
https://puredeco.nl/betrouwbaar-online-casino-paysafecard/,0,4
https://puredeco.nl/betrouwbaarste-goksites-2025/,0,4
https://puredeco.nl/bets-amigo-casino-bonuscode-en-promoties-2026/,0,4
https://puredeco.nl/betsixty-casino-bonus-zonder-storting-2026/,0,4
https://puredeco.nl/bingo-casino-mastercard/,0,4
https://puredeco.nl/bingo-casino-met-cruks/,0,4
https://puredeco.nl/bingo-casino-top-5/,0,4
https://puredeco.nl/bingo-met-getallen-tot-100/,0,4
https://puredeco.nl/black-jack-gokken/,0,4
https://puredeco.nl/blackjack-casino-top-10/,0,4
https://puredeco.nl/blackjack-makkelijke-registratie/,0,4
https://puredeco.nl/blackjack-minimale-inzet/,0,4
https://puredeco.nl/blackjack-storten-ideal/,0,4
https://puredeco.nl/blackjack-switch-voor-geld/,0,4
https://puredeco.nl/boaboa-casino-gratis-spins-zonder-deposit/,0,4
https://puredeco.nl/bonus-code-casino-paysafecard/,0,4
https://puredeco.nl/bonus-tot-500-euro-casino/,0,4
https://puredeco.nl/bonus-zonder-storting-paysafecard-online-casino/,0,4
https://puredeco.nl/boomerino-casino-welkomstbonus-eerste-storting/,0,4
https://puredeco.nl/buitenlands-online-casino/,0,4
https://puredeco.nl/cadoola-casino-bonuscode-en-promoties-2026/,0,4
https://puredeco.nl/cadoola-casino-gratis-spins-zonder-deposit/,0,4
https://puredeco.nl/caribbean-stud-poker-lage-inzet/,0,4
https://puredeco.nl/caribbean-stud-poker-spelen-voor-geld/,0,4
https://puredeco.nl/caribbean-stud-poker-zonder-cruks/,0,4
https://puredeco.nl/cashback-bonus-casino-crypto/,0,4
https://puredeco.nl/casino-2-euro-gratis/,0,4
https://puredeco.nl/casino-24-uur-open/,0,4
https://puredeco.nl/casino-3-euro-minimum/,0,4
https://puredeco.nl/casino-30-gratis-spins/,0,4
https://puredeco.nl/casino-anoniem-nederland/,0,4
https://puredeco.nl/casino-app-met-crypto/,0,4
https://puredeco.nl/casino-app-met-trustly/,0,4
https://puredeco.nl/casino-app-review/,0,4
https://puredeco.nl/casino-betalen-met-ethereum/,0,4
https://puredeco.nl/casino-betalen-met-neteller/,0,4
https://puredeco.nl/casino-bij-meppel/,0,4
https://puredeco.nl/casino-bij-veendam/,0,4
https://puredeco.nl/casino-bonus-september-2026/,0,4
https://puredeco.nl/casino-bonus-vergelijken/,0,4
https://puredeco.nl/casino-bonus-zwolle/,0,4
https://puredeco.nl/casino-dat-trustly-accepteert/,0,4
https://puredeco.nl/casino-de-panne-bezoeken/,0,4
https://puredeco.nl/casino-hold-em-poker-nederland/,0,4
https://puredeco.nl/casino-holdem-voor-geld/,0,4
https://puredeco.nl/casino-in-obdam/,0,4
https://puredeco.nl/casino-inzet-verdubbelen/,0,4
https://puredeco.nl/casino-inzetlimiet/,0,4
https://puredeco.nl/casino-met-cashback/,0,4
https://puredeco.nl/casino-met-laagste-minimum-storting-nederland/,0,4
https://puredeco.nl/casino-met-nolimit-city-spellen/,0,4
https://puredeco.nl/casino-middelkerke-bezoeken/,0,4
https://puredeco.nl/casino-middelkerke-gokkasten/,0,4
https://puredeco.nl/casino-middelkerke-online/,0,4
https://puredeco.nl/casino-online-roulette/,0,4
https://puredeco.nl/casino-oostende-adres/,0,4
https://puredeco.nl/casino-op-telefoon-belgie/,0,4
https://puredeco.nl/casino-sites-nederland/,0,4
https://puredeco.nl/casino-spelen-met-cruks/,0,4
https://puredeco.nl/casino-stadskanaal-online/,0,4
https://puredeco.nl/casino-strategien/,0,4
https://puredeco.nl/casino-uitbetaling-via-bitcoin/,0,4
https://puredeco.nl/casino-uitbetaling-via-ideal/,0,4
https://puredeco.nl/casino-uitbetaling-via-paysafecard/,0,4
https://puredeco.nl/casino-veilig-en-verantwoord-spelen/,0,4
https://puredeco.nl/casino-zonder-cruks-bonus/,0,4
https://puredeco.nl/casino-zonder-cruks-paysafecard/,0,4
https://puredeco.nl/casino-zonder-inzetlimiet-nederland/,0,4
https://puredeco.nl/casino-zonder-licentie-gratis-spins/,0,4
https://puredeco.nl/casino-zonder-licentie-snelle-uitbetaling/,0,4
https://puredeco.nl/casino-zonder-wagering-nederland/,0,4
https://puredeco.nl/casumo-casino-welkomstbonus-eerste-storting/,0,4
https://puredeco.nl/chalkwins-casino-gratis-spins-zonder-deposit/,0,4
https://puredeco.nl/circus-casino-gratis-spins-zonder-deposit/,0,4
https://puredeco.nl/cluster-gokkasten-echt-geld/,0,4
https://puredeco.nl/craps-betalen-met-ideal/,0,4
https://puredeco.nl/craps-casino-vergelijken/,0,4
https://puredeco.nl/craps-gratis-spins/,0,4
https://puredeco.nl/crypto-casino-ervaringen-nederland/,0,4
https://puredeco.nl/cusco-casino-review-en-ervaringen-2026/,0,4
https://puredeco.nl/derde-storting-bonus-casino-nederland/,0,4
https://puredeco.nl/diamond-slots-casino-nederland/,0,4
https://puredeco.nl/dice-storten-ideal/,0,4
https://puredeco.nl/digitaal-bingo-apparaat-online/,0,4
https://puredeco.nl/directplay-casino-welkomstbonus-eerste-storting/,0,4
https://puredeco.nl/dobbelspel-casino-vergelijken/,0,4
https://puredeco.nl/dobbelspel-storten-creditcard/,0,4
https://puredeco.nl/double-ball-roulette-mobiel/,0,4
https://puredeco.nl/dream-vegas-casino-review-en-ervaringen-2026/,0,4
https://puredeco.nl/europese-roulette-hoge-inzet/,0,4
https://puredeco.nl/europese-roulette-voor-geld/,0,4
https://puredeco.nl/europese-roulette-zonder-cruks/,0,4
https://puredeco.nl/euslot-casino-bonus-zonder-storting-2026/,0,4
https://puredeco.nl/fat-pirate-casino-bonuscode-en-promoties-2026/,0,4
https://puredeco.nl/free-spins-nederland/,0,4
https://puredeco.nl/geen-storting-gratis-spins/,0,4
https://puredeco.nl/gems-slots-casino-nederland/,0,4
https://puredeco.nl/gems-slots-nederland/,0,4
https://puredeco.nl/goede-casino-app-2026/,0,4
https://puredeco.nl/goedkoopste-casino-app-2026/,0,4
https://puredeco.nl/goedkoopste-crypto-casino-2025/,0,4
https://puredeco.nl/gokhal-nijmegen/,0,4
https://puredeco.nl/gokhal-spa/,0,4
https://puredeco.nl/gokhal-veendam/,0,4
https://puredeco.nl/gokhal-waregem/,0,4
https://puredeco.nl/gokkasten-2-euro-inzet/,0,4
https://puredeco.nl/gokkasten-25-euro-inzet/,0,4
https://puredeco.nl/gokkasten-aanbieders-vergelijken/,0,4
https://puredeco.nl/gokkasten-jaren-70/,0,4
https://puredeco.nl/gokkasten-met-bonus-spel-nederland/,0,4
https://puredeco.nl/gokkasten-met-free-spins-feature-spelen-voor-geld/,0,4
https://puredeco.nl/gokkasten-met-hoge-uitbetaling/,0,4
https://puredeco.nl/gokkasten-met-megaways/,0,4
https://puredeco.nl/gokkasten-met-wild-hoge-inzet/,0,4
https://puredeco.nl/gokkasten-minimum-storting/,0,4
https://puredeco.nl/gokkasten-sites-nederland/,0,4
https://puredeco.nl/gokken-betalen-met-crypto/,0,4
https://puredeco.nl/gokken-gratis-spins/,0,4
https://puredeco.nl/gokken-in-elsene/,0,4
https://puredeco.nl/gokken-in-geldrop/,0,4
https://puredeco.nl/gokken-in-hellevoetsluis/,0,4
https://puredeco.nl/gokken-in-oost-vlaanderen/,0,4
https://puredeco.nl/gokken-in-rotterdam/,0,4
https://puredeco.nl/gokken-in-sint-pieters-woluwe/,0,4
https://puredeco.nl/gokken-lage-storting/,0,4
https://puredeco.nl/gokken-met-payconiq/,0,4
https://puredeco.nl/gokken-mobiel/,0,4
https://puredeco.nl/gokken-morgen/,0,4
https://puredeco.nl/gokken-online-ideal/,0,4
https://puredeco.nl/gokken-vanaf-10-euro-inzet/,0,4
https://puredeco.nl/gokken-voor-highrollers/,0,4
https://puredeco.nl/goksite-met-sportweddenschappen-nederland/,0,4
https://puredeco.nl/golden-panda-casino-welkomstbonus-eerste-storting/,0,4
https://puredeco.nl/google-pay-online-casino/,0,4
https://puredeco.nl/gransino-casino-bonuscode-en-promoties-2026/,0,4
https://puredeco.nl/gratis-geld-bij-registratie-casino/,0,4
https://puredeco.nl/gratis-spins-zonder-storting-casino-paysafecard/,0,4
https://puredeco.nl/gxspin-casino-gratis-spins-zonder-deposit/,0,4
https://puredeco.nl/high-volatility-gokkasten-hoge-inzet/,0,4
https://puredeco.nl/high-volatility-gokkasten-lage-inzet/,0,4
https://puredeco.nl/hoogste-aanmeldbonus-online-casino/,0,4
https://puredeco.nl/hoogste-free-bet-casino/,0,4
https://puredeco.nl/hoogste-maandelijkse-bonus-casino/,0,4
https://puredeco.nl/hoogste-registratie-bonus-casino/,0,4
https://puredeco.nl/hoogste-verjaardagsbonus-casino/,0,4
https://puredeco.nl/hoogste-welkomstbonus-casino/,0,4
https://puredeco.nl/infinite-blackjack-app/,0,4
https://puredeco.nl/infinite-blackjack-met-bonus/,0,4
https://puredeco.nl/infinite-blackjack-online-nederland/,0,4
https://puredeco.nl/inschrijfbonus-casino/,0,4
https://puredeco.nl/jackpot-frenzy-casino-gratis-spins-zonder-deposit/,0,4
https://puredeco.nl/jackpot-frenzy-casino-review-en-ervaringen-2026/,0,4
https://puredeco.nl/jackpot-gokkasten-uitbetaling/,0,4
https://puredeco.nl/jettbet-casino-bonuscode-en-promoties-2026/,0,4
https://puredeco.nl/jinx-casino-bonuscode-en-promoties-2026/,0,4
https://puredeco.nl/jokers-wild-gokkast-spelen/,0,4
https://puredeco.nl/kans-bij-roulette/,0,4
https://puredeco.nl/kans-jackpot/,0,4
https://puredeco.nl/keno-casino-revolut/,0,4
https://puredeco.nl/kokobet-casino-review-en-ervaringen-2026/,0,4
https://puredeco.nl/kokobet-casino-welkomstbonus-eerste-storting/,0,4
https://puredeco.nl/krasloten-uitbetaling-paypal/,0,4
https://puredeco.nl/ladbrokes-casino-review-en-ervaringen-2026/,0,4
https://puredeco.nl/legaal-casino-met-vergunning/,0,4
https://puredeco.nl/legaal-crypto-casino-2026/,0,4
https://puredeco.nl/legaal-goksite-belgie-hoge-inzet/,0,4
https://puredeco.nl/legaal-live-casino-2026/,0,4
https://puredeco.nl/legaal-online-casino-belgie-echt-geld/,0,4
https://puredeco.nl/legaal-online-casino-belgie-voor-beginners/,0,4
https://puredeco.nl/legaal-rad-van-fortuin-casino-nederland/,0,4
https://puredeco.nl/legaal-rad-van-fortuin-casino/,0,4
https://puredeco.nl/legale-online-casino/,0,4
https://puredeco.nl/lightning-roulette-voor-geld/,0,4
https://puredeco.nl/live-blackjack-nederland/,0,4
https://puredeco.nl/live-blackjack-zonder-cruks/,0,4
https://puredeco.nl/live-casino-betalen-met-trustly/,0,4
https://puredeco.nl/live-casino-inzet-nederland/,0,4
https://puredeco.nl/live-casino-inzetten/,0,4
https://puredeco.nl/live-casino-lage-inzet/,0,4
https://puredeco.nl/live-casino-maximaal-200-euro/,0,4
https://puredeco.nl/live-casino-roeselare/,0,4
https://puredeco.nl/live-casino-storten-bitcoin/,0,4
https://puredeco.nl/live-casino-uitbetaling-binnen-24-uur/,0,4
https://puredeco.nl/live-gokkasten-online/,0,4
https://puredeco.nl/live-monopoly-spelen-casino/,0,4
https://puredeco.nl/live-poker-hoge-inzet/,0,4
https://puredeco.nl/loco-win-casino-review-en-ervaringen-2026/,0,4
https://puredeco.nl/lord-spin-casino-bonus-zonder-storting-2026/,0,4
https://puredeco.nl/loyaliteitsbonus-online-casino/,0,4
https://puredeco.nl/lucky10-casino-bonus-zonder-storting-2026/,0,4
https://puredeco.nl/luxury-slots-nederland/,0,4
https://puredeco.nl/luxury-slots-voor-geld/,0,4
https://puredeco.nl/magius-casino-gratis-spins-zonder-deposit/,0,4
https://puredeco.nl/makkelijke-gokspellen-casino/,0,4
https://puredeco.nl/meest-betrouwbare-crypto-casino-2025/,0,4
https://puredeco.nl/meest-winstgevende-casino-belgie/,0,4
https://puredeco.nl/meest-winstgevende-online-casino-nederland-2025/,0,4
https://puredeco.nl/mega-dice-casino-gratis-spins-zonder-deposit/,0,4
https://puredeco.nl/megaways-gokkasten-zonder-cruks/,0,4
https://puredeco.nl/micro-stakes-casino-ervaringen/,0,4
https://puredeco.nl/nalu-casino-bonuscode-en-promoties-2026/,0,4
https://puredeco.nl/nederlands-casino-online-uitbetaling-hoe-lang/,0,4
https://puredeco.nl/nederlandse-casino-hoe-oud-moet-je-zijn/,0,4
https://puredeco.nl/nieuw-casino-diemen/,0,4
https://puredeco.nl/nieuw-casino-kortrijk/,0,4
https://puredeco.nl/nieuwe-baccarat-site/,0,4
https://puredeco.nl/nieuwe-bitcoin-casino/,0,4
https://puredeco.nl/nieuwe-bonus-zonder-storting-online-casino/,0,4
https://puredeco.nl/nieuwe-casino-app-nederland-2025/,0,4
https://puredeco.nl/nieuwe-casino-met-loyalty-programma/,0,4
https://puredeco.nl/nieuwe-casino-nederland-2025/,0,4
https://puredeco.nl/nieuwe-casino-review/,0,4
https://puredeco.nl/nieuwe-casino-site-belgie-lage-inzet/,0,4
https://puredeco.nl/nieuwe-casino-site-met-paysafecard/,0,4
https://puredeco.nl/nieuwe-dobbelspel-casino-nederland/,0,4
https://puredeco.nl/nieuwe-gokkasten-met-cluster-pays/,0,4
https://puredeco.nl/nieuwe-goksite-nederland-met-bonus/,0,4
https://puredeco.nl/nieuwe-goksite-nederland-mobiel/,0,4
https://puredeco.nl/nieuwe-goksites-met-bonus/,0,4
https://puredeco.nl/nieuwe-halloween-gokkasten/,0,4
https://puredeco.nl/nieuwe-luxe-gokkasten/,0,4
https://puredeco.nl/nieuwe-poker-site/,0,4
https://puredeco.nl/nieuwe-poker-sites-2026/,0,4
https://puredeco.nl/nieuwe-roulette-bonus/,0,4
https://puredeco.nl/nieuwe-roulette-casino-nederland/,0,4
https://puredeco.nl/nieuwe-slots-machines/,0,4
https://puredeco.nl/nieuwe-slots-nl/,0,4
https://puredeco.nl/dice-spelen-nederland/,0,4
https://puredeco.nl/dobbelspel-mobiel/,0,4
https://puredeco.nl/dobbelspel-voor-iphone/,0,4
https://puredeco.nl/keno-mobiel/,0,4
https://puredeco.nl/legaal-online-punto-banco/,0,4
https://puredeco.nl/nomini-casino-gratis-spins-zonder-deposit/,0,4
https://puredeco.nl/nyx-bets-casino-gratis-spins-zonder-deposit/,0,4
https://puredeco.nl/offshore-casino-nederland/,0,4
https://puredeco.nl/offshore-goksites-nederland/,0,4
https://puredeco.nl/olimpus-bet-casino-gratis-spins-zonder-deposit/,0,4
https://puredeco.nl/online-blackjack-lage-inzet/,0,4
https://puredeco.nl/online-blackjack-paypal/,0,4
https://puredeco.nl/online-blackjack-paysafecard/,0,4
https://puredeco.nl/online-blackjack-snelle-uitbetaling/,0,4
https://puredeco.nl/online-casino-100-gratis-spins/,0,4
https://puredeco.nl/online-casino-belgie-met-jackpot/,0,4
https://puredeco.nl/online-casino-betaalmogelijkheden/,0,4
https://puredeco.nl/online-casino-betalen-met-skrill/,0,4
https://puredeco.nl/online-casino-dat-snel-uitbetaalt/,0,4
https://puredeco.nl/online-casino-de-panne/,0,4
https://puredeco.nl/online-casino-diest/,0,4
https://puredeco.nl/online-casino-echtgeld-gratis/,0,4
https://puredeco.nl/online-casino-eeklo/,0,4
https://puredeco.nl/online-casino-geel/,0,4
https://puredeco.nl/online-casino-koksijde/,0,4
https://puredeco.nl/online-casino-met-hacksaw-gaming-spellen/,0,4
https://puredeco.nl/online-casino-ninove/,0,4
https://puredeco.nl/online-casino-storten-met-creditcard/,0,4
https://puredeco.nl/online-casino-temse/,0,4
https://puredeco.nl/online-casino-uitbetaling-1-uur/,0,4
https://puredeco.nl/online-casino-zeebrugge/,0,4
https://puredeco.nl/online-casino-zemst/,0,4
https://puredeco.nl/online-casino-zonder-licentie-nederland/,0,4
https://puredeco.nl/online-casino-zonder-wagering-requirements-nederland/,0,4
https://puredeco.nl/online-cluster-pays-slots-spelen/,0,4
https://puredeco.nl/online-dual-play-roulette-spelen/,0,4
https://puredeco.nl/online-gokken-blackjack/,0,4
https://puredeco.nl/online-gokken-maastricht/,0,4
https://puredeco.nl/online-gokken-met-google-pay/,0,4
https://puredeco.nl/online-gokken-overheid/,0,4
https://puredeco.nl/online-infinite-blackjack-spelen/,0,4
https://puredeco.nl/online-live-casino-hoog-uitbetalingspercentage/,0,4
https://puredeco.nl/online-megaways-slots-spelen/,0,4
https://puredeco.nl/online-poker-skrill/,0,4
https://puredeco.nl/online-roulette-bankoverschrijving/,0,4
https://puredeco.nl/ons-casino/,0,4
https://puredeco.nl/paysafecard-casino-nederland/,0,4
https://puredeco.nl/paysafecard-of-ideal-casino/,0,4
https://puredeco.nl/pirate-slots-nederland/,0,4
https://puredeco.nl/pirate-slots-spelen/,0,4
https://puredeco.nl/play-moola-casino-review-en-ervaringen-2026/,0,4
https://puredeco.nl/playamo-casino-gratis-spins-zonder-deposit/,0,4
https://puredeco.nl/playboom24-casino-bonuscode-en-promoties-2026/,0,4
https://puredeco.nl/poker-casino-bankoverschrijving/,0,4
https://puredeco.nl/poker-casino-met-free-spins/,0,4
https://puredeco.nl/poker-casino-uitbetaling-binnen-24-uur/,0,4
https://puredeco.nl/poker-casino-zonder-cruks/,0,4
https://puredeco.nl/poker-met-loyalty-programma/,0,4
https://puredeco.nl/poker-snelle-uitbetaling/,0,4
https://puredeco.nl/poker-storten-bitcoin/,0,4
https://puredeco.nl/populairste-casino-belgie-hoge-inzet/,0,4
https://puredeco.nl/populairste-casino-site-met-bonus/,0,4
https://puredeco.nl/populairste-casino-site-met-creditcard/,0,4
https://puredeco.nl/populairste-casino-site-met-paysafecard/,0,4
https://puredeco.nl/populairste-casino-site-nederland-voor-beginners/,0,4
https://puredeco.nl/populairste-craps-online/,0,4
https://puredeco.nl/populairste-dice-casino-nederland/,0,4
https://puredeco.nl/populairste-goksite-met-paypal/,0,4
https://puredeco.nl/populairste-goksite-nederland-met-ideal/,0,4
https://puredeco.nl/populairste-keno-casino/,0,4
https://puredeco.nl/populairste-live-casino-belgie/,0,4
https://puredeco.nl/populairste-online-casino-echt-geld/,0,4
https://puredeco.nl/populairste-online-casino-nederland-echt-geld/,0,4
https://puredeco.nl/populairste-online-casino-nederland-hoge-inzet/,0,4
https://puredeco.nl/power-blackjack-app/,0,4
https://puredeco.nl/power-play-casino-welkomstbonus-eerste-storting/,0,4
https://puredeco.nl/pribet-casino-bonuscode-en-promoties-2026/,0,4
https://puredeco.nl/promotie-ideal-online-casino/,0,4
https://puredeco.nl/qbet-casino-gratis-spins-zonder-deposit/,0,4
https://puredeco.nl/queen-play-casino-welkomstbonus-eerste-storting/,0,4
https://puredeco.nl/registratie-bonus-belgie/,0,4
https://puredeco.nl/reload-bonus-creditcard-online-casino/,0,4
https://puredeco.nl/reload-bonus-paypal-online-casino/,0,4
https://puredeco.nl/retro-slots-echt-geld/,0,4
https://puredeco.nl/retro-slots-met-bonus/,0,4
https://puredeco.nl/roulette-arnhem/,0,4
https://puredeco.nl/roulette-bankoverschrijving/,0,4
https://puredeco.nl/roulette-betalen-met-prepaid-kaart/,0,4
https://puredeco.nl/roulette-bonus-vergelijken/,0,4
https://puredeco.nl/roulette-casino-met-free-spins/,0,4
https://puredeco.nl/roulette-casino-top-5/,0,4
https://puredeco.nl/roulette-casino-visa/,0,4
https://puredeco.nl/roulette-nummers-voorspellen/,0,4
https://puredeco.nl/roulette-storten-met-ethereum/,0,4
https://puredeco.nl/roulette-strategieen/,0,4
https://puredeco.nl/roulette-uitbetaling-paysafecard/,0,4
https://puredeco.nl/roulette-valkenburg/,0,4
https://puredeco.nl/rummy-kaartspel-casino/,0,4
https://puredeco.nl/samiland-casino-welkomstbonus-eerste-storting/,0,4
https://puredeco.nl/scori-pro-casino-bonus-zonder-storting-2026/,0,4
https://puredeco.nl/single-deck-blackjack-casino-nederland/,0,4
https://puredeco.nl/single-deck-blackjack-online-nederland/,0,4
https://puredeco.nl/single-hand-blackjack-voor-geld/,0,4
https://puredeco.nl/sir-jackpot-betrouwbaar/,0,4
https://puredeco.nl/slotit-casino-bonus-zonder-storting-2026/,0,4
https://puredeco.nl/snelste-casino-uitbetaling-24-uur/,0,4
https://puredeco.nl/space-andromeda-casino-welkomstbonus-eerste-storting/,0,4
https://puredeco.nl/spanish-21-blackjack-echt-geld/,0,4
https://puredeco.nl/speelhal-arnhem/,0,4
https://puredeco.nl/speelhal-kampen/,0,4
https://puredeco.nl/speelhal-kortrijk/,0,4
https://puredeco.nl/speelhal-nieuwegein/,0,4
https://puredeco.nl/speelhal-oudenbosch/,0,4
https://puredeco.nl/speelhal-temse/,0,4
https://puredeco.nl/speelhal-veendam/,0,4
https://puredeco.nl/spin-time-casino-bonus-zonder-storting-2026/,0,4
https://puredeco.nl/spinch-casino-review-en-ervaringen-2026/,0,4
https://puredeco.nl/spinsbro-casino-bonuscode-en-promoties-2026/,0,4
https://puredeco.nl/sportgokken-met-bonus/,0,4
https://puredeco.nl/startbonus-overzicht-casino/,0,4
https://puredeco.nl/starzino-casino-welkomstbonus-eerste-storting/,0,4
https://puredeco.nl/super-joker-gokkast-online/,0,4
https://puredeco.nl/terugkeer-bonus-zonder-storting-casino/,0,4
https://puredeco.nl/top-10-casino-site/,0,4
https://puredeco.nl/top-10-crypto-casino-belgie/,0,4
https://puredeco.nl/top-10-online-casino-2026/,0,4
https://puredeco.nl/top-20-goksites-2026/,0,4
https://puredeco.nl/top-5-casino-app-nederland/,0,4
https://puredeco.nl/ucobet-casino-bonus-zonder-storting-2026/,0,4
https://puredeco.nl/vegadream-casino-gratis-spins-zonder-deposit/,0,4
https://puredeco.nl/veilig-casino-app-nederland-2025/,0,4
https://puredeco.nl/veilig-punto-banco-casino/,0,4
https://puredeco.nl/veilig-roulette-casino-nederland/,0,4
https://puredeco.nl/verdien-met-casino/,0,4
https://puredeco.nl/verschil-ideal-of-paypal-casino/,0,4
https://puredeco.nl/verschil-online-gokken-of-live-casino/,0,4
https://puredeco.nl/video-bingo-online/,0,4
https://puredeco.nl/video-poker-uitbetaling-crypto/,0,4
https://puredeco.nl/virtuele-slots/,0,4
https://puredeco.nl/voetbal-gokkasten-online/,0,4
https://puredeco.nl/waar-kan-ik-let-it-ride-poker-spelen/,0,4
https://puredeco.nl/waar-kan-ik-retro-slots-spelen/,0,4
https://puredeco.nl/waar-live-dragon-tiger-spelen-casino/,0,4
https://puredeco.nl/wat-is-beter-casino-met-of-zonder-cruks/,0,4
https://puredeco.nl/welke-casino-heeft-video-poker/,0,4
https://puredeco.nl/welke-online-casino-accepteert-bitcoin/,0,4
https://puredeco.nl/welke-slotenmaker-is-betrouwbaar/,0,4
https://puredeco.nl/welkomstbonus-nederland-casino/,0,4
https://puredeco.nl/wild-io-casino-bonus-zonder-storting-2026/,0,4
https://puredeco.nl/wildz-casino-bonuscode-en-promoties-2026/,0,4
https://puredeco.nl/wildz-casino-review-en-ervaringen-2026/,0,4
https://puredeco.nl/zinkra-casino-review-en-ervaringen-2026/,0,4
https://puredeco.nl/zodiac-casino-welkomstbonus-eerste-storting/,0,4
https://puredeco.nl/zomer-bonus-overzicht-casino/,0,4
https://puredeco.nl/snelste-online-casino-2025/,0,4
https://puredeco.nl/casino-maldegem/,2,3
https://puredeco.nl/100-gratis-spins-bij-registratie/,1,3
https://puredeco.nl/250-gratis-spins-zonder-storting/,1,3
https://puredeco.nl/beste-6-rollen-gokkasten/,1,3
https://puredeco.nl/beste-casino-enkhuizen/,1,3
https://puredeco.nl/beste-roulette-met-loyalty-programma/,1,3
https://puredeco.nl/casino-bonus-juli/,1,3
https://puredeco.nl/casino-wetteren/,1,3
https://puredeco.nl/casino-zaventem/,1,3
https://puredeco.nl/gokhal-vilvoorde/,1,3
https://puredeco.nl/gokken-vanaf-10-cent-inzet/,1,3
https://puredeco.nl/goldrun-casino-bonuscode-en-promoties-2026/,1,3
https://puredeco.nl/legaal-online-casino-nederland-2025/,1,3
https://puredeco.nl/nieuwe-promotie-online-casino/,1,3
https://puredeco.nl/speelautomatenhal-steenwijk/,1,3
https://puredeco.nl/speelhal-eeklo/,1,3
https://puredeco.nl/speelhal-roeselare/,1,3
https://puredeco.nl/10-euro-gokken-online/,0,3
https://puredeco.nl/100-gratis-spins-nederland/,0,3
https://puredeco.nl/100-gratis-spins-zonder-storting/,0,3
https://puredeco.nl/25-gratis-spins-zonder-storting/,0,3
https://puredeco.nl/5-gratis-spins-zonder-storting/,0,3
https://puredeco.nl/50-winlijnen-gokkasten/,0,3
https://puredeco.nl/777-casino-bonus-zonder-storting-2026/,0,3
https://puredeco.nl/777-nl-casino-bonus-zonder-storting-2026/,0,3
https://puredeco.nl/90-ball-bingo-app/,0,3
https://puredeco.nl/american-roulette-echt-geld/,0,3
https://puredeco.nl/amerikaanse-roulette-spelen-voor-geld/,0,3
https://puredeco.nl/amonbet-casino-bonuscode-en-promoties-2026/,0,3
https://puredeco.nl/amusementshal-almelo/,0,3
https://puredeco.nl/amusementshal-nieuwegein/,0,3
https://puredeco.nl/amusementshal-schiedam/,0,3
https://puredeco.nl/animal-slots-spelen/,0,3
https://puredeco.nl/atlantic-city-blackjack-voor-geld/,0,3
https://puredeco.nl/belgische-casino-no-deposit-bonus/,0,3
https://puredeco.nl/belgische-goksite-bancontact/,0,3
https://puredeco.nl/belgische-goksite-legaal/,0,3
https://puredeco.nl/best-beoordeeld-online-casino/,0,3
https://puredeco.nl/beste-aanmeldbonus-nederland-casino/,0,3
https://puredeco.nl/beste-blackjack-bonus/,0,3
https://puredeco.nl/beste-blackjack-met-echt-geld/,0,3
https://puredeco.nl/beste-bonus-buy-gokkasten-nederland/,0,3
https://puredeco.nl/beste-caribbean-stud-poker-casino/,0,3
https://puredeco.nl/beste-casino-alkmaar/,0,3
https://puredeco.nl/beste-casino-belgie-zonder-vergunning/,0,3
https://puredeco.nl/beste-casino-bitcoin/,0,3
https://puredeco.nl/beste-casino-bonus-januari/,0,3
https://puredeco.nl/beste-casino-bredene/,0,3
https://puredeco.nl/beste-casino-bussum/,0,3
https://puredeco.nl/beste-casino-chaudfontaine/,0,3
https://puredeco.nl/beste-casino-de-panne/,0,3
https://puredeco.nl/beste-casino-drenthe/,0,3
https://puredeco.nl/beste-casino-eeklo/,0,3
https://puredeco.nl/beste-casino-google-pay/,0,3
https://puredeco.nl/beste-casino-ieper/,0,3
https://puredeco.nl/beste-casino-lage-storting-2026/,0,3
https://puredeco.nl/beste-casino-middelkerke/,0,3
https://puredeco.nl/beste-casino-nederland-hoge-inzet/,0,3
https://puredeco.nl/beste-casino-nederland-zonder-cruks/,0,3
https://puredeco.nl/beste-casino-oldenzaal/,0,3
https://puredeco.nl/beste-casino-promotie/,0,3
https://puredeco.nl/beste-casino-rotterdam/,0,3
https://puredeco.nl/beste-casino-site-met-creditcard/,0,3
https://puredeco.nl/beste-casino-site-met-loyalty-programma/,0,3
https://puredeco.nl/beste-casino-snel-geld-opnemen/,0,3
https://puredeco.nl/beste-casino-ter-wereld/,0,3
https://puredeco.nl/beste-casino-tilburg/,0,3
https://puredeco.nl/beste-casino-uitbetaling-dezelfde-dag-2025/,0,3
https://puredeco.nl/beste-casino-veel-spellen/,0,3
https://puredeco.nl/beste-casino-voor-vip/,0,3
https://puredeco.nl/beste-casino-vorst/,0,3
https://puredeco.nl/beste-casino-zonder-verificatie/,0,3
https://puredeco.nl/beste-classic-blackjack-nederland/,0,3
https://puredeco.nl/beste-cluster-pays-slots/,0,3
https://puredeco.nl/beste-craps-casino-nederland/,0,3
https://puredeco.nl/beste-gokkasten-casino-de-haan/,0,3
https://puredeco.nl/beste-gokkasten-met-echt-geld/,0,3
https://puredeco.nl/beste-gokkasten-nederland/,0,3
https://puredeco.nl/beste-gokkasten-voor-beginners/,0,3
https://puredeco.nl/beste-gokken-met-bankoverschrijving/,0,3
https://puredeco.nl/beste-gokken-met-ideal/,0,3
https://puredeco.nl/beste-goksite-bankoverschrijving/,0,3
https://puredeco.nl/beste-goksite-belgie-betrouwbaar/,0,3
https://puredeco.nl/beste-goksite-google-pay-nederland/,0,3
https://puredeco.nl/beste-goksite-lage-storting/,0,3
https://puredeco.nl/beste-goksite-nederland-snelle-uitbetaling/,0,3
https://puredeco.nl/beste-goksite-paypal-nederland/,0,3
https://puredeco.nl/beste-goksite-skrill-nederland/,0,3
https://puredeco.nl/beste-goksite-snelle-registratie/,0,3
https://puredeco.nl/beste-goksite-trustly-nederland/,0,3
https://puredeco.nl/beste-high-volatility-gokkasten-casino/,0,3
https://puredeco.nl/beste-klassiek-casino/,0,3
https://puredeco.nl/beste-krasloten-casino-nederland/,0,3
https://puredeco.nl/beste-live-bingo/,0,3
https://puredeco.nl/beste-live-casino-zonder-storting/,0,3
https://puredeco.nl/beste-megaways-gokkasten-nederland/,0,3
https://puredeco.nl/beste-mini-roulette-casino/,0,3
https://puredeco.nl/beste-online-casino-2026/,0,3
https://puredeco.nl/beste-online-casino-belgie-mobiel/,0,3
https://puredeco.nl/beste-online-casino-bitcoin/,0,3
https://puredeco.nl/beste-online-casino-dordrecht/,0,3
https://puredeco.nl/beste-online-casino-met-sportsbetting/,0,3
https://puredeco.nl/beste-online-casino-nederland-mobiel/,0,3
https://puredeco.nl/beste-online-casino-skrill/,0,3
https://puredeco.nl/beste-online-casino-voor-highrollers/,0,3
https://puredeco.nl/beste-online-casino-zonder-bonus/,0,3
https://puredeco.nl/beste-online-casino-zwolle/,0,3
https://puredeco.nl/beste-online-goksites/,0,3
https://puredeco.nl/beste-poker-casino-nederland-2026/,0,3
https://puredeco.nl/beste-poker-met-licentie/,0,3
https://puredeco.nl/beste-power-blackjack-nederland/,0,3
https://puredeco.nl/beste-risico-vrije-weddenschap-casino/,0,3
https://puredeco.nl/beste-roulette-hoge-inzet/,0,3
https://puredeco.nl/beste-roulette-lage-inzet/,0,3
https://puredeco.nl/beste-scratch-cards-app-casino/,0,3
https://puredeco.nl/beste-space-slots/,0,3
https://puredeco.nl/beste-speed-roulette-nederland/,0,3
https://puredeco.nl/beste-stortingsbonus-casino/,0,3
https://puredeco.nl/bestes-roulette-system/,0,3
https://puredeco.nl/betaald-blackjack-online/,0,3
https://puredeco.nl/betalen-met-telefoon-casino/,0,3
https://puredeco.nl/beter-bingo-nederlands/,0,3
https://puredeco.nl/betiro-casino-bonuscode-en-promoties-2026/,0,3
https://puredeco.nl/betnation-casino-bonus-zonder-storting-2026/,0,3
https://puredeco.nl/betonline-casino-gratis-spins-zonder-deposit/,0,3
https://puredeco.nl/betrouwbaar-baccarat-nederland/,0,3
https://puredeco.nl/betrouwbaar-casino-belgie-zonder-cruks/,0,3
https://puredeco.nl/betrouwbaar-casino-met-paypal/,0,3
https://puredeco.nl/betrouwbaar-casino-met-welkomstbonus/,0,3
https://puredeco.nl/betrouwbaar-casino-site-met-creditcard/,0,3
https://puredeco.nl/betrouwbaar-casino-site-met-jackpot/,0,3
https://puredeco.nl/betrouwbaar-casino-site-met-vergunning/,0,3
https://puredeco.nl/betrouwbaar-goksite-belgie-voor-beginners/,0,3
https://puredeco.nl/betrouwbaar-online-casino-bankoverschrijving/,0,3
https://puredeco.nl/betrouwbaar-online-casino-nederland-met-cashback/,0,3
https://puredeco.nl/betrouwbaar-wedden-op-sport/,0,3
https://puredeco.nl/betrouwbare-goksites/,0,3
https://puredeco.nl/betrouwbare-online-casino-echt-geld/,0,3
https://puredeco.nl/betsomnia-casino-bonus-zonder-storting-2026/,0,3
https://puredeco.nl/betspino-casino-bonus-zonder-storting-2026/,0,3
https://puredeco.nl/betspino-casino-gratis-spins-zonder-deposit/,0,3
https://puredeco.nl/bingo-betalen-met-skrill/,0,3
https://puredeco.nl/bingo-bonus-zonder-storting/,0,3
https://puredeco.nl/bingo-casino-review/,0,3
https://puredeco.nl/bingo-je-wint-een-prijs-naar-keuze/,0,3
https://puredeco.nl/bingo-kaartjes-tot-20/,0,3
https://puredeco.nl/bingo-met-paypal/,0,3
https://puredeco.nl/bingo-nijmegen/,0,3
https://puredeco.nl/bingo-storten-met-mobiel-betalen/,0,3
https://puredeco.nl/bingo-uitbetaling-creditcard/,0,3
https://puredeco.nl/bingo-zonder-registratie/,0,3
https://puredeco.nl/bingokaarten-tot-20/,0,3
https://puredeco.nl/black-jack-puntentelling-casino/,0,3
https://puredeco.nl/black-jack-tafel-casino/,0,3
https://puredeco.nl/blackjack-10-euro-inzet/,0,3
https://puredeco.nl/blackjack-antwerpen/,0,3
https://puredeco.nl/blackjack-badhoevedorp/,0,3
https://puredeco.nl/blackjack-betalen-met-paysafecard/,0,3
https://puredeco.nl/blackjack-casino-paypal/,0,3
https://puredeco.nl/blackjack-casino-uitbetaling-binnen-24-uur/,0,3
https://puredeco.nl/blackjack-delfzijl/,0,3
https://puredeco.nl/blackjack-gelijk-met-bank/,0,3
https://puredeco.nl/blackjack-kaart/,0,3
https://puredeco.nl/blackjack-lage-inzet/,0,3
https://puredeco.nl/blackjack-litecoin/,0,3
https://puredeco.nl/blackjack-luik/,0,3
https://puredeco.nl/blackjack-mastercard/,0,3
https://puredeco.nl/blackjack-party-minimum-inzet/,0,3
https://puredeco.nl/blackjack-storten-met-paypal/,0,3
https://puredeco.nl/blackjack-tiel/,0,3
https://puredeco.nl/blackjack-zonder-registratie/,0,3
https://puredeco.nl/bonus-code-casino-creditcard/,0,3
https://puredeco.nl/bonus-code-paysafecard-online-casino/,0,3
https://puredeco.nl/bonus-zonder-storting-casino-creditcard/,0,3
https://puredeco.nl/bonus-zonder-storting-ideal-online-casino/,0,3
https://puredeco.nl/bonus-zonder-storting-paypal-online-casino/,0,3
https://puredeco.nl/bonus-zonder-storting-vergelijken-casino/,0,3
https://puredeco.nl/bonuscode-creditcard-online-casino/,0,3
https://puredeco.nl/bonuscode-paypal-online-casino/,0,3
https://puredeco.nl/booms-bet-casino-bonus-zonder-storting-2026/,0,3
https://puredeco.nl/buitenlands-casino-met-paypal/,0,3
https://puredeco.nl/buitenlandse-goksites/,0,3
https://puredeco.nl/caribbean-stud-met-bonus/,0,3
https://puredeco.nl/caribbean-stud-poker-hoge-inzet/,0,3
https://puredeco.nl/cashback-casino-nederland-2025/,0,3
https://puredeco.nl/cashimashi-casino-bonuscode-en-promoties-2026/,0,3
https://puredeco.nl/casino-20-euro-free-bet-nederland/,0,3
https://puredeco.nl/casino-20-euro-inzet/,0,3
https://puredeco.nl/casino-5-euro-inzet/,0,3
https://puredeco.nl/casino-500-free-spins-zonder-storting/,0,3
https://puredeco.nl/casino-aanbieders-nederland-overzicht/,0,3
https://puredeco.nl/casino-aanbieding-vergelijken/,0,3
https://puredeco.nl/casino-anna-paulowna/,0,3
https://puredeco.nl/casino-antwerpen-openingsuren/,0,3
https://puredeco.nl/casino-app-aanbeveling/,0,3
https://puredeco.nl/casino-app-belgie-bancontact/,0,3
https://puredeco.nl/casino-belgie-minimum-storting-20-euro/,0,3
https://puredeco.nl/casino-belgie-minimum-storting-5-euro/,0,3
https://puredeco.nl/casino-belgie-neteller/,0,3
https://puredeco.nl/casino-bij-brussel/,0,3
https://puredeco.nl/casino-bij-dendermonde/,0,3
https://puredeco.nl/casino-bij-eindhoven/,0,3
https://puredeco.nl/casino-bij-oldenzaal/,0,3
https://puredeco.nl/casino-bonus-breda/,0,3
https://puredeco.nl/casino-bonus-enschede/,0,3
https://puredeco.nl/casino-brugge-gratis-spins/,0,3
https://puredeco.nl/casino-brussel-met-bonus/,0,3
https://puredeco.nl/casino-buiten-cruks-2026/,0,3
https://puredeco.nl/casino-cash-uitbetalen/,0,3
https://puredeco.nl/casino-contant-uitbetalen/,0,3
https://puredeco.nl/casino-dat-paysafecard-accepteert/,0,3
https://puredeco.nl/casino-delfzijl-online/,0,3
https://puredeco.nl/casino-den-haag-online/,0,3
https://puredeco.nl/casino-dinant-spellen/,0,3
https://puredeco.nl/casino-direct-storten-ideal/,0,3
https://puredeco.nl/casino-dobbelstenen/,0,3
https://puredeco.nl/casino-dukenburg/,0,3
https://puredeco.nl/casino-elk-studios-spellen-nederland/,0,3
https://puredeco.nl/casino-geld-opnemen-bitcoin/,0,3
https://puredeco.nl/casino-gent-met-bancontact/,0,3
https://puredeco.nl/casino-gratis-spins/,0,3
https://puredeco.nl/casino-heerhugowaard-online/,0,3
https://puredeco.nl/casino-hold-em-poker-online/,0,3
https://puredeco.nl/casino-holdem-app/,0,3
https://puredeco.nl/casino-huizen-online/,0,3
https://puredeco.nl/casino-ijmuiden/,0,3
https://puredeco.nl/casino-in-reusel/,0,3
https://puredeco.nl/casino-in-zeeland/,0,3
https://puredeco.nl/casino-inzet/,0,3
https://puredeco.nl/casino-kleine-inzet/,0,3
https://puredeco.nl/casino-korting-zonder-storting/,0,3
https://puredeco.nl/casino-kortrijk-met-bancontact/,0,3
https://puredeco.nl/casino-lemmer/,0,3
https://puredeco.nl/casino-met-curacao-licentie/,0,3
https://puredeco.nl/casino-met-meeste-winnaars/,0,3
https://puredeco.nl/casino-met-payconiq/,0,3
https://puredeco.nl/casino-met-push-gaming-spellen/,0,3
https://puredeco.nl/casino-met-speelgeld-bonus/,0,3
https://puredeco.nl/casino-met-startgeld-ervaringen/,0,3
https://puredeco.nl/casino-met-virtuele-sporten-nederland/,0,3
https://puredeco.nl/casino-met-wedden-op-sport/,0,3
https://puredeco.nl/casino-met-wekelijks-cashback/,0,3
https://puredeco.nl/casino-middelkerke-reserveren/,0,3
https://puredeco.nl/casino-middelkerke-spellen/,0,3
https://puredeco.nl/casino-minimum-storting-100-euro/,0,3
https://puredeco.nl/casino-mobiel-betalen-nederland/,0,3
https://puredeco.nl/casino-mobile-friendly/,0,3
https://puredeco.nl/casino-mol/,0,3
https://puredeco.nl/casino-namur-online/,0,3
https://puredeco.nl/casino-namur-roulette/,0,3
https://puredeco.nl/casino-op-je-telefoon/,0,3
https://puredeco.nl/casino-op-smartphone-spelen/,0,3
https://puredeco.nl/casino-opwaarderen-met-telefoon/,0,3
https://puredeco.nl/casino-promotie-met-ideal/,0,3
https://puredeco.nl/casino-registratiebonus/,0,3
https://puredeco.nl/casino-rotterdam-online/,0,3
https://puredeco.nl/casino-spa-openingsuren/,0,3
https://puredeco.nl/casino-storten-trustly-opnemen-trustly/,0,3
https://puredeco.nl/casino-storten-vanaf-50-euro/,0,3
https://puredeco.nl/casino-stortingsbonus-met-paypal/,0,3
https://puredeco.nl/casino-stortingslimiet/,0,3
https://puredeco.nl/casino-uitbetaling-binnen-direct/,0,3
https://puredeco.nl/casino-uitbetaling-in-wacht/,0,3
https://puredeco.nl/casino-uitbetaling-mobiel-betalen/,0,3
https://puredeco.nl/casino-uitbetaling-tijd/,0,3
https://puredeco.nl/casino-uitbetaling-via-creditcard/,0,3
https://puredeco.nl/casino-uitbetaling-via-crypto/,0,3
https://puredeco.nl/casino-uitbetaling-via-ethereum/,0,3
https://puredeco.nl/casino-uitbetaling-via-trustly/,0,3
https://puredeco.nl/casino-voor-jongeren-nederland/,0,3
https://puredeco.nl/casino-voucher-vergelijken/,0,3
https://puredeco.nl/casino-zeist-online/,0,3
https://puredeco.nl/casino-zonder-cruks/,0,3
https://puredeco.nl/casino-zonder-licentie-ervaringen/,0,3
https://puredeco.nl/casino-zonder-paspoort/,0,3
https://puredeco.nl/casino-zonder-stortingslimiet-nederland/,0,3
https://puredeco.nl/casino-zonder-vergunning-gratis-spins/,0,3
https://puredeco.nl/cazeus-casino-bonuscode-en-promoties-2026/,0,3
https://puredeco.nl/chalk-casino-welkomstbonus-eerste-storting/,0,3
https://puredeco.nl/classic-slots-casino-nederland/,0,3
https://puredeco.nl/classic-slots-echt-geld/,0,3
https://puredeco.nl/cluster-pays-slots-spelen/,0,3
https://puredeco.nl/coinpoker-casino-welkomstbonus-eerste-storting/,0,3
https://puredeco.nl/corgislot-casino-gratis-spins-zonder-deposit/,0,3
https://puredeco.nl/craps-met-welkomstbonus/,0,3
https://puredeco.nl/cruise-casino-review-en-ervaringen-2026/,0,3
https://puredeco.nl/cruks-contact-casino/,0,3
https://puredeco.nl/crypto-casino-ervaringen/,0,3
https://puredeco.nl/crystalroll-casino-review-en-ervaringen-2026/,0,3
https://puredeco.nl/dachbet-casino-gratis-spins-zonder-deposit/,0,3
https://puredeco.nl/de-vries-gokkasten/,0,3
https://puredeco.nl/dice-casino-alternatieven/,0,3
https://puredeco.nl/dice-casino-vergelijken/,0,3
https://puredeco.nl/dice-storten-met-paypal/,0,3
https://puredeco.nl/dice-uitbetaling-crypto/,0,3
https://puredeco.nl/dice-uitbetaling/,0,3
https://puredeco.nl/dieren-gokkasten-echt-geld/,0,3
https://puredeco.nl/dream-catcher-casino-nederland/,0,3
https://puredeco.nl/dual-play-roulette-casino/,0,3
https://puredeco.nl/dual-play-roulette-nederland/,0,3
https://puredeco.nl/eerste-storting-bonus-overzicht-casino/,0,3
https://puredeco.nl/eerste-storting-bonus-paypal-online-casino/,0,3
https://puredeco.nl/egypte-gokkasten-online/,0,3
https://puredeco.nl/egyptian-slots-echt-geld/,0,3
https://puredeco.nl/emirbet-casino-review-en-ervaringen-2026/,0,3
https://puredeco.nl/european-roulette-casino/,0,3
https://puredeco.nl/europese-casino-in-nederland/,0,3
https://puredeco.nl/eurotierce-casino-bonuscode-en-promoties-2026/,0,3
https://puredeco.nl/exclusief-casino-aanbod-nederland/,0,3
https://puredeco.nl/farao-gokkasten-online/,0,3
https://puredeco.nl/fat-pirate-casino-gratis-spins-zonder-deposit/,0,3
https://puredeco.nl/fgfox-casino-review-en-ervaringen-2026/,0,3
https://puredeco.nl/flamingo-casino-welkomstbonus-eerste-storting/,0,3
https://puredeco.nl/flashdash-casino-welkomstbonus-eerste-storting/,0,3
https://puredeco.nl/frans-roulette-nederlands-casino/,0,3
https://puredeco.nl/franse-roulette-uitbetaling/,0,3
https://puredeco.nl/free-bet-blackjack-app/,0,3
https://puredeco.nl/fun-gokkasten/,0,3
https://puredeco.nl/geld-gokken-online/,0,3
https://puredeco.nl/ggpoker-casino-bonus-zonder-storting-2026/,0,3
https://puredeco.nl/ggpoker-casino-gratis-spins-zonder-deposit/,0,3
https://puredeco.nl/goede-casino-app-nederland/,0,3
https://puredeco.nl/goede-casino-nederland/,0,3
https://puredeco.nl/goede-online-casino-2025/,0,3
https://puredeco.nl/goedkoopste-casino-app-nederland-2026/,0,3
https://puredeco.nl/gokhal-bergen/,0,3
https://puredeco.nl/gokhal-lokeren/,0,3
https://puredeco.nl/gokhal-uitgeest/,0,3
https://puredeco.nl/gokkast-leeghalen/,0,3
https://puredeco.nl/gokkast-online/,0,3
https://puredeco.nl/gokkast-spelletjes-spelen/,0,3
https://puredeco.nl/gokkasten-50-euro-inzet/,0,3
https://puredeco.nl/gokkasten-etten/,0,3
https://puredeco.nl/gokkasten-gebruiken/,0,3
https://puredeco.nl/gokkasten-lotus/,0,3
https://puredeco.nl/gokkasten-merken/,0,3
https://puredeco.nl/gokkasten-met-autoplay-nederland/,0,3
https://puredeco.nl/gokkasten-met-bonusspel-met-bonus/,0,3
https://puredeco.nl/gokkasten-met-free-spins-feature-hoge-inzet/,0,3
https://puredeco.nl/gokkasten-met-hoge-volatiliteit-nederland/,0,3
https://puredeco.nl/gokkasten-met-licentie/,0,3
https://puredeco.nl/gokkasten-met-meeste-winst/,0,3
https://puredeco.nl/gokkasten-met-scatter-app/,0,3
https://puredeco.nl/gokkasten-met-scatter-minimum-inzet/,0,3
https://puredeco.nl/gokkasten-met-scatter-nederland/,0,3
https://puredeco.nl/gokkasten-met-scatter-spelen-voor-geld/,0,3
https://puredeco.nl/gokkasten-met-scatter/,0,3
https://puredeco.nl/gokkasten-rotterdam/,0,3
https://puredeco.nl/gokkasten-site-review/,0,3
https://puredeco.nl/gokkasten-storten-met-prepaid-kaart/,0,3
https://puredeco.nl/gokkasten-zonder-cruks-nederland/,0,3
https://puredeco.nl/gokken-harderwijk/,0,3
https://puredeco.nl/gokken-in-eeklo/,0,3
https://puredeco.nl/gokken-in-kapellen/,0,3
https://puredeco.nl/gokken-in-lokeren/,0,3
https://puredeco.nl/gokken-in-maldegem/,0,3
https://puredeco.nl/gokken-in-mortsel/,0,3
https://puredeco.nl/gokken-in-online-casino/,0,3
https://puredeco.nl/gokken-in-oss/,0,3
https://puredeco.nl/gokken-in-sint-truiden/,0,3
https://puredeco.nl/gokken-in-utrecht/,0,3
https://puredeco.nl/gokken-in-vilvoorde/,0,3
https://puredeco.nl/gokken-met-3-euro/,0,3
https://puredeco.nl/gokken-op-gokkasten/,0,3
https://puredeco.nl/gokken-vanaf-50-euro/,0,3
https://puredeco.nl/gokken-zonder-cruks/,0,3
https://puredeco.nl/goksite-ethereum/,0,3
https://puredeco.nl/goksite-kortrijk/,0,3
https://puredeco.nl/goksite-leuven/,0,3
https://puredeco.nl/goksite-met-mobiel-betalen/,0,3
https://puredeco.nl/goksite-met-neteller/,0,3
https://puredeco.nl/goksite-met-startgeld/,0,3
https://puredeco.nl/goksite-met-virtuele-sporten-nederland/,0,3
https://puredeco.nl/goksites-met-gratis-registratie-bonus/,0,3
https://puredeco.nl/gokspellen-echt-geld-casino/,0,3
https://puredeco.nl/gonzabet-casino-gratis-spins-zonder-deposit/,0,3
https://puredeco.nl/gonzabet-casino-welkomstbonus-eerste-storting/,0,3
https://puredeco.nl/goslot-casino-review-en-ervaringen-2026/,0,3
https://puredeco.nl/goud-gokkasten/,0,3
https://puredeco.nl/gratis-bingo-echt-geld-winnen/,0,3
https://puredeco.nl/gratis-bingo-geld-zonder-storten/,0,3
https://puredeco.nl/gratis-bingo-spelen-voor-echt-geld/,0,3
https://puredeco.nl/gratis-geld-bonus-vergelijken-casino/,0,3
https://puredeco.nl/gratis-spins-2026/,0,3
https://puredeco.nl/gratis-spins-bij-registratie/,0,3
https://puredeco.nl/grootste-goksites-ter-wereld/,0,3
https://puredeco.nl/grootste-goksites/,0,3
https://puredeco.nl/gxmble-casino-gratis-spins-zonder-deposit/,0,3
https://puredeco.nl/happy-spins-casino-review-en-ervaringen-2026/,0,3
https://puredeco.nl/hard-rock-casino-bonus-zonder-storting-2026/,0,3
https://puredeco.nl/hard-rock-casino-gratis-spins-zonder-deposit/,0,3
https://puredeco.nl/highroller-bonus-online-casino-nederland/,0,3
https://puredeco.nl/hoogste-bonus-online-casino/,0,3
https://puredeco.nl/hoogste-kerst-bonus-casino/,0,3
https://puredeco.nl/hoogste-roulette-bonus/,0,3
https://puredeco.nl/hoogste-wekelijkse-bonus-casino/,0,3
https://puredeco.nl/hoogste-zomer-bonus-casino/,0,3
https://puredeco.nl/ideal-storten-casino-nederland/,0,3
https://puredeco.nl/igobet-casino-bonuscode-en-promoties-2026/,0,3
https://puredeco.nl/illegale-goksites/,0,3
https://puredeco.nl/immersive-roulette-app/,0,3
https://puredeco.nl/immersive-roulette-online-nederland/,0,3
https://puredeco.nl/infinite-blackjack-lage-inzet/,0,3
https://puredeco.nl/infinite-blackjack-voor-geld/,0,3
https://puredeco.nl/ing-bank-creditcard-casino/,0,3
https://puredeco.nl/inschrijvingsbonus-casino/,0,3
https://puredeco.nl/instant-gaming-review-casino/,0,3
https://puredeco.nl/jackpot-gokkasten-lage-inzet/,0,3
https://puredeco.nl/jungle-gokkasten-online/,0,3
https://puredeco.nl/justbit-casino-gratis-spins-zonder-deposit/,0,3
https://puredeco.nl/kakadu-casino-gratis-spins-zonder-deposit/,0,3
https://puredeco.nl/kans-roulette-rood/,0,3
https://puredeco.nl/kansen-bij-roulette/,0,3
https://puredeco.nl/keno-betalen-met-apple-pay/,0,3
https://puredeco.nl/keno-casino-google-pay/,0,3
https://puredeco.nl/klassieke-gokkasten-casino-nederland/,0,3
https://puredeco.nl/krasloten-snelle-uitbetaling/,0,3
https://puredeco.nl/lala-stars-casino-welkomstbonus-eerste-storting/,0,3
https://puredeco.nl/legaal-blackjack-casino/,0,3
https://puredeco.nl/legaal-blackjack-site/,0,3
https://puredeco.nl/legaal-casino-hoge-inzet/,0,3
https://puredeco.nl/legaal-casino-kortrijk/,0,3
https://puredeco.nl/legaal-casino-leuven/,0,3
https://puredeco.nl/legaal-casino-nederland-met-bonus/,0,3
https://puredeco.nl/legaal-casino-oostende/,0,3
https://puredeco.nl/legaal-casino-site-belgie-zonder-cruks/,0,3
https://puredeco.nl/legaal-casino-site-nederland-met-app/,0,3
https://puredeco.nl/legaal-goksite-belgie-mobiel/,0,3
https://puredeco.nl/legaal-goksite-met-creditcard/,0,3
https://puredeco.nl/legaal-goksite-nederland-snelle-uitbetaling/,0,3
https://puredeco.nl/legaal-roulette-site/,0,3
https://puredeco.nl/legaal-sportweddenschappen-nederland/,0,3
https://puredeco.nl/legale-casino-aanbieders-belgie/,0,3
https://puredeco.nl/let-it-ride-poker-met-bonus/,0,3
https://puredeco.nl/leuke-bingo-spelletjes/,0,3
https://puredeco.nl/leukste-gokkasten-online/,0,3
https://puredeco.nl/lijst-online-casino/,0,3
https://puredeco.nl/link-gokkasten/,0,3
https://puredeco.nl/live-bingo-spelen/,0,3
https://puredeco.nl/live-casino-betalen-met-litecoin/,0,3
https://puredeco.nl/live-casino-bonus-nederland/,0,3
https://puredeco.nl/live-casino-creditcard/,0,3
https://puredeco.nl/live-casino-leeuwarden/,0,3
https://puredeco.nl/live-casino-maximaal-2-euro/,0,3
https://puredeco.nl/live-casino-met-jackpot/,0,3
https://puredeco.nl/live-casino-online/,0,3
https://puredeco.nl/live-casino-storten-met-prepaid-kaart/,0,3
https://puredeco.nl/live-casino-storten-paysafecard/,0,3
https://puredeco.nl/live-casino-vanaf-10-cent/,0,3
https://puredeco.nl/live-mega-ball-voor-geld-casino/,0,3
https://puredeco.nl/live-slots-nederland/,0,3
https://puredeco.nl/low-volatility-gokkasten-casino-nederland/,0,3
https://puredeco.nl/lupin-casino-bonus-zonder-storting-2026/,0,3
https://puredeco.nl/luxury-slots-casino-nederland/,0,3
https://puredeco.nl/maandelijkse-bonus-zonder-storting-casino/,0,3
https://puredeco.nl/magie-gokkasten-echt-geld/,0,3
https://puredeco.nl/manga-casino-bonus-zonder-storting-2026/,0,3
https://puredeco.nl/meest-betrouwbare-casino-app-2026/,0,3
https://puredeco.nl/meest-gespeelde-nummers-roulette/,0,3
https://puredeco.nl/meest-populaire-casino-nederland/,0,3
https://puredeco.nl/meest-populaire-casino-site-2026/,0,3
https://puredeco.nl/meest-populaire-casino-site-nederland/,0,3
https://puredeco.nl/meest-winstgevende-goksite-nederland-2025/,0,3
https://puredeco.nl/mobiel-roulette/,0,3
https://puredeco.nl/mr-sloty-casino-bonuscode-en-promoties-2026/,0,3
https://puredeco.nl/mr-sloty-casino-welkomstbonus-eerste-storting/,0,3
https://puredeco.nl/mrgreen-casino-gratis-spins-zonder-deposit/,0,3
https://puredeco.nl/mrgreen-casino-welkomstbonus-eerste-storting/,0,3
https://puredeco.nl/multi-hand-blackjack-casino-nederland/,0,3
https://puredeco.nl/multiwheel-roulette-uitbetaling/,0,3
https://puredeco.nl/music-slots-voor-geld/,0,3
https://puredeco.nl/mythology-slots-spelen/,0,3
https://puredeco.nl/nederlands-casino-speelkaarten/,0,3
https://puredeco.nl/nederlandse-casino-online-gokken-app/,0,3
https://puredeco.nl/nederlandse-casino-online-inloggen/,0,3
https://puredeco.nl/nederlandse-casino-uitbetaling-op-rekening/,0,3
https://puredeco.nl/neteller-storten-casino-nederland/,0,3
https://puredeco.nl/nieuw-casino-badhoevedorp/,0,3
https://puredeco.nl/nieuw-casino-leiden/,0,3
https://puredeco.nl/nieuw-casino-sint-niklaas/,0,3
https://puredeco.nl/nieuw-casino-sittard/,0,3
https://puredeco.nl/nieuw-casino-turnhout/,0,3
https://puredeco.nl/nieuw-casino-veendam/,0,3
https://puredeco.nl/nieuw-casino-zoetermeer/,0,3
https://puredeco.nl/nieuwe-casino-aanbieding/,0,3
https://puredeco.nl/nieuwe-casino-met-ideal/,0,3
https://puredeco.nl/nieuwe-casino-nederland-echt-geld/,0,3
https://puredeco.nl/nieuwe-casino-no-deposit/,0,3
https://puredeco.nl/nieuwe-casino-site-belgie-met-bonus/,0,3
https://puredeco.nl/nieuwe-casino-site-belgie-mobiel/,0,3
https://puredeco.nl/nieuwe-casino-site-met-bonus/,0,3
https://puredeco.nl/nieuwe-casino-utrecht/,0,3
https://puredeco.nl/nieuwe-crypto-casino-2025/,0,3
https://puredeco.nl/nieuwe-egypte-gokkasten/,0,3
https://puredeco.nl/nieuwe-gokkasten-met-progressieve-jackpot/,0,3
https://puredeco.nl/nieuwe-goksite-belgie-met-vergunning/,0,3
https://puredeco.nl/nieuwe-goksite-met-cashback/,0,3
https://puredeco.nl/nieuwe-goksite-met-vergunning/,0,3
https://puredeco.nl/nieuwe-katten-gokkasten/,0,3
https://puredeco.nl/nieuwe-legale-casino/,0,3
https://puredeco.nl/nieuwe-maya-gokkasten/,0,3
https://puredeco.nl/nieuwe-online-casino-2026/,0,3
https://puredeco.nl/nieuwe-online-casino-lage-inzet/,0,3
https://puredeco.nl/nieuwe-poker-casino/,0,3
https://puredeco.nl/nieuwe-roulette/,0,3
https://puredeco.nl/nieuwe-scratch-cards-app-casino/,0,3
https://puredeco.nl/no-deposit-bonus-nederland-2025-online-casino/,0,3
https://puredeco.nl/no-deposit-bonus-zonder-storting-casino/,0,3
https://puredeco.nl/beste-online-keno/,0,3
https://puredeco.nl/betaald-dobbelspel-online/,0,3
https://puredeco.nl/betrouwbaar-sic-bo-online/,0,3
https://puredeco.nl/dice-promotie/,0,3
https://puredeco.nl/dice-spelen-voor-echt-geld/,0,3
https://puredeco.nl/dice-voor-geld-nederland/,0,3
https://puredeco.nl/dobbelspel-voor-geld-nederland/,0,3
https://puredeco.nl/game-shows-echt-geld/,0,3
https://puredeco.nl/goedkoop-punto-banco-spelen/,0,3
https://puredeco.nl/keno-promotie/,0,3
https://puredeco.nl/legaal-krasloten-app/,0,3
https://puredeco.nl/legaal-krasloten/,0,3
https://puredeco.nl/legaal-online-craps/,0,3
https://puredeco.nl/live-craps-spelen-voor-geld/,0,3
https://puredeco.nl/nieuwe-game-shows-nederland/,0,3
https://puredeco.nl/no-deposit-casino-2025/,0,3
https://puredeco.nl/no-deposit-casino-ervaringen-nederland/,0,3
https://puredeco.nl/nova-dreams-casino-bonus-zonder-storting-2026/,0,3
https://puredeco.nl/online-3d-slots-spelen/,0,3
https://puredeco.nl/online-bingo-snelle-uitbetaling/,0,3
https://puredeco.nl/online-blackjack-met-cashback/,0,3
https://puredeco.nl/online-casino-100-euro-storten/,0,3
https://puredeco.nl/online-casino-15-euro-bonus/,0,3
https://puredeco.nl/online-casino-50-bonus/,0,3
https://puredeco.nl/online-casino-aanbieders-nederland/,0,3
https://puredeco.nl/online-casino-belgie-10-euro/,0,3
https://puredeco.nl/online-casino-bonus-voorwaarden/,0,3
https://puredeco.nl/online-casino-buiten-cruks-2026/,0,3
https://puredeco.nl/online-casino-ethereum/,0,3
https://puredeco.nl/online-casino-lage-inzet-nederland/,0,3
https://puredeco.nl/online-casino-lokeren/,0,3
https://puredeco.nl/online-casino-lommel/,0,3
https://puredeco.nl/online-casino-maandelijkse-bonus/,0,3
https://puredeco.nl/online-casino-maldegem/,0,3
https://puredeco.nl/online-casino-met-bonus/,0,3
https://puredeco.nl/online-casino-met-loyalty-programma/,0,3
https://puredeco.nl/online-casino-minimum-inzet-50-cent/,0,3
https://puredeco.nl/online-casino-minimum-storting-2025/,0,3
https://puredeco.nl/online-casino-prepaid-kaart/,0,3
https://puredeco.nl/online-casino-roulette-live/,0,3
https://puredeco.nl/online-casino-spins-zonder-storting/,0,3
https://puredeco.nl/online-casino-storten-bancontact/,0,3
https://puredeco.nl/online-casino-storten-met-mastercard/,0,3
https://puredeco.nl/online-casino-storten-met-prepaid-kaart/,0,3
https://puredeco.nl/online-casino-storten-met-revolut/,0,3
https://puredeco.nl/online-casino-storten-met-skrill/,0,3
https://puredeco.nl/online-casino-strategien/,0,3
https://puredeco.nl/online-casino-uitbetaling-klarna/,0,3
https://puredeco.nl/online-casino-voordeel/,0,3
https://puredeco.nl/online-casino-wetteren/,0,3
https://puredeco.nl/online-casino-zeeland/,0,3
https://puredeco.nl/online-casino-zonder-download-nederland/,0,3
https://puredeco.nl/online-gokkasten-hoge-inzet/,0,3
https://puredeco.nl/online-gokken-belgie-legaal/,0,3
https://puredeco.nl/online-gokken-ervaringen/,0,3
https://puredeco.nl/online-goksite-beginnen/,0,3
https://puredeco.nl/online-live-casino-skrill/,0,3
https://puredeco.nl/online-live-casino-zonder-cruks/,0,3
https://puredeco.nl/online-poker-revolut/,0,3
https://puredeco.nl/online-roulette-met-gratis-spins/,0,3
https://puredeco.nl/online-roulette-skrill/,0,3
https://puredeco.nl/online-slots-reviews/,0,3
https://puredeco.nl/oranje-casino-welkomstbonus-eerste-storting/,0,3
https://puredeco.nl/oria-casino-bonuscode-en-promoties-2026/,0,3
https://puredeco.nl/pai-gow-poker-online-nederland/,0,3
https://puredeco.nl/pai-gow-poker-online/,0,3
https://puredeco.nl/pai-gow-poker-voor-geld/,0,3
https://puredeco.nl/palm-casino-welkomstbonus-eerste-storting/,0,3
https://puredeco.nl/paradise-play-casino-welkomstbonus-eerste-storting/,0,3
https://puredeco.nl/pitbet-casino-review-en-ervaringen-2026/,0,3
https://puredeco.nl/play-frank-casino-welkomstbonus-eerste-storting/,0,3
https://puredeco.nl/playfina-casino-welkomstbonus-eerste-storting/,0,3
https://puredeco.nl/plaza-royal-casino-review-en-ervaringen-2026/,0,3
https://puredeco.nl/poker-betalen-met-klarna/,0,3
https://puredeco.nl/poker-betalen-met-litecoin/,0,3
https://puredeco.nl/poker-betalen-met-mobiel-betalen/,0,3
https://puredeco.nl/poker-casino-bitcoin/,0,3
https://puredeco.nl/poker-genk/,0,3
https://puredeco.nl/poker-gratis-spins/,0,3
https://puredeco.nl/poker-kortrijk/,0,3
https://puredeco.nl/poker-met-welkomstbonus/,0,3
https://puredeco.nl/poker-online-nederland/,0,3
https://puredeco.nl/poker-oostende/,0,3
https://puredeco.nl/poker-site-test/,0,3
https://puredeco.nl/poker-storten-met-paysafecard/,0,3
https://puredeco.nl/populairste-bitcoin-casino/,0,3
https://puredeco.nl/populairste-casino-met-bonus/,0,3
https://puredeco.nl/populairste-casino-met-paypal/,0,3
https://puredeco.nl/populairste-casino-nederland-hoge-inzet/,0,3
https://puredeco.nl/populairste-casino-nederland-mobiel/,0,3
https://puredeco.nl/populairste-casino-site-belgie-mobiel/,0,3
https://puredeco.nl/populairste-casino-site-met-live-dealer/,0,3
https://puredeco.nl/populairste-dobbelspel-site/,0,3
https://puredeco.nl/populairste-game-shows-casino/,0,3
https://puredeco.nl/populairste-goksite-belgie-lage-inzet/,0,3
https://puredeco.nl/populairste-online-casino-hoge-inzet/,0,3
https://puredeco.nl/populairste-online-casino-met-gratis-spins/,0,3
https://puredeco.nl/populairste-online-casino-met-paysafecard/,0,3
https://puredeco.nl/populairste-rad-van-fortuin-casino/,0,3
https://puredeco.nl/populairste-video-poker-online/,0,3
https://puredeco.nl/premium-roulette-online/,0,3
https://puredeco.nl/professioneel-blackjack-speler/,0,3
https://puredeco.nl/progressieve-jackpot-gokkasten-mobiel/,0,3
https://puredeco.nl/progressieve-jackpot-gokkasten-uitbetaling/,0,3
https://puredeco.nl/prontobet-casino-gratis-spins-zonder-deposit/,0,3
https://puredeco.nl/prontobet-casino-welkomstbonus-eerste-storting/,0,3
https://puredeco.nl/quantum-roulette-echt-geld/,0,3
https://puredeco.nl/reload-bonus-ideal-online-casino/,0,3
https://puredeco.nl/retro-gokkasten/,0,3
https://puredeco.nl/rise-of-bets-casino-gratis-spins-zonder-deposit/,0,3
https://puredeco.nl/rizz-casino-bonuscode-en-promoties-2026/,0,3
https://puredeco.nl/roman-casino-gratis-spins-zonder-deposit/,0,3
https://puredeco.nl/roulette-betalen-met-creditcard/,0,3
https://puredeco.nl/roulette-betalen-met-google-pay/,0,3
https://puredeco.nl/roulette-gokkasten/,0,3
https://puredeco.nl/roulette-hoge-inzet-nederland/,0,3
https://puredeco.nl/roulette-roosendaal/,0,3
https://puredeco.nl/roulette-steeds-verdubbelen/,0,3
https://puredeco.nl/roulette-storten/,0,3
https://puredeco.nl/roulette-tafel-online/,0,3
https://puredeco.nl/roulette-venlo/,0,3
https://puredeco.nl/roulette-voor-iphone/,0,3
https://puredeco.nl/roulette-wiel-online/,0,3
https://puredeco.nl/royal-panda-casino-welkomstbonus-eerste-storting/,0,3
https://puredeco.nl/ruimte-gokkasten-online/,0,3
https://puredeco.nl/samiland-casino-bonus-zonder-storting-2026/,0,3
https://puredeco.nl/scori-pro-casino-review-en-ervaringen-2026/,0,3
https://puredeco.nl/side-bets-blackjack-online/,0,3
https://puredeco.nl/single-hand-blackjack-nederland/,0,3
https://puredeco.nl/slingo-bingo-nederland/,0,3
https://puredeco.nl/slingo-echt-geld-casino/,0,3
https://puredeco.nl/slotnite-casino-gratis-spins-zonder-deposit/,0,3
https://puredeco.nl/slots-met-20-paylines/,0,3
https://puredeco.nl/slots-palace-casino-bonuscode-en-promoties-2026/,0,3
https://puredeco.nl/slots-palace-casino-review-en-ervaringen-2026/,0,3
https://puredeco.nl/slottica-casino-review-en-ervaringen-2026/,0,3
https://puredeco.nl/slottio-casino-welkomstbonus-eerste-storting/,0,3
https://puredeco.nl/snelste-bitcoin-casino-2025/,0,3
https://puredeco.nl/snelste-goksites-belgie/,0,3
https://puredeco.nl/sombrero-spins-casino-bonuscode-en-promoties-2026/,0,3
https://puredeco.nl/speed-roulette-nederland/,0,3
https://puredeco.nl/speed-roulette-spelen/,0,3
https://puredeco.nl/speelhal-beverwijk/,0,3
https://puredeco.nl/speelhal-bloemendaal/,0,3
https://puredeco.nl/speelhal-castricum/,0,3
https://puredeco.nl/speelhal-drenthe/,0,3
https://puredeco.nl/speelhal-haarlem/,0,3
https://puredeco.nl/speelhal-houten/,0,3
https://puredeco.nl/speelhal-knokke-heist/,0,3
https://puredeco.nl/speelhal-peer/,0,3
https://puredeco.nl/speelhal-scheveningen/,0,3
https://puredeco.nl/speelhal-wijk-bij-duurstede/,0,3
https://puredeco.nl/speelhal-zaventem/,0,3
https://puredeco.nl/spinch-casino-gratis-spins-zonder-deposit/,0,3
https://puredeco.nl/spinstar-casino-gratis-spins-zonder-deposit/,0,3
https://puredeco.nl/spinstellar-casino-bonuscode-en-promoties-2026/,0,3
https://puredeco.nl/sticpay-casino-nederland-online/,0,3
https://puredeco.nl/stortingsbonus-casino-2025/,0,3
https://puredeco.nl/stortingsbonus-tot-20-euro-casino/,0,3
https://puredeco.nl/supergame-casino-review-en-ervaringen-2026/,0,3
https://puredeco.nl/three-card-poker-minimum-inzet/,0,3
https://puredeco.nl/three-card-poker-online/,0,3
https://puredeco.nl/tiptop-casino-welkomstbonus-eerste-storting/,0,3
https://puredeco.nl/top-10-casino-app-nederland-2025/,0,3
https://puredeco.nl/top-10-casino-site-2025/,0,3
https://puredeco.nl/top-20-casino-site-nederland/,0,3
https://puredeco.nl/top-20-goksite-2025/,0,3
https://puredeco.nl/top-20-online-casino-2026/,0,3
https://puredeco.nl/top-5-casino-app-2026/,0,3
https://puredeco.nl/top-5-online-casino-nederland-2026/,0,3
https://puredeco.nl/trivelabet-casino-gratis-spins-zonder-deposit/,0,3
https://puredeco.nl/true-luck-casino-review-en-ervaringen-2026/,0,3
https://puredeco.nl/ucobet-casino-gratis-spins-zonder-deposit/,0,3
https://puredeco.nl/vegasino-casino-bonus-zonder-storting-2026/,0,3
https://puredeco.nl/veilig-casino-app-belgie/,0,3
https://puredeco.nl/veilig-casino-site-nederland-2025/,0,3
https://puredeco.nl/veilig-casino-site-nederland-2026/,0,3
https://puredeco.nl/verschil-gokkasten-of-tafelspellen/,0,3
https://puredeco.nl/video-bingo-voor-geld/,0,3
https://puredeco.nl/video-gokkasten-spelen/,0,3
https://puredeco.nl/video-poker-spelen/,0,3
https://puredeco.nl/vip-blackjack-casino/,0,3
https://puredeco.nl/voor-gevorderden-online-casino/,0,3
https://puredeco.nl/voor-tablet-casino-nederland/,0,3
https://puredeco.nl/voor-tablet-online-casino/,0,3
https://puredeco.nl/waar-kan-ik-egyptian-slots-spelen/,0,3
https://puredeco.nl/waar-kan-ik-free-bet-blackjack-spelen/,0,3
https://puredeco.nl/waar-kan-ik-infinite-blackjack-spelen/,0,3
https://puredeco.nl/waar-kan-ik-poker-spelen-voor-geld/,0,3
https://puredeco.nl/waardes-kaarten-blackjack/,0,3
https://puredeco.nl/wat-is-beter-buitenlands-of-nederlands-casino/,0,3
https://puredeco.nl/wedden-met-bonus/,0,3
https://puredeco.nl/wedstrijd-gokken/,0,3
https://puredeco.nl/weekend-bonus-casino-ideal/,0,3
https://puredeco.nl/weekend-bonus-crypto-online-casino/,0,3
https://puredeco.nl/welk-casino-heeft-big-time-gaming-spellen/,0,3
https://puredeco.nl/welk-casino-heeft-de-beste-bingo/,0,3
https://puredeco.nl/welk-casino-heeft-de-hoogste-bonus/,0,3
https://puredeco.nl/welk-casino-heeft-playtech-spellen/,0,3
https://puredeco.nl/welk-casino-heeft-thunderkick-spellen/,0,3
https://puredeco.nl/welk-nummer-valt-het-meest-bij-roulette/,0,3
https://puredeco.nl/welk-online-casino-betaald-het-meest-uit/,0,3
https://puredeco.nl/welke-casino-heeft-de-beste-app/,0,3
https://puredeco.nl/welke-casino-heeft-roulette/,0,3
https://puredeco.nl/welke-casino-legaal-in-nederland/,0,3
https://puredeco.nl/welke-casinos-mogen-in-nederland/,0,3
https://puredeco.nl/welkomstbonus-200-euro-casino/,0,3
https://puredeco.nl/wild-io-casino-review-en-ervaringen-2026/,0,3
https://puredeco.nl/wildwild-casino-bonus-zonder-storting-2026/,0,3
https://puredeco.nl/winning-casino-gratis-spins-zonder-deposit/,0,3
https://puredeco.nl/wolfy-casino-review-en-ervaringen-2026/,0,3
https://puredeco.nl/zodiac-bet-casino-bonuscode-en-promoties-2026/,0,3
https://puredeco.nl/zodiac-casino-bonus-zonder-storting-2026/,0,3
https://puredeco.nl/baccarat-casino/,1,2
https://puredeco.nl/beste-casino-met-ksa-vergunning-2026/,1,2
https://puredeco.nl/blackjack-strat/,1,2
https://puredeco.nl/casino-gratis-geld/,1,2
https://puredeco.nl/casino-middelkerke-entree/,1,2
https://puredeco.nl/casino-tervuren/,1,2
https://puredeco.nl/diamond-gokkasten/,1,2
https://puredeco.nl/gokkasten-exploitant/,1,2
https://puredeco.nl/gokken-nu/,1,2
https://puredeco.nl/joop-van-ham-gokkasten/,1,2
https://puredeco.nl/leuke-online-casino/,1,2
https://puredeco.nl/nieuw-casino-veenendaal/,1,2
https://puredeco.nl/online-casino-vs/,1,2
https://puredeco.nl/online-casino-wekelijkse-bonus/,1,2
https://puredeco.nl/populairste-online-casino-zonder-cruks/,1,2
https://puredeco.nl/premium-casino-nederland/,1,2
https://puredeco.nl/speelautomaten-vlissingen/,1,2
https://puredeco.nl/speelhal-ukkel/,1,2
https://puredeco.nl/1-euro-storten-en-spelen-casino/,0,2
https://puredeco.nl/10-free-spins-zonder-storting/,0,2
https://puredeco.nl/10-gratis-spins-nederland/,0,2
https://puredeco.nl/10-gratis-spins-zonder-storting-belgie/,0,2
https://puredeco.nl/10-legale-casinos-nederland/,0,2
https://puredeco.nl/100-euro-gratis-gokken/,0,2
https://puredeco.nl/100-euro-storten-en-spelen-casino/,0,2
https://puredeco.nl/100-gratis-spins-belgie/,0,2
https://puredeco.nl/1024-winlijnen-gokkasten/,0,2
https://puredeco.nl/15-euro-gratis-gokken-zonder-storting/,0,2
https://puredeco.nl/15-euro-storten-en-spelen-casino/,0,2
https://puredeco.nl/20-euro-gratis-geld-zonder-storting-casino/,0,2
https://puredeco.nl/20-euro-storten-casino-belgie/,0,2
https://puredeco.nl/200-stortingsbonus-casino/,0,2
https://puredeco.nl/21red-casino-bonuscode-en-promoties-2026/,0,2
https://puredeco.nl/25-euro-gratis-gokken-zonder-storting/,0,2
https://puredeco.nl/25-euro-storten-en-spelen-casino/,0,2
https://puredeco.nl/250-gratis-spins-nederland/,0,2
https://puredeco.nl/3-euro-gokken-online/,0,2
https://puredeco.nl/3-rollen-gokkasten/,0,2
https://puredeco.nl/30-ball-bingo-mobiel/,0,2
https://puredeco.nl/30-ball-bingo-zonder-cruks/,0,2
https://puredeco.nl/3d-gokkasten-echt-geld/,0,2
https://puredeco.nl/3d-gokkasten-online/,0,2
https://puredeco.nl/3d-gokkasten-zonder-cruks/,0,2
https://puredeco.nl/40-gratis-spins-bij-registratie/,0,2
https://puredeco.nl/400-welkomstbonus-casino/,0,2
https://puredeco.nl/5-euro-gratis-casino/,0,2
https://puredeco.nl/5-euro-gratis-spins-casino/,0,2
https://puredeco.nl/50-euro-gratis-spins-casino/,0,2
https://puredeco.nl/50-euro-storten-casino-paysafecard/,0,2
https://puredeco.nl/50-gratis-spins-nederland/,0,2
https://puredeco.nl/500-stortingsbonus-casino/,0,2
https://puredeco.nl/6-rollen-gokkasten/,0,2
https://puredeco.nl/7-rollen-gokkasten/,0,2
https://puredeco.nl/7-support-casino-nederland/,0,2
https://puredeco.nl/75-ball-bingo-casino-nederland/,0,2
https://puredeco.nl/75-ball-bingo-casino/,0,2
https://puredeco.nl/75-euro-bonus-casino/,0,2
https://puredeco.nl/amber-spins-casino-review-en-ervaringen-2026/,0,2
https://puredeco.nl/american-blackjack-echt-geld/,0,2
https://puredeco.nl/american-blackjack-online/,0,2
https://puredeco.nl/american-blackjack-spelen/,0,2
https://puredeco.nl/american-roulette-nederland/,0,2
https://puredeco.nl/amerikaanse-roulette-minimum-inzet/,0,2
https://puredeco.nl/amusementshal-goes/,0,2
https://puredeco.nl/amusementshal-hengelo/,0,2
https://puredeco.nl/amusementshal-terneuzen/,0,2
https://puredeco.nl/atlantic-city-blackjack-echt-geld/,0,2
https://puredeco.nl/baccarat-echt-geld-nederland/,0,2
https://puredeco.nl/baccarat-maximaal-20-cent/,0,2
https://puredeco.nl/baccarat-minimale-inzet/,0,2
https://puredeco.nl/baccarat-vanaf-10-cent/,0,2
https://puredeco.nl/baccarat-vanaf-20-cent/,0,2
https://puredeco.nl/becasino-casino-welkomstbonus-eerste-storting/,0,2
https://puredeco.nl/beginnen-met-online-gokken/,0,2
https://puredeco.nl/belgische-casino-bonus-2026/,0,2
https://puredeco.nl/belgische-casino-legaal/,0,2
https://puredeco.nl/belgische-casino-vergelijken/,0,2
https://puredeco.nl/belgische-casino-zonder-download/,0,2
https://puredeco.nl/belgische-online-casino-betrouwbaar/,0,2
https://puredeco.nl/belgische-online-casino-gratis-spins/,0,2
https://puredeco.nl/bespreken-casino/,0,2
https://puredeco.nl/beste-30-ball-bingo-nederland/,0,2
https://puredeco.nl/beste-baccarat-nederland/,0,2
https://puredeco.nl/beste-bingo-app/,0,2
https://puredeco.nl/beste-bingo-hoge-inzet/,0,2
https://puredeco.nl/beste-bitcoin-casino-2025/,0,2
https://puredeco.nl/beste-blackjack-lage-storting/,0,2
https://puredeco.nl/beste-blackjack-met-welkomstbonus/,0,2
https://puredeco.nl/beste-blackjack/,0,2
https://puredeco.nl/beste-casino-antwerpen-provincie/,0,2
https://puredeco.nl/beste-casino-app-nederland/,0,2
https://puredeco.nl/beste-casino-bonus-september/,0,2
https://puredeco.nl/beste-casino-breda/,0,2
https://puredeco.nl/beste-casino-den-helder/,0,2
https://puredeco.nl/beste-casino-doetinchem/,0,2
https://puredeco.nl/beste-casino-drachten/,0,2
https://puredeco.nl/beste-casino-enschede/,0,2
https://puredeco.nl/beste-casino-haarlem/,0,2
https://puredeco.nl/beste-casino-heerenveen/,0,2
https://puredeco.nl/beste-casino-heerhugowaard/,0,2
https://puredeco.nl/beste-casino-hoge-welkomstbonus/,0,2
https://puredeco.nl/beste-casino-hoogezand/,0,2
https://puredeco.nl/beste-casino-leuven/,0,2
https://puredeco.nl/beste-casino-met-cashback/,0,2
https://puredeco.nl/beste-casino-met-gratis-speelgeld/,0,2
https://puredeco.nl/beste-casino-met-nolimit-city-spellen/,0,2
https://puredeco.nl/beste-casino-met-virtuele-sporten/,0,2
https://puredeco.nl/beste-casino-nederland-2025/,0,2
https://puredeco.nl/beste-casino-peer/,0,2
https://puredeco.nl/beste-casino-sint-truiden/,0,2
https://puredeco.nl/beste-casino-site-met-paypal/,0,2
https://puredeco.nl/beste-casino-site-nederland-2026/,0,2
https://puredeco.nl/beste-casino-site-nederland-met-cashback/,0,2
https://puredeco.nl/beste-casino-site-nederland-met-gratis-spins/,0,2
https://puredeco.nl/beste-casino-site-nederlandstalig/,0,2
https://puredeco.nl/beste-casino-sneek/,0,2
https://puredeco.nl/beste-casino-vergelijking/,0,2
https://puredeco.nl/beste-casino-visa-nederland/,0,2
https://puredeco.nl/beste-casino-voor-belgen/,0,2
https://puredeco.nl/beste-casino-voor-casual-spelers/,0,2
https://puredeco.nl/beste-casino-voor-ouderen/,0,2
https://puredeco.nl/beste-casino-zeist/,0,2
https://puredeco.nl/beste-casino-zonder-vergunning/,0,2
https://puredeco.nl/beste-europese-roulette-casino/,0,2
https://puredeco.nl/beste-exclusief-casino/,0,2
https://puredeco.nl/beste-fantasy-slots/,0,2
https://puredeco.nl/beste-free-bet-blackjack/,0,2
https://puredeco.nl/beste-free-spins-casino/,0,2
https://puredeco.nl/beste-fruit-gokkasten-nederland/,0,2
https://puredeco.nl/beste-game-shows-casino/,0,2
https://puredeco.nl/beste-gokkasten-boven-98/,0,2
https://puredeco.nl/beste-gokkasten-casino-belgie/,0,2
https://puredeco.nl/beste-gokkasten-casino-middelkerke/,0,2
https://puredeco.nl/beste-gokkasten-met-cascading-reels/,0,2
https://puredeco.nl/beste-gokkasten-met-multiplier-nederland/,0,2
https://puredeco.nl/beste-gokkasten-met-welkomstbonus/,0,2
https://puredeco.nl/beste-gokkasten-met-wild-nederland/,0,2
https://puredeco.nl/beste-gokkasten-snelle-uitbetaling/,0,2
https://puredeco.nl/beste-gokkasten-zonder-storting/,0,2
https://puredeco.nl/beste-gokken-klarna-nederland/,0,2
https://puredeco.nl/beste-gokken-met-apple-pay/,0,2
https://puredeco.nl/beste-goksite-bitcoin-nederland/,0,2
https://puredeco.nl/beste-goksite-hoog-uitbetalingspercentage/,0,2
https://puredeco.nl/beste-goksite-met-live-chat/,0,2
https://puredeco.nl/beste-goksite-zonder-cruks/,0,2
https://puredeco.nl/beste-high-volatility-gokkasten-nederland/,0,2
https://puredeco.nl/beste-infinite-blackjack/,0,2
https://puredeco.nl/beste-kerst-bonus-online-casino/,0,2
https://puredeco.nl/beste-lightning-dice-casino/,0,2
https://puredeco.nl/beste-live-baccarat/,0,2
https://puredeco.nl/beste-live-casino-minimum-storting/,0,2
https://puredeco.nl/beste-live-casino-zonder-cruks/,0,2
https://puredeco.nl/beste-loyaliteitsbonus-casino/,0,2
https://puredeco.nl/beste-luxe-gokkasten/,0,2
https://puredeco.nl/beste-no-deposit-bonus-casino/,0,2
https://puredeco.nl/beste-online-casino-belgie-met-app/,0,2
https://puredeco.nl/beste-online-casino-bitcoin-nederland/,0,2
https://puredeco.nl/beste-online-casino-kleine-inzet/,0,2
https://puredeco.nl/beste-perfect-pairs-blackjack/,0,2
https://puredeco.nl/beste-poker-app-nederland/,0,2
https://puredeco.nl/beste-poker-bonus/,0,2
https://puredeco.nl/beste-poker-snelle-uitbetaling/,0,2
https://puredeco.nl/beste-promotie-nederland-online-casino/,0,2
https://puredeco.nl/beste-rad-van-fortuin-casino/,0,2
https://puredeco.nl/beste-roulette-getal/,0,2
https://puredeco.nl/beste-roulette-site/,0,2
https://puredeco.nl/beste-scratch-cards-casino-nederland/,0,2
https://puredeco.nl/beste-teen-patti-live-casino/,0,2
https://puredeco.nl/beste-three-card-poker/,0,2
https://puredeco.nl/beste-tweede-storting-bonus-online-casino/,0,2
https://puredeco.nl/beste-uitbetalende-casino/,0,2
https://puredeco.nl/beste-vip-bonus-nederland-casino/,0,2
https://puredeco.nl/beste-weekend-bonus-nederland-casino/,0,2
https://puredeco.nl/betfirst-casino-welkomstbonus-eerste-storting/,0,2
https://puredeco.nl/betpanda-io-casino-bonus-zonder-storting-2026/,0,2
https://puredeco.nl/betrouwbaar-casino-belgie-met-gratis-spins/,0,2
https://puredeco.nl/betrouwbaar-casino-nederland-zonder-cruks/,0,2
https://puredeco.nl/betrouwbaar-casino-neteller/,0,2
https://puredeco.nl/betrouwbaar-casino-rotterdam/,0,2
https://puredeco.nl/betrouwbaar-casino-site-nederland-met-gratis-spins/,0,2
https://puredeco.nl/betrouwbaar-casino-site-voor-highrollers/,0,2
https://puredeco.nl/betrouwbaar-goksite-ethereum/,0,2
https://puredeco.nl/betrouwbaar-goksite-ideal/,0,2
https://puredeco.nl/betrouwbaar-goksite-met-bonus/,0,2
https://puredeco.nl/betrouwbaar-goksite-met-live-dealer/,0,2
https://puredeco.nl/betrouwbaar-goksite-nederland-hoge-inzet/,0,2
https://puredeco.nl/betrouwbaar-goksite-nederland-met-vergunning/,0,2
https://puredeco.nl/betrouwbaar-goksite-nederland-zonder-cruks/,0,2
https://puredeco.nl/betrouwbaar-live-casino-app/,0,2
https://puredeco.nl/betrouwbaar-live-casino/,0,2
https://puredeco.nl/betrouwbaar-online-casino-met-app/,0,2
https://puredeco.nl/betrouwbaar-online-casino-met-jackpot/,0,2
https://puredeco.nl/betrouwbaar-sic-bo-casino/,0,2
https://puredeco.nl/betrouwbaar-video-poker/,0,2
https://puredeco.nl/bets-amigo-casino-gratis-spins-zonder-deposit/,0,2
https://puredeco.nl/betspino-casino-bonuscode-en-promoties-2026/,0,2
https://puredeco.nl/betvictor-casino-review-en-ervaringen-2026/,0,2
https://puredeco.nl/betway-casino-welkomstbonus-eerste-storting/,0,2
https://puredeco.nl/betybet-casino-bonus-zonder-storting-2026/,0,2
https://puredeco.nl/bingo-amsterdam/,0,2
https://puredeco.nl/bingo-betalen-met-bankoverschrijving/,0,2
https://puredeco.nl/bingo-betalen-met-crypto/,0,2
https://puredeco.nl/bingo-betalen-met-trustly/,0,2
https://puredeco.nl/bingo-casino-prepaid-kaart/,0,2
https://puredeco.nl/bingo-ethereum/,0,2
https://puredeco.nl/bingo-ideal/,0,2
https://puredeco.nl/bingo-makkelijke-registratie/,0,2
https://puredeco.nl/bingo-met-geldprijzen-online/,0,2
https://puredeco.nl/bingo-met-skrill/,0,2
https://puredeco.nl/bingo-met-welkomstbonus/,0,2
https://puredeco.nl/bingo-storten-met-google-pay/,0,2
https://puredeco.nl/bingo-storten-met-prepaid-kaart/,0,2
https://puredeco.nl/bingo-zwolle/,0,2
https://puredeco.nl/binobet-casino-gratis-spins-zonder-deposit/,0,2
https://puredeco.nl/bitcoin-casino-ervaringen/,0,2
https://puredeco.nl/bitcoin-casino-lijst/,0,2
https://puredeco.nl/bitcoin-casino-ranglijst/,0,2
https://puredeco.nl/bitcoin-online-casino/,0,2
https://puredeco.nl/blackjack-25-euro-inzet/,0,2
https://puredeco.nl/blackjack-betalen-met-creditcard/,0,2
https://puredeco.nl/blackjack-betalen-met-ethereum/,0,2
https://puredeco.nl/blackjack-betalen-met-neteller/,0,2
https://puredeco.nl/blackjack-casino-ervaringen/,0,2
https://puredeco.nl/blackjack-doetinchem/,0,2
https://puredeco.nl/blackjack-echt-geld-nederland/,0,2
https://puredeco.nl/blackjack-ethereum/,0,2
https://puredeco.nl/blackjack-gokkast/,0,2
https://puredeco.nl/blackjack-hoge-inzet/,0,2
https://puredeco.nl/blackjack-huizen/,0,2
https://puredeco.nl/blackjack-leek/,0,2
https://puredeco.nl/blackjack-lelystad/,0,2
https://puredeco.nl/blackjack-middelkerke/,0,2
https://puredeco.nl/blackjack-nederland-2026/,0,2
https://puredeco.nl/blackjack-purmerend/,0,2
https://puredeco.nl/blackjack-roeselare/,0,2
https://puredeco.nl/blackjack-sites-vergelijken/,0,2
https://puredeco.nl/blackjack-uitbetaling-binnen-24-uur/,0,2
https://puredeco.nl/blackjack-uitbetaling-neteller/,0,2
https://puredeco.nl/blackjack-uithoorn/,0,2
https://puredeco.nl/blackjack-weesp/,0,2
https://puredeco.nl/blackjack-zaandam/,0,2
https://puredeco.nl/boete-online-gokken/,0,2
https://puredeco.nl/bonus-boss-casino-bonus-zonder-storting-2026/,0,2
https://puredeco.nl/bonus-code-crypto-online-casino/,0,2
https://puredeco.nl/bonus-code-ideal-online-casino/,0,2
https://puredeco.nl/bonus-code-nederland-casino/,0,2
https://puredeco.nl/bonus-code-vergelijken-casino/,0,2
https://puredeco.nl/bonus-tot-150-euro-casino/,0,2
https://puredeco.nl/bonus-zonder-storting-casino-crypto/,0,2
https://puredeco.nl/bonuscode-casino-paypal/,0,2
https://puredeco.nl/bonuscode-overzicht-casino/,0,2
https://puredeco.nl/branded-slots-voor-geld/,0,2
https://puredeco.nl/btc-casino-nederland-online/,0,2
https://puredeco.nl/buitenlandse-casino-review/,0,2
https://puredeco.nl/bullcasino-casino-bonus-zonder-storting-2026/,0,2
https://puredeco.nl/caribbean-stud-poker-uitbetaling/,0,2
https://puredeco.nl/casimashi-casino-review-en-ervaringen-2026/,0,2
https://puredeco.nl/casino-10-cent-inzet/,0,2
https://puredeco.nl/casino-10-euro-free-bet/,0,2
https://puredeco.nl/casino-2-euro-bonus/,0,2
https://puredeco.nl/casino-20-euro-bonus/,0,2
https://puredeco.nl/casino-200-gratis-spins/,0,2
https://puredeco.nl/casino-30-euro-storten/,0,2
https://puredeco.nl/casino-50-euro-inzet/,0,2
https://puredeco.nl/casino-50-euro-storten/,0,2
https://puredeco.nl/casino-500-gratis-spins/,0,2
https://puredeco.nl/casino-alternatieven-nederland/,0,2
https://puredeco.nl/casino-app-belgie-android/,0,2
https://puredeco.nl/casino-app-belgie-iphone/,0,2
https://puredeco.nl/casino-app-ervaringen/,0,2
https://puredeco.nl/casino-app-met-ideal/,0,2
https://puredeco.nl/casino-app-met-paypal/,0,2
https://puredeco.nl/casino-app-review-nederland/,0,2
https://puredeco.nl/casino-arnhem/,0,2
https://puredeco.nl/casino-belgie-ervaringen/,0,2
https://puredeco.nl/casino-belgie-uitbetaling/,0,2
https://puredeco.nl/casino-bij-blankenberge/,0,2
https://puredeco.nl/casino-bij-goes/,0,2
https://puredeco.nl/casino-bij-hoofddorp/,0,2
https://puredeco.nl/casino-bij-knokke/,0,2
https://puredeco.nl/casino-bij-oss/,0,2
https://puredeco.nl/casino-bonus-april/,0,2
https://puredeco.nl/casino-bonus-augustus-2026/,0,2
https://puredeco.nl/casino-bonus-december-2026/,0,2
https://puredeco.nl/casino-bonus-uitbetalen/,0,2
https://puredeco.nl/casino-breda-online/,0,2
https://puredeco.nl/casino-bredene-bezoeken/,0,2
https://puredeco.nl/casino-bredene-restaurant/,0,2
https://puredeco.nl/casino-brugge-openingsuren/,0,2
https://puredeco.nl/casino-buiten-cruks-2025/,0,2
https://puredeco.nl/casino-buiten-ksa/,0,2
https://puredeco.nl/casino-bussum-online/,0,2
https://puredeco.nl/casino-castricum/,0,2
https://puredeco.nl/casino-chaudfontaine-bezoeken/,0,2
https://puredeco.nl/casino-chaudfontaine-spellen/,0,2
https://puredeco.nl/casino-chaudfontaine/,0,2
https://puredeco.nl/casino-creditcard-nederland/,0,2
https://puredeco.nl/casino-dat-gratis-spins-geeft/,0,2
https://puredeco.nl/casino-de-wereld/,0,2
https://puredeco.nl/casino-den-haag-centrum/,0,2
https://puredeco.nl/casino-den-helder-online/,0,2
https://puredeco.nl/casino-diemen-online/,0,2
https://puredeco.nl/casino-dilbeek/,0,2
https://puredeco.nl/casino-direct-storten-crypto/,0,2
https://puredeco.nl/casino-direct-storten-paysafecard/,0,2
https://puredeco.nl/casino-ede-online/,0,2
https://puredeco.nl/casino-ethereum-nederland/,0,2
https://puredeco.nl/casino-geld-opnemen-ideal/,0,2
https://puredeco.nl/casino-geld-wisselen/,0,2
https://puredeco.nl/casino-genk-met-bancontact/,0,2
https://puredeco.nl/casino-hasselt-gratis-spins/,0,2
https://puredeco.nl/casino-herentals/,0,2
https://puredeco.nl/casino-in-ridderkerk/,0,2
https://puredeco.nl/casino-in-schagen/,0,2
https://puredeco.nl/casino-kaartspel/,0,2
https://puredeco.nl/casino-kaartspelen/,0,2
https://puredeco.nl/casino-kansen/,0,2
https://puredeco.nl/casino-knokke-heist/,0,2
https://puredeco.nl/casino-knokke-online/,0,2
https://puredeco.nl/casino-kortingscode/,0,2
https://puredeco.nl/casino-laagste-minimale-inzet/,0,2
https://puredeco.nl/casino-lage-volatiliteit-gokkasten/,0,2
https://puredeco.nl/casino-leuven-openingsuren/,0,2
https://puredeco.nl/casino-limburg-belgie/,0,2
https://puredeco.nl/casino-malta-vergunning-nederland/,0,2
https://puredeco.nl/casino-mechelen-openingsuren/,0,2
https://puredeco.nl/casino-met-10-live-games/,0,2
https://puredeco.nl/casino-met-3000-gokkasten/,0,2
https://puredeco.nl/casino-met-3000-spellen/,0,2
https://puredeco.nl/casino-met-50-spellen/,0,2
https://puredeco.nl/casino-met-game-shows/,0,2
https://puredeco.nl/casino-met-gratis-speelgeld/,0,2
https://puredeco.nl/casino-met-ideal-breda/,0,2
https://puredeco.nl/casino-met-jackpot/,0,2
https://puredeco.nl/casino-met-nederlandse-taal/,0,2
https://puredeco.nl/casino-met-no-deposit-free-spins/,0,2
https://puredeco.nl/casino-met-persoonlijke-accountmanager/,0,2
https://puredeco.nl/casino-met-prepaid-kaart/,0,2
https://puredeco.nl/casino-met-sportsbetting/,0,2
https://puredeco.nl/casino-met-visa/,0,2
https://puredeco.nl/casino-middelkerke-parking/,0,2
https://puredeco.nl/casino-minimum-storting-50-euro/,0,2
https://puredeco.nl/casino-nieuws/,0,2
https://puredeco.nl/casino-oostende-bezoeken/,0,2
https://puredeco.nl/casino-oostende-met-bancontact/,0,2
https://puredeco.nl/casino-promotie-april/,0,2
https://puredeco.nl/casino-promotie-november/,0,2
https://puredeco.nl/casino-purmerend-online/,0,2
https://puredeco.nl/casino-renesse/,0,2
https://puredeco.nl/casino-rhenen/,0,2
https://puredeco.nl/casino-steenwijk-online/,0,2
https://puredeco.nl/casino-storten-bankoverschrijving-opnemen-bankoverschrijving/,0,2
https://puredeco.nl/casino-storten-crypto-opnemen-crypto/,0,2
https://puredeco.nl/casino-storten-met-neteller/,0,2
https://puredeco.nl/casino-storten-met-paypal/,0,2
https://puredeco.nl/casino-storten-met-revolut/,0,2
https://puredeco.nl/casino-terneuzen-online/,0,2
https://puredeco.nl/casino-turnhout-snelle-uitbetaling/,0,2
https://puredeco.nl/casino-uitbetaling-binnen-24-uur-nederland/,0,2
https://puredeco.nl/casino-uitbetaling-binnen-zelfde-dag/,0,2
https://puredeco.nl/casino-ukkel/,0,2
https://puredeco.nl/casino-visa-uitbetaling/,0,2
https://puredeco.nl/casino-voor-belgen-met-ideal/,0,2
https://puredeco.nl/casino-voor-belgen-nederland/,0,2
https://puredeco.nl/casino-voucher-zonder-storting/,0,2
https://puredeco.nl/casino-weesp-online/,0,2
https://puredeco.nl/casino-welkomstbonus-free-spins/,0,2
https://puredeco.nl/casino-welkomstbonus-met-ideal/,0,2
https://puredeco.nl/casino-welkomstbonus-met-paypal/,0,2
https://puredeco.nl/casino-zakynthos/,0,2
https://puredeco.nl/casino-zevenbergen/,0,2
https://puredeco.nl/casino-zonder-download-nederland/,0,2
https://puredeco.nl/casino-zonder-id-kaart/,0,2
https://puredeco.nl/casino-zonder-inzet-vereisten-nederland/,0,2
https://puredeco.nl/casino-zonder-omzeteis-nederland/,0,2
https://puredeco.nl/casino-zonder-vergunning/,0,2
https://puredeco.nl/caxino-casino-bonus-zonder-storting-2026/,0,2
https://puredeco.nl/caz-win-casino-review-en-ervaringen-2026/,0,2
https://puredeco.nl/chachabet-casino-review-en-ervaringen-2026/,0,2
https://puredeco.nl/chalk-casino-bonus-zonder-storting-2026/,0,2
https://puredeco.nl/chinese-gokkasten/,0,2
https://puredeco.nl/classic-blackjack-online-nederland/,0,2
https://puredeco.nl/classic-spinner-gokkast/,0,2
https://puredeco.nl/cluster-gokkasten-app/,0,2
https://puredeco.nl/cobra-casino-bonuscode-en-promoties-2026/,0,2
https://puredeco.nl/cobra-casino-gratis-spins-zonder-deposit/,0,2
https://puredeco.nl/craps-zonder-cruks/,0,2
https://puredeco.nl/crypto-casino-lijst/,0,2
https://puredeco.nl/crypto-casino-ranglijst/,0,2
https://puredeco.nl/cuscocasino-casino-gratis-spins-zonder-deposit/,0,2
https://puredeco.nl/dagelijkse-bonus-vergelijken-casino/,0,2
https://puredeco.nl/dagelijkse-bonus-zonder-storting-casino/,0,2
https://puredeco.nl/dbosses-casino-review-en-ervaringen-2026/,0,2
https://puredeco.nl/diamond-slots-echt-geld/,0,2
https://puredeco.nl/dice-storten-met-paysafecard/,0,2
https://puredeco.nl/dieren-gokkasten-online/,0,2
https://puredeco.nl/digitale-bingo/,0,2
https://puredeco.nl/dobbelen-in-casino/,0,2
https://puredeco.nl/dobbelspel-storten-paysafecard/,0,2
https://puredeco.nl/dobbelspel-uitbetaling-apple-pay/,0,2
https://puredeco.nl/double-ball-roulette-voor-geld/,0,2
https://puredeco.nl/double-exposure-blackjack-casino/,0,2
https://puredeco.nl/draken-gokkasten/,0,2
https://puredeco.nl/dream-catcher-casino/,0,2
https://puredeco.nl/dream-vegas-casino-gratis-spins-zonder-deposit/,0,2
https://puredeco.nl/drechtsteden-speelautomaten/,0,2
https://puredeco.nl/dubbel-ducks-gokken-online/,0,2
https://puredeco.nl/echt-geld-gokken-app/,0,2
https://puredeco.nl/eerste-storting-bonus-crypto-online-casino/,0,2
https://puredeco.nl/eerste-storting-bonus-ideal-online-casino/,0,2
https://puredeco.nl/ethereum-gokken/,0,2
https://puredeco.nl/ethereum-storten-casino-nederland/,0,2
https://puredeco.nl/european-blackjack-echt-geld/,0,2
https://puredeco.nl/europese-roulette-mobiel/,0,2
https://puredeco.nl/europese-roulette-online-nederland/,0,2
https://puredeco.nl/exclusief-casino-ervaringen/,0,2
https://puredeco.nl/fairspin-casino-gratis-spins-zonder-deposit/,0,2
https://puredeco.nl/fan-tan-live-casino/,0,2
https://puredeco.nl/first-person-roulette-app/,0,2
https://puredeco.nl/first-person-roulette-minimum-inzet/,0,2
https://puredeco.nl/flashdash-casino-gratis-spins-zonder-deposit/,0,2
https://puredeco.nl/free-bet-blackjack-hoge-inzet/,0,2
https://puredeco.nl/free-bet-blackjack-online-nederland/,0,2
https://puredeco.nl/free-bet-blackjack-online/,0,2
https://puredeco.nl/free-bet-blackjack-spelen/,0,2
https://puredeco.nl/fruit-gokkasten-casino-nederland/,0,2
https://puredeco.nl/geld-winnen-gratis-spins/,0,2
https://puredeco.nl/geld-winnen-online-casino/,0,2
https://puredeco.nl/goede-casino-nederland-2026/,0,2
https://puredeco.nl/goede-goksites/,0,2
https://puredeco.nl/goedkoopste-casino-nederland-2026/,0,2
https://puredeco.nl/goedkoopste-crypto-casino-2026/,0,2
https://puredeco.nl/goedkoopste-goksites-2026/,0,2
https://puredeco.nl/gokhal-alkmaar/,0,2
https://puredeco.nl/gokhal-boxtel/,0,2
https://puredeco.nl/gokhal-brussel/,0,2
https://puredeco.nl/gokhal-delfzijl/,0,2
https://puredeco.nl/gokhal-dordrecht/,0,2
https://puredeco.nl/gokhal-halle/,0,2
https://puredeco.nl/gokhal-kortrijk/,0,2
https://puredeco.nl/gokhal-leopoldsburg/,0,2
https://puredeco.nl/gokhal-middelkerke/,0,2
https://puredeco.nl/gokhal-naarden/,0,2
https://puredeco.nl/gokhal-oirschot/,0,2
https://puredeco.nl/gokhal-schiedam/,0,2
https://puredeco.nl/gokhal-steenwijk/,0,2
https://puredeco.nl/gokhal-veenendaal/,0,2
https://puredeco.nl/gokhal-veldhoven/,0,2
https://puredeco.nl/gokhal-zandvoort/,0,2
https://puredeco.nl/gokkast-heatwave/,0,2
https://puredeco.nl/gokkast-kaartspel-hoger-lager/,0,2
https://puredeco.nl/gokkast-met-bonusspel/,0,2
https://puredeco.nl/gokkasten-10-cent-inzet/,0,2
https://puredeco.nl/gokkasten-20-euro-inzet/,0,2
https://puredeco.nl/gokkasten-500-euro-inzet/,0,2
https://puredeco.nl/gokkasten-belgie-echt-geld/,0,2
https://puredeco.nl/gokkasten-betaald-spelen/,0,2
https://puredeco.nl/gokkasten-betalen-met-revolut/,0,2
https://puredeco.nl/gokkasten-bonus-online-casino/,0,2
https://puredeco.nl/gokkasten-bonus/,0,2
https://puredeco.nl/gokkasten-casino-top-5/,0,2
https://puredeco.nl/gokkasten-casino-uitbetaling-binnen-24-uur/,0,2
https://puredeco.nl/gokkasten-casino-zonder-storting/,0,2
https://puredeco.nl/gokkasten-dieren-thema/,0,2
https://puredeco.nl/gokkasten-goud-thema/,0,2
https://puredeco.nl/gokkasten-kansen/,0,2
https://puredeco.nl/gokkasten-marktplaats/,0,2
https://puredeco.nl/gokkasten-mastercard/,0,2
https://puredeco.nl/gokkasten-met-6-rollen-nederland/,0,2
https://puredeco.nl/gokkasten-met-autoplay-online/,0,2
https://puredeco.nl/gokkasten-met-cascading-reels/,0,2
https://puredeco.nl/gokkasten-met-free-spins-feature-voor-geld/,0,2
https://puredeco.nl/gokkasten-met-gratis-spins-nederland/,0,2
https://puredeco.nl/gokkasten-met-multiplier-minimum-inzet/,0,2
https://puredeco.nl/gokkasten-met-progressieve-jackpot/,0,2
https://puredeco.nl/gokkasten-met-sticky-wilds-online/,0,2
https://puredeco.nl/gokkasten-met-turbo-spin/,0,2
https://puredeco.nl/gokkasten-met-wild-nederland/,0,2
https://puredeco.nl/gokkasten-met-wild-uitbetaling/,0,2
https://puredeco.nl/gokkasten-online/,0,2
https://puredeco.nl/gokkasten-reviews/,0,2
https://puredeco.nl/gokkasten-site-vergelijken/,0,2
https://puredeco.nl/gokkasten-storten-ideal/,0,2
https://puredeco.nl/gokkasten-vanaf-500-euro/,0,2
https://puredeco.nl/gokken-amerikaanse-verkiezingen/,0,2
https://puredeco.nl/gokken-amstelveen/,0,2
https://puredeco.nl/gokken-betalen-met-google-pay/,0,2
https://puredeco.nl/gokken-betalen-met-klarna/,0,2
https://puredeco.nl/gokken-betalen-met-skrill/,0,2
https://puredeco.nl/gokken-bonus-zonder-storting/,0,2
https://puredeco.nl/gokken-breed-spelaanbod/,0,2
https://puredeco.nl/gokken-buiten-ksa/,0,2
https://puredeco.nl/gokken-direct/,0,2
https://puredeco.nl/gokken-enschede/,0,2
https://puredeco.nl/gokken-in-brakel/,0,2
https://puredeco.nl/gokken-in-deinze/,0,2
https://puredeco.nl/gokken-in-diest/,0,2
https://puredeco.nl/gokken-in-huizen/,0,2
https://puredeco.nl/gokken-in-katwijk/,0,2
https://puredeco.nl/gokken-in-nieuwpoort/,0,2
https://puredeco.nl/gokken-in-nijmegen/,0,2
https://puredeco.nl/gokken-in-roeselare/,0,2
https://puredeco.nl/gokken-in-sassenheim/,0,2
https://puredeco.nl/gokken-in-vorst/,0,2
https://puredeco.nl/gokken-in-zeeland/,0,2
https://puredeco.nl/gokken-in-zuid-holland/,0,2
https://puredeco.nl/gokken-met-30-euro/,0,2
https://puredeco.nl/gokken-met-50-euro/,0,2
https://puredeco.nl/gokken-met-paysafecard/,0,2
https://puredeco.nl/gokken-multiple-choice/,0,2
https://puredeco.nl/gokken-op-wedstrijden/,0,2
https://puredeco.nl/gokken-prepaid-kaart-nederland/,0,2
https://puredeco.nl/gokken-roulette-online/,0,2
https://puredeco.nl/gokken-snelle-uitbetaling/,0,2
https://puredeco.nl/gokken-uitbetaling-binnen-24-uur/,0,2
https://puredeco.nl/gokken-vanaf-1-euro/,0,2
https://puredeco.nl/gokken-vanaf-20-cent-inzet/,0,2
https://puredeco.nl/gokken-zonder-licentie/,0,2
https://puredeco.nl/goksite-betalen-met-klarna/,0,2
https://puredeco.nl/goksite-betalen-met-paypal/,0,2
https://puredeco.nl/goksite-buiten-cruks/,0,2
https://puredeco.nl/goksite-grote-inzet/,0,2
https://puredeco.nl/goksite-ideal-nederland/,0,2
https://puredeco.nl/goksite-makkelijke-registratie-nederland/,0,2
https://puredeco.nl/goksite-met-live-chat/,0,2
https://puredeco.nl/goksite-met-loyalty-programma/,0,2
https://puredeco.nl/goksite-met-progressieve-jackpot-nederland/,0,2
https://puredeco.nl/goksite-met-skrill/,0,2
https://puredeco.nl/goksite-review-nederland/,0,2
https://puredeco.nl/goksite-voor-high-rollers/,0,2
https://puredeco.nl/goksite-zonder-download-nederland/,0,2
https://puredeco.nl/goksites-vergelijken/,0,2
https://puredeco.nl/gold-bar-roulette-online/,0,2
https://puredeco.nl/gratis-speelgeld-casino-bonus/,0,2
https://puredeco.nl/gratis-spins-nederland-2025/,0,2
https://puredeco.nl/gratis-spins-paysafecard/,0,2
https://puredeco.nl/gratis-spins-zonder-storting-2026/,0,2
https://puredeco.nl/grootste-casino-belgi%C3%AB/,0,2
https://puredeco.nl/grootste-online-casino/,0,2
https://puredeco.nl/guts-gokken/,0,2
https://puredeco.nl/gxspin-casino-review-en-ervaringen-2026/,0,2
https://puredeco.nl/happy-hour-bonus-zonder-storting-casino/,0,2
https://puredeco.nl/happy-slots-casino-welkomstbonus-eerste-storting/,0,2
https://puredeco.nl/high-volatility-gokkasten-minimum-inzet/,0,2
https://puredeco.nl/high-volatility-gokkasten-online-nederland/,0,2
https://puredeco.nl/hoge-bonus-casino-nederland/,0,2
https://puredeco.nl/hoge-limiet-casino-nederland/,0,2
https://puredeco.nl/holland-casino-review-en-ervaringen-2026/,0,2
https://puredeco.nl/hommerson-casino-bonuscode-en-promoties-2026/,0,2
https://puredeco.nl/hoogste-bonuscode-casino/,0,2
https://puredeco.nl/hoogste-dagelijkse-bonus-casino/,0,2
https://puredeco.nl/hoogste-derde-storting-bonus-casino/,0,2
https://puredeco.nl/hoogste-gokkasten-bonus-casino/,0,2
https://puredeco.nl/hoogste-gratis-spins-casino/,0,2
https://puredeco.nl/hoogste-highroller-bonus-casino/,0,2
https://puredeco.nl/hoogste-no-deposit-bonus-2025-casino/,0,2
https://puredeco.nl/hoogste-seizoensbonus-online-casino/,0,2
https://puredeco.nl/hoogste-startbonus-online-casino/,0,2
https://puredeco.nl/iers-gokkasten/,0,2
https://puredeco.nl/illegaal-gokken-belgie/,0,2
https://puredeco.nl/illegale-goksites-nederland/,0,2
https://puredeco.nl/immersive-roulette-hoge-inzet/,0,2
https://puredeco.nl/immersive-roulette-uitbetaling/,0,2
https://puredeco.nl/infinite-blackjack-mobiel/,0,2
https://puredeco.nl/inzet-spellen-online-casino/,0,2
https://puredeco.nl/irish-slots-casino/,0,2
https://puredeco.nl/jackpot-rotterdam/,0,2
https://puredeco.nl/jacktop-casino-bonuscode-en-promoties-2026/,0,2
https://puredeco.nl/jacktop-casino-review-en-ervaringen-2026/,0,2
https://puredeco.nl/jettbet-casino-gratis-spins-zonder-deposit/,0,2
https://puredeco.nl/joker-gokkast-online/,0,2
https://puredeco.nl/juicy-vegas-casino/,0,2
https://puredeco.nl/kakadu-casino-welkomstbonus-eerste-storting/,0,2
https://puredeco.nl/keno-betalen-met-bankoverschrijving/,0,2
https://puredeco.nl/keno-casino-creditcard/,0,2
https://puredeco.nl/keno-casino-crypto/,0,2
https://puredeco.nl/keno-casino-klarna/,0,2
https://puredeco.nl/keno-casino-mobiel-betalen/,0,2
https://puredeco.nl/keno-casino-trustly/,0,2
https://puredeco.nl/keno-casino-vergelijken/,0,2
https://puredeco.nl/keno-casino-zonder-cruks/,0,2
https://puredeco.nl/klassieke-gokkasten-met-bonus/,0,2
https://puredeco.nl/klaver-casino-review-en-ervaringen-2026/,0,2
https://puredeco.nl/kleine-serie-roulette/,0,2
https://puredeco.nl/krasloten-storten-bitcoin/,0,2
https://puredeco.nl/krasloten-storten-neteller/,0,2
https://puredeco.nl/krasloten-uitbetaling-crypto/,0,2
https://puredeco.nl/lalabet-casino-bonus-zonder-storting-2026/,0,2
https://puredeco.nl/legaal-bingo-app/,0,2
https://puredeco.nl/legaal-blackjack-nederland/,0,2
https://puredeco.nl/legaal-casino-belgie-met-vergunning/,0,2
https://puredeco.nl/legaal-casino-nederland-lage-inzet/,0,2
https://puredeco.nl/legaal-casino-nederland-met-cashback/,0,2
https://puredeco.nl/legaal-casino-site-belgie-hoge-inzet/,0,2
https://puredeco.nl/legaal-casino-site-belgie-lage-inzet/,0,2
https://puredeco.nl/legaal-casino-site-belgie-met-app/,0,2
https://puredeco.nl/legaal-casino-site-belgie-mobiel/,0,2
https://puredeco.nl/legaal-casino-site-hoge-inzet/,0,2
https://puredeco.nl/legaal-gokkasten-casino-nederland/,0,2
https://puredeco.nl/legaal-goksite-met-gratis-spins/,0,2
https://puredeco.nl/legaal-goksite-met-loyalty-programma/,0,2
https://puredeco.nl/legaal-goksite-nederland-met-crypto/,0,2
https://puredeco.nl/legaal-keno-casino-nederland/,0,2
https://puredeco.nl/legaal-keno-casino/,0,2
https://puredeco.nl/legaal-krasloten-casino/,0,2
https://puredeco.nl/legaal-live-casino-app/,0,2
https://puredeco.nl/legaal-online-casino-belgie-lage-inzet/,0,2
https://puredeco.nl/legaal-online-casino-belgie-met-crypto/,0,2
https://puredeco.nl/legaal-online-casino-met-cashback/,0,2
https://puredeco.nl/legaal-online-live-casino/,0,2
https://puredeco.nl/legaal-sic-bo-casino-nederland/,0,2
https://puredeco.nl/legaal-video-poker-nederland/,0,2
https://puredeco.nl/legaal-wedden-nederland/,0,2
https://puredeco.nl/legale-casino-sites/,0,2
https://puredeco.nl/legale-online-goksites-nederland/,0,2
https://puredeco.nl/legalisering-online-gokken-nederland/,0,2
https://puredeco.nl/legalisering-online-gokken/,0,2
https://puredeco.nl/legiano-casino-review-en-ervaringen-2026/,0,2
https://puredeco.nl/let-it-ride-poker-online/,0,2
https://puredeco.nl/lets-jackpot-casino-bonuscode-en-promoties-2026/,0,2
https://puredeco.nl/lets-jackpot-casino-welkomstbonus-eerste-storting/,0,2
https://puredeco.nl/leukste-gokkasten-casino/,0,2
https://puredeco.nl/lightning-blackjack-online/,0,2
https://puredeco.nl/link-speelautomaten-leiden/,0,2
https://puredeco.nl/litecoin-casino-nederland/,0,2
https://puredeco.nl/live-bingo-spelen-voor-geld/,0,2
https://puredeco.nl/live-blackjack-app/,0,2
https://puredeco.nl/live-blackjack-bonus/,0,2
https://puredeco.nl/live-blackjack-minimum-inzet/,0,2
https://puredeco.nl/live-casino-15-euro-inzet/,0,2
https://puredeco.nl/live-casino-betalen-met-neteller/,0,2
https://puredeco.nl/live-casino-betalen-met-visa/,0,2
https://puredeco.nl/live-casino-bonus-casino/,0,2
https://puredeco.nl/live-casino-dordrecht/,0,2
https://puredeco.nl/live-casino-ideal/,0,2
https://puredeco.nl/live-casino-maximaal-10-cent/,0,2
https://puredeco.nl/live-casino-mechelen/,0,2
https://puredeco.nl/live-casino-met-neteller/,0,2
https://puredeco.nl/live-casino-met-paysafecard/,0,2
https://puredeco.nl/live-casino-review-nederland/,0,2
https://puredeco.nl/live-casino-test/,0,2
https://puredeco.nl/live-dragon-tiger-echt-geld-casino/,0,2
https://puredeco.nl/live-dragon-tiger-online-casino/,0,2
https://puredeco.nl/live-dream-catcher-met-bonus-casino/,0,2
https://puredeco.nl/live-dream-catcher-online-casino/,0,2
https://puredeco.nl/live-monopoly-nederland-casino/,0,2
https://puredeco.nl/live-poker-belgie/,0,2
https://puredeco.nl/live-poker-bonus/,0,2
https://puredeco.nl/live-poker-casino/,0,2
https://puredeco.nl/live-poker-nederland/,0,2
https://puredeco.nl/live-poker-zonder-cruks/,0,2
https://puredeco.nl/live-roulette-nederland/,0,2
https://puredeco.nl/live-video-poker-online/,0,2
https://puredeco.nl/low-volatility-gokkasten-spelen/,0,2
https://puredeco.nl/loyaliteitsbonus-zonder-storting-casino/,0,2
https://puredeco.nl/lucki-casino-welkomstbonus-eerste-storting/,0,2
https://puredeco.nl/lucky-blackjack-online/,0,2
https://puredeco.nl/lucky-gokkasten-echt-geld/,0,2
https://puredeco.nl/lucky-max-casino-gratis-spins-zonder-deposit/,0,2
https://puredeco.nl/lucky7-casino-gratis-spins-zonder-deposit/,0,2
https://puredeco.nl/maandelijkse-bonus-vergelijken-casino/,0,2
https://puredeco.nl/magic-win-casino-welkomstbonus-eerste-storting/,0,2
https://puredeco.nl/magic-wins-casino-bonus-zonder-storting-2026/,0,2
https://puredeco.nl/manga-casino-bonuscode-en-promoties-2026/,0,2
https://puredeco.nl/maximale-bonus-1000-euro-casino/,0,2
https://puredeco.nl/maximale-bonus-5-euro-casino/,0,2
https://puredeco.nl/maximale-bonus-75-euro-casino/,0,2
https://puredeco.nl/meest-betrouwbare-bitcoin-casino/,0,2
https://puredeco.nl/meest-betrouwbare-live-casino-2026/,0,2
https://puredeco.nl/meest-betrouwbare-live-casino-belgie/,0,2
https://puredeco.nl/meest-betrouwbare-online-casino-2025/,0,2
https://puredeco.nl/meest-gevallen-nummers-roulette/,0,2
https://puredeco.nl/meest-populaire-bitcoin-casino/,0,2
https://puredeco.nl/meest-populaire-casino-app/,0,2
https://puredeco.nl/meest-winstgevende-casino-2026/,0,2
https://puredeco.nl/meest-winstgevende-casino-site-nederland-2025/,0,2
https://puredeco.nl/meest-winstgevende-online-casino-belgie/,0,2
https://puredeco.nl/mega-fire-blaze-roulette-casino/,0,2
https://puredeco.nl/mega-fire-blaze-roulette-voor-geld/,0,2
https://puredeco.nl/megaways-gokkasten-casino-nederland/,0,2
https://puredeco.nl/megaways-gokkasten-uitbetaling/,0,2
https://puredeco.nl/met-app-online-casino/,0,2
https://puredeco.nl/mini-roulette-minimum-inzet/,0,2
https://puredeco.nl/mr-sloty-casino-bonus-zonder-storting-2026/,0,2
https://puredeco.nl/multiwheel-roulette-lage-inzet/,0,2
https://puredeco.nl/mythology-slots-met-bonus/,0,2
https://puredeco.nl/mythology-slots-nederland/,0,2
https://puredeco.nl/nalu-casino-bonus-zonder-storting-2026/,0,2
https://puredeco.nl/nederlands-mobile-casino/,0,2
https://puredeco.nl/nederlandse-casino-uitbetaling/,0,2
https://puredeco.nl/new-future-games-casino-gratis-spins-zonder-deposit/,0,2
https://puredeco.nl/nieuw-casino-barneveld/,0,2
https://puredeco.nl/nieuw-casino-breda/,0,2
https://puredeco.nl/nieuw-casino-charleroi/,0,2
https://puredeco.nl/nieuw-casino-den-helder/,0,2
https://puredeco.nl/nieuw-casino-kampen/,0,2
https://puredeco.nl/nieuw-casino-leuven/,0,2
https://puredeco.nl/nieuw-casino-nieuwegein/,0,2
https://puredeco.nl/nieuw-casino-waalwijk/,0,2
https://puredeco.nl/nieuw-casino-winschoten/,0,2
https://puredeco.nl/nieuwe-aanmeldbonus-casino/,0,2
https://puredeco.nl/nieuwe-bitcoin-casino-2025/,0,2
https://puredeco.nl/nieuwe-blackjack-2025/,0,2
https://puredeco.nl/nieuwe-casino-2026/,0,2
https://puredeco.nl/nieuwe-casino-belgie-met-cashback/,0,2
https://puredeco.nl/nieuwe-casino-januari-2026/,0,2
https://puredeco.nl/nieuwe-casino-juni-2026/,0,2
https://puredeco.nl/nieuwe-casino-met-jackpot/,0,2
https://puredeco.nl/nieuwe-casino-site-belgie-met-gratis-spins/,0,2
https://puredeco.nl/nieuwe-casino-site-nederland-hoge-inzet/,0,2
https://puredeco.nl/nieuwe-casino-site-nederland-met-crypto/,0,2
https://puredeco.nl/nieuwe-casino-site-nederland/,0,2
https://puredeco.nl/nieuwe-free-bet-casino/,0,2
https://puredeco.nl/nieuwe-game-shows-casino-nederland/,0,2
https://puredeco.nl/nieuwe-gokkasten-met-turbo-spin/,0,2
https://puredeco.nl/nieuwe-gokkasten/,0,2
https://puredeco.nl/nieuwe-goksite-belgie-echt-geld/,0,2
https://puredeco.nl/nieuwe-goksite-belgie-met-bonus/,0,2
https://puredeco.nl/nieuwe-goksite-belgie-met-cashback/,0,2
https://puredeco.nl/nieuwe-goksite-belgie-met-ideal/,0,2
https://puredeco.nl/nieuwe-goksite-nederland-met-app/,0,2
https://puredeco.nl/nieuwe-keno-casino/,0,2
https://puredeco.nl/nieuwe-locatie-casino-groningen/,0,2
https://puredeco.nl/nieuwe-online-casino-belgie-met-app/,0,2
https://puredeco.nl/nieuwe-online-casino-met-ideal/,0,2
https://puredeco.nl/nieuwe-online-casino-nederland-hoge-inzet/,0,2
https://puredeco.nl/nieuwe-online-casino-nederland-snelle-uitbetaling/,0,2
https://puredeco.nl/nieuwe-retro-gokkasten/,0,2
https://puredeco.nl/nieuwe-scratch-cards-2025-casino/,0,2
https://puredeco.nl/nieuwe-slots-sites-2026/,0,2
https://puredeco.nl/nieuwe-video-poker-casino/,0,2
https://puredeco.nl/nieuwe-welkomstbonus-2026-casino/,0,2
https://puredeco.nl/nieuwjaars-casino-bonus/,0,2
https://puredeco.nl/7-support-nederland/,0,2
https://puredeco.nl/beste-dobbelspel-app/,0,2
https://puredeco.nl/beste-game-shows-app/,0,2
https://puredeco.nl/beste-keno-site-2025/,0,2
https://puredeco.nl/beste-online-craps/,0,2
https://puredeco.nl/beste-punto-banco-nederland/,0,2
https://puredeco.nl/betrouwbaar-dobbelspel-app/,0,2
https://puredeco.nl/betrouwbaar-sic-bo/,0,2
https://puredeco.nl/craps-spelen/,0,2
https://puredeco.nl/dice-app-nederland/,0,2
https://puredeco.nl/dobbelspel-online-belgie/,0,2
https://puredeco.nl/dobbelspel-spelen-om-geld/,0,2
https://puredeco.nl/game-shows-2025/,0,2
https://puredeco.nl/goedkoop-keno-spelen/,0,2
https://puredeco.nl/jukyuban/,0,2
https://puredeco.nl/kansspel-op-afstand/,0,2
https://puredeco.nl/kansspel-website/,0,2
https://puredeco.nl/keno-spelen-nederland/,0,2
https://puredeco.nl/live-dice-nederland/,0,2
https://puredeco.nl/live-keno-met-echt-geld/,0,2
https://puredeco.nl/nieuwe-dice-site/,0,2
https://puredeco.nl/nieuwe-dobbelspel-nederland/,0,2
https://puredeco.nl/no-deposit-free-spins-casino-nederland/,0,2
https://puredeco.nl/nords-casino-gratis-spins-zonder-deposit/,0,2
https://puredeco.nl/online-american-roulette-spelen/,0,2
https://puredeco.nl/online-bingo-echt-geld-winnen/,0,2
https://puredeco.nl/online-blackjack-crypto/,0,2
https://puredeco.nl/online-blackjack-ethereum/,0,2
https://puredeco.nl/online-blackjack-hoog-uitbetalingspercentage/,0,2
https://puredeco.nl/online-blackjack-prepaid-kaart/,0,2
https://puredeco.nl/online-blackjack-revolut/,0,2
https://puredeco.nl/online-blackjack-skrill/,0,2
https://puredeco.nl/online-blackjack-surrender-spelen/,0,2
https://puredeco.nl/online-breuken-bingo/,0,2
https://puredeco.nl/online-casino-10-gratis-spins/,0,2
https://puredeco.nl/online-casino-10-spellen/,0,2
https://puredeco.nl/online-casino-100-spellen/,0,2
https://puredeco.nl/online-casino-250-gratis-spins/,0,2
https://puredeco.nl/online-casino-3000-games/,0,2
https://puredeco.nl/online-casino-5000-games/,0,2
https://puredeco.nl/online-casino-belgie-2025/,0,2
https://puredeco.nl/online-casino-beste-uitbetaling/,0,2
https://puredeco.nl/online-casino-beste-zeit/,0,2
https://puredeco.nl/online-casino-betalen-met-revolut/,0,2
https://puredeco.nl/online-casino-buitenland/,0,2
https://puredeco.nl/online-casino-curacao-licentie/,0,2
https://puredeco.nl/online-casino-duizenden-games/,0,2
https://puredeco.nl/online-casino-geen-registratie/,0,2
https://puredeco.nl/online-casino-hoge-bonus/,0,2
https://puredeco.nl/online-casino-hoog-uitbetalingspercentage/,0,2
https://puredeco.nl/online-casino-klarna/,0,2
https://puredeco.nl/online-casino-limiet-verhogen/,0,2
https://puredeco.nl/online-casino-met-beste-promoties/,0,2
https://puredeco.nl/online-casino-met-bonus-2026/,0,2
https://puredeco.nl/online-casino-met-cashback-nederland/,0,2
https://puredeco.nl/online-casino-met-revolut/,0,2
https://puredeco.nl/online-casino-met-veel-bonussen/,0,2
https://puredeco.nl/online-casino-met-vip-programma/,0,2
https://puredeco.nl/online-casino-review-nederland/,0,2
https://puredeco.nl/online-casino-ronse/,0,2
https://puredeco.nl/online-casino-storten-met-apple-pay/,0,2
https://puredeco.nl/online-casino-storten-met-ideal/,0,2
https://puredeco.nl/online-casino-tervuren/,0,2
https://puredeco.nl/online-casino-uitbetaling-24-uur/,0,2
https://puredeco.nl/online-casino-uitbetaling-dezelfde-dag-2025/,0,2
https://puredeco.nl/online-casino-waregem/,0,2
https://puredeco.nl/online-casino-weekend-bonus/,0,2
https://puredeco.nl/online-casino-zonder-storting-nederland/,0,2
https://puredeco.nl/online-gems-slots-spelen/,0,2
https://puredeco.nl/online-gokkasten-met-gratis-spins/,0,2
https://puredeco.nl/online-gokkasten-skrill/,0,2
https://puredeco.nl/online-gokkasten-zonder-cruks/,0,2
https://puredeco.nl/online-gokken-belgie-met-ideal/,0,2
https://puredeco.nl/online-gokken-kassa/,0,2
https://puredeco.nl/online-gokken-limiet/,0,2
https://puredeco.nl/online-gokken-met-skrill/,0,2
https://puredeco.nl/online-gokken-slot-machine/,0,2
https://puredeco.nl/online-gokken-terugbetalen/,0,2
https://puredeco.nl/online-gokken-utrecht/,0,2
https://puredeco.nl/online-keno-google-pay/,0,2
https://puredeco.nl/online-keno-litecoin/,0,2
https://puredeco.nl/online-live-casino-google-pay/,0,2
https://puredeco.nl/online-live-casino-snelle-uitbetaling/,0,2
https://puredeco.nl/online-poker-mobiel-betalen/,0,2
https://puredeco.nl/online-retro-slots-spelen/,0,2
https://puredeco.nl/online-vip-blackjack-spelen/,0,2
https://puredeco.nl/onvergunde-casino/,0,2
https://puredeco.nl/onvergunde-goksites-nederland/,0,2
https://puredeco.nl/orangepay-casino-nederland-online/,0,2
https://puredeco.nl/oranje-casino-bonuscode-en-promoties-2026/,0,2
https://puredeco.nl/oria-casino-gratis-spins-zonder-deposit/,0,2
https://puredeco.nl/oria-casino-welkomstbonus-eerste-storting/,0,2
https://puredeco.nl/oudste-online-casino-nederland/,0,2
https://puredeco.nl/paas-bonus-zonder-storting-casino/,0,2
https://puredeco.nl/pachinko-spel-casino/,0,2
https://puredeco.nl/paddy-power-casino-gratis-spins-zonder-deposit/,0,2
https://puredeco.nl/pai-gow-poker-mobiel/,0,2
https://puredeco.nl/pai-gow-poker-spelen-voor-geld/,0,2
https://puredeco.nl/palm-casino-bonus-zonder-storting-2026/,0,2
https://puredeco.nl/pasen-gokkasten-echt-geld/,0,2
https://puredeco.nl/peppermill-casino-bonus-zonder-storting-2026/,0,2
https://puredeco.nl/play-frank-casino-bonus-zonder-storting-2026/,0,2
https://puredeco.nl/play-frank-casino-bonuscode-en-promoties-2026/,0,2
https://puredeco.nl/playamo-casino-welkomstbonus-eerste-storting/,0,2
https://puredeco.nl/playtoro-casino-bonuscode-en-promoties-2026/,0,2
https://puredeco.nl/playtoro-casino-welkomstbonus-eerste-storting/,0,2
https://puredeco.nl/plaza-royal-casino-bonuscode-en-promoties-2026/,0,2
https://puredeco.nl/poker-app-nederland/,0,2
https://puredeco.nl/poker-app/,0,2
https://puredeco.nl/poker-casino-lijst/,0,2
https://puredeco.nl/poker-casino-makkelijke-registratie/,0,2
https://puredeco.nl/poker-casino-mobiel-betalen/,0,2
https://puredeco.nl/poker-casino-revolut/,0,2
https://puredeco.nl/poker-casino-top-5/,0,2
https://puredeco.nl/poker-casino-trustly/,0,2
https://puredeco.nl/poker-casino-zonder-registratie/,0,2
https://puredeco.nl/poker-casino-zonder-storting/,0,2
https://puredeco.nl/poker-site-review-nederland/,0,2
https://puredeco.nl/poker-sites-nederland/,0,2
https://puredeco.nl/poker-turnhout/,0,2
https://puredeco.nl/populairste-baccarat-app/,0,2
https://puredeco.nl/populairste-baccarat-casino-nederland/,0,2
https://puredeco.nl/populairste-bingo-nederland/,0,2
https://puredeco.nl/populairste-bitcoin-casino-2026/,0,2
https://puredeco.nl/populairste-blackjack-online/,0,2
https://puredeco.nl/populairste-casino-met-crypto/,0,2
https://puredeco.nl/populairste-casino-nederland-met-bonus/,0,2
https://puredeco.nl/populairste-casino-site-belgie/,0,2
https://puredeco.nl/populairste-casino-site-met-app/,0,2
https://puredeco.nl/populairste-casino-site-met-loyalty-programma/,0,2
https://puredeco.nl/populairste-casino-site-nederland-2025/,0,2
https://puredeco.nl/populairste-casino-site-nederland-met-app/,0,2
https://puredeco.nl/populairste-casino-site-nederland-met-crypto/,0,2
https://puredeco.nl/populairste-casino-site-voor-beginners/,0,2
https://puredeco.nl/populairste-casino-voor-beginners/,0,2
https://puredeco.nl/populairste-crypto-casino-belgie/,0,2
https://puredeco.nl/populairste-game-shows-casino-nederland/,0,2
https://puredeco.nl/populairste-gokkasten-nederland/,0,2
https://puredeco.nl/populairste-goksite-nederland-met-paypal/,0,2
https://puredeco.nl/populairste-goksites-belgie/,0,2
https://puredeco.nl/populairste-keno-nederland/,0,2
https://puredeco.nl/populairste-keno-online/,0,2
https://puredeco.nl/populairste-online-casino-belgie-met-ideal/,0,2
https://puredeco.nl/populairste-online-casino-belgie-met-paypal/,0,2
https://puredeco.nl/populairste-online-casino-belgie-voor-beginners/,0,2
https://puredeco.nl/populairste-online-casino-nederland-met-bonus/,0,2
https://puredeco.nl/populairste-online-casino-nederland-met-cashback/,0,2
https://puredeco.nl/populairste-online-casino-nederland-met-paypal/,0,2
https://puredeco.nl/populairste-online-casino-nederlandstalig/,0,2
https://puredeco.nl/populairste-poker-app/,0,2
https://puredeco.nl/populairste-roulette-online/,0,2
https://puredeco.nl/populairste-scratch-cards-app-casino/,0,2
https://puredeco.nl/power-blackjack-lage-inzet/,0,2
https://puredeco.nl/prive-casino-welkomstbonus-eerste-storting/,0,2
https://puredeco.nl/privecasino-casino-bonuscode-en-promoties-2026/,0,2
https://puredeco.nl/progressieve-jackpot-gokkasten-hoge-inzet/,0,2
https://puredeco.nl/promotie-paysafecard-online-casino/,0,2
https://puredeco.nl/provably-fair-casino/,0,2
https://puredeco.nl/qbet-casino-bonuscode-en-promoties-2026/,0,2
https://puredeco.nl/reddog-casino-review-en-ervaringen-2026/,0,2
https://puredeco.nl/registratie-bonus-nederland-2026-online-casino/,0,2
https://puredeco.nl/reload-bonus-casino-creditcard/,0,2
https://puredeco.nl/retro-casino-bonus/,0,2
https://puredeco.nl/revolut-casino-nederland-online/,0,2
https://puredeco.nl/revolution-casino-bonuscode-en-promoties-2026/,0,2
https://puredeco.nl/roulette-3-euro-inzet/,0,2
https://puredeco.nl/roulette-aanbieders-vergelijken/,0,2
https://puredeco.nl/roulette-automaat/,0,2
https://puredeco.nl/roulette-betalen-met-paysafecard/,0,2
https://puredeco.nl/roulette-betalen-met-visa/,0,2
https://puredeco.nl/roulette-bonus/,0,2
https://puredeco.nl/roulette-casino-litecoin/,0,2
https://puredeco.nl/roulette-casino-minimum-storting/,0,2
https://puredeco.nl/roulette-casino-snelle-uitbetaling/,0,2
https://puredeco.nl/roulette-casino-zonder-download/,0,2
https://puredeco.nl/roulette-groen/,0,2
https://puredeco.nl/roulette-hengelo/,0,2
https://puredeco.nl/roulette-in-de-panne/,0,2
https://puredeco.nl/roulette-in-het-nederlands/,0,2
https://puredeco.nl/roulette-klarna/,0,2
https://puredeco.nl/roulette-leuven/,0,2
https://puredeco.nl/roulette-met-cashback-nederland/,0,2
https://puredeco.nl/roulette-met-prepaid-kaart/,0,2
https://puredeco.nl/roulette-met-visa/,0,2
https://puredeco.nl/roulette-minimum-1-euro/,0,2
https://puredeco.nl/roulette-minimum-2-euro/,0,2
https://puredeco.nl/roulette-storten-met-skrill/,0,2
https://puredeco.nl/roulette-tafel/,0,2
https://puredeco.nl/roulette-vanaf-20-euro/,0,2
https://puredeco.nl/roulette-verdubbelingsstrategie/,0,2
https://puredeco.nl/roulette-wheel-casino-nederland/,0,2
https://puredeco.nl/salon-prive-roulette-casino-nederland/,0,2
https://puredeco.nl/savanna-wins-casino-review-en-ervaringen-2026/,0,2
https://puredeco.nl/scatters-casino-bonus-zonder-storting-2026/,0,2
https://puredeco.nl/schadevergoeding-gokken/,0,2
https://puredeco.nl/scratch-cards-bonus-casino/,0,2
https://puredeco.nl/side-bets-blackjack-casino-nederland/,0,2
https://puredeco.nl/side-bets-blackjack-nederland/,0,2
https://puredeco.nl/simple-casino-bonus-zonder-storting-2026/,0,2
https://puredeco.nl/single-deck-blackjack-lage-inzet/,0,2
https://puredeco.nl/skyslots-casino-bonus-zonder-storting-2026/,0,2
https://puredeco.nl/slingo-lage-inzet-casino/,0,2
https://puredeco.nl/slingo-online-nederland-casino/,0,2
https://puredeco.nl/slot-machine-spelen/,0,2
https://puredeco.nl/sloterra-casino-gratis-spins-zonder-deposit/,0,2
https://puredeco.nl/slots-animal-casino-bonuscode-en-promoties-2026/,0,2
https://puredeco.nl/slots-betalen-met-ideal/,0,2
https://puredeco.nl/slots-met-97-uitbetaling/,0,2
https://puredeco.nl/slots-palace-casino-gratis-spins-zonder-deposit/,0,2
https://puredeco.nl/snelle-uitbetaling-casino-google-pay/,0,2
https://puredeco.nl/snelle-uitbetaling-casino-skrill/,0,2
https://puredeco.nl/snelste-casino-2025/,0,2
https://puredeco.nl/snelste-casino-app-nederland/,0,2
https://puredeco.nl/snelste-casino-uitbetaling-2-uur/,0,2
https://puredeco.nl/snelste-casino-uitbetaling-48-uur/,0,2
https://puredeco.nl/snelste-live-casino/,0,2
https://puredeco.nl/sociaal-casino-ervaringen/,0,2
https://puredeco.nl/sonsofslots-casino-gratis-spins-zonder-deposit/,0,2
https://puredeco.nl/spaarbron-jackpot/,0,2
https://puredeco.nl/space-gokkasten/,0,2
https://puredeco.nl/space-slots-met-bonus/,0,2
https://puredeco.nl/space-wins-casino-welkomstbonus-eerste-storting/,0,2
https://puredeco.nl/spanish-21-blackjack-casino/,0,2
https://puredeco.nl/speed-bingo-spelen-voor-geld/,0,2
https://puredeco.nl/speed-roulette-hoge-inzet/,0,2
https://puredeco.nl/speed-roulette-minimum-inzet/,0,2
https://puredeco.nl/speed-roulette-zonder-cruks/,0,2
https://puredeco.nl/speel-blackjack-online/,0,2
https://puredeco.nl/speelhal-badhoevedorp/,0,2
https://puredeco.nl/speelhal-bergambacht/,0,2
https://puredeco.nl/speelhal-beringen/,0,2
https://puredeco.nl/speelhal-boom/,0,2
https://puredeco.nl/speelhal-brugge/,0,2
https://puredeco.nl/speelhal-brussel/,0,2
https://puredeco.nl/speelhal-driebergen/,0,2
https://puredeco.nl/speelhal-enschede/,0,2
https://puredeco.nl/speelhal-hamme/,0,2
https://puredeco.nl/speelhal-herentals/,0,2
https://puredeco.nl/speelhal-hoogeveen/,0,2
https://puredeco.nl/speelhal-ijsselstein/,0,2
https://puredeco.nl/speelhal-jette/,0,2
https://puredeco.nl/speelhal-limburg-belgie/,0,2
https://puredeco.nl/speelhal-mol/,0,2
https://puredeco.nl/speelhal-nijmegen/,0,2
https://puredeco.nl/speelhal-oirschot/,0,2
https://puredeco.nl/speelhal-rijswijk/,0,2
https://puredeco.nl/speelhal-rotterdam/,0,2
https://puredeco.nl/speelhal-schiedam/,0,2
https://puredeco.nl/speelhal-schoten/,0,2
https://puredeco.nl/speelhal-someren/,0,2
https://puredeco.nl/speelhal-strijen/,0,2
https://puredeco.nl/speelhal-tilburg/,0,2
https://puredeco.nl/speelhal-utrecht/,0,2
https://puredeco.nl/speelhal-zoetermeer/,0,2
https://puredeco.nl/spin-panda-casino-bonus-zonder-storting-2026/,0,2
https://puredeco.nl/spinstellar-casino-welkomstbonus-eerste-storting/,0,2
https://puredeco.nl/spinyoo-casino-bonuscode-en-promoties-2026/,0,2
https://puredeco.nl/spinz-casino-review-en-ervaringen-2026/,0,2
https://puredeco.nl/star-casino-bonus-zonder-storting-2026/,0,2
https://puredeco.nl/star-casino-gratis-spins-zonder-deposit/,0,2
https://puredeco.nl/stortingsbonus-tot-300-euro-casino/,0,2
https://puredeco.nl/stortingsbonus-tot-500-euro-casino/,0,2
https://puredeco.nl/sugar-casino-bonuscode-en-promoties-2026/,0,2
https://puredeco.nl/sugar-casino-gratis-spins-zonder-deposit/,0,2
https://puredeco.nl/taika-spins-casino-welkomstbonus-eerste-storting/,0,2
https://puredeco.nl/terugkeer-bonus-casino-nederland/,0,2
https://puredeco.nl/terugkeer-bonus-nederland-casino/,0,2
https://puredeco.nl/terugkeer-bonus-online-casino-nederland/,0,2
https://puredeco.nl/tgcasino-casino-bonuscode-en-promoties-2026/,0,2
https://puredeco.nl/tgcasino-casino-review-en-ervaringen-2026/,0,2
https://puredeco.nl/tonybet-casino-bonuscode-en-promoties-2026/,0,2
https://puredeco.nl/top-10-goksite-nederland-2026/,0,2
https://puredeco.nl/top-10-live-casino-2025/,0,2
https://puredeco.nl/top-20-casino-app-nederland-2025/,0,2
https://puredeco.nl/top-5-online-casino-belgie/,0,2
https://puredeco.nl/veilig-bingo-casino-nederland/,0,2
https://puredeco.nl/veilig-casino-2026/,0,2
https://puredeco.nl/veilig-dice-casino-nederland/,0,2
https://puredeco.nl/veilig-gokken/,0,2
https://puredeco.nl/verjaardagsbonus-overzicht-casino/,0,2
https://puredeco.nl/verschil-paysafecard-of-ideal-casino/,0,2
https://puredeco.nl/vestigingen-nederlands-casino-2026/,0,2
https://puredeco.nl/video-bingo-lage-inzet/,0,2
https://puredeco.nl/video-bingo-minimum-inzet/,0,2
https://puredeco.nl/video-gokkasten-met-bonus/,0,2
https://puredeco.nl/video-poker-app/,0,2
https://puredeco.nl/video-poker-casino-paysafecard/,0,2
https://puredeco.nl/video-poker-hoge-inzet/,0,2
https://puredeco.nl/video-poker-klein-budget/,0,2
https://puredeco.nl/video-poker-maximale-inzet/,0,2
https://puredeco.nl/video-poker-met-lage-inzet-online/,0,2
https://puredeco.nl/video-poker-snelle-uitbetaling/,0,2
https://puredeco.nl/video-poker-storten-bitcoin/,0,2
https://puredeco.nl/video-poker-uitbetaling-creditcard/,0,2
https://puredeco.nl/viking-slots-casino/,0,2
https://puredeco.nl/viking-slots-met-bonus/,0,2
https://puredeco.nl/vip-blackjack-spelen/,0,2
https://puredeco.nl/vip-bonus-casino-nederland/,0,2
https://puredeco.nl/vip-bonus-vergelijken-casino/,0,2
https://puredeco.nl/virtuele-bingo/,0,2
https://puredeco.nl/visa-casino-nederland-online/,0,2
https://puredeco.nl/waar-dobbelspel-spelen-online/,0,2
https://puredeco.nl/waar-kan-ik-asian-slots-spelen/,0,2
https://puredeco.nl/waar-kan-ik-cascading-slots-spelen/,0,2
https://puredeco.nl/waar-kan-ik-fantasy-slots-spelen/,0,2
https://puredeco.nl/waar-kan-ik-french-roulette-spelen/,0,2
https://puredeco.nl/waar-kan-ik-gokken-met-apple-pay/,0,2
https://puredeco.nl/waar-kan-ik-gokken-met-klarna/,0,2
https://puredeco.nl/waar-kan-ik-gokken/,0,2
https://puredeco.nl/waar-keno-spelen-online/,0,2
https://puredeco.nl/waar-krasloten-spelen-online/,0,2
https://puredeco.nl/waar-nederlandse-casino-online/,0,2
https://puredeco.nl/waar-online-gokken-in-nederland/,0,2
https://puredeco.nl/waar-scratch-cards-spelen-online-casino/,0,2
https://puredeco.nl/wat-is-beter-online-gokken-of-live-casino/,0,2
https://puredeco.nl/wat-is-beter-paysafecard-of-ideal-casino/,0,2
https://puredeco.nl/wat-is-de-beste-gokkast/,0,2
https://puredeco.nl/wat-is-het-beste-online-casino-van-nederland/,0,2
https://puredeco.nl/weekend-bonus-casino-paypal/,0,2
https://puredeco.nl/weekend-bonus-zonder-storting-casino/,0,2
https://puredeco.nl/wekelijkse-bonus-zonder-storting-casino/,0,2
https://puredeco.nl/welk-casino-betaalt-het-snelst-uit/,0,2
https://puredeco.nl/welk-casino-heeft-de-beste-bonus/,0,2
https://puredeco.nl/welk-casino-heeft-de-laagste-storting/,0,2
https://puredeco.nl/welk-casino-heeft-gratis-spins/,0,2
https://puredeco.nl/welk-casino-heeft-laagste-minimum-storting/,0,2
https://puredeco.nl/welke-online-goksites-zijn-legaal-in-nederland/,0,2
https://puredeco.nl/welkom-bonus-casino-geen-storting/,0,2
https://puredeco.nl/welkomstbonus-15-euro-casino/,0,2
https://puredeco.nl/welkomstbonus-creditcard-online-casino/,0,2
https://puredeco.nl/welkomstbonus-nederland-2026-online-casino/,0,2
https://puredeco.nl/welkomstbonus-paysafecard-online-casino/,0,2
https://puredeco.nl/western-slots-echt-geld/,0,2
https://puredeco.nl/wild-bonus-gokkast/,0,2
https://puredeco.nl/wildz-casino-bonus-zonder-storting-2026/,0,2
https://puredeco.nl/wildz-casino-gratis-spins-zonder-deposit/,0,2
https://puredeco.nl/winning-casino-bonuscode-en-promoties-2026/,0,2
https://puredeco.nl/wolfy-casino-gratis-spins-zonder-deposit/,0,2
https://puredeco.nl/ybets-casino-review-en-ervaringen-2026/,0,2
https://puredeco.nl/yeti-casino-welkomstbonus-eerste-storting/,0,2
https://puredeco.nl/zet-casino-bonus-zonder-storting-2026/,0,2
https://puredeco.nl/zinkra-casino-welkomstbonus-eerste-storting/,0,2
https://puredeco.nl/zonder-wachttijd-uitbetaling-online-casino/,0,2
https://puredeco.nl/online-casino-register/,0,2
https://puredeco.nl/powbet-casino-review-en-ervaringen-2026/,0,2
https://puredeco.nl/tonybet-casino-bonus-zonder-storting-2026/,0,2
https://puredeco.nl/beste-poker-met-cruks/,1,1
https://puredeco.nl/beste-wekelijkse-bonus-online-casino/,1,1
https://puredeco.nl/casino-actie-nu/,1,1
https://puredeco.nl/casino-promotie-februari/,1,1
https://puredeco.nl/dagelijkse-bonus-online-casino/,1,1
https://puredeco.nl/europese-online-casino/,1,1
https://puredeco.nl/gokhal-kontich/,1,1
https://puredeco.nl/gokhal-wetteren/,1,1
https://puredeco.nl/live-bingo-bonus/,1,1
https://puredeco.nl/nieuwe-casino-dordrecht/,1,1
https://puredeco.nl/online-casino-voor-ervaren-spelers/,1,1
https://puredeco.nl/online-casino-voor-vrouwen/,1,1
https://puredeco.nl/populairste-casino-site-nederland-2026/,1,1
https://puredeco.nl/roulette-casino-paypal/,1,1
https://puredeco.nl/samba-slots-casino-bonuscode-en-promoties-2026/,1,1
https://puredeco.nl/speelautomatenhal-dendermonde/,1,1
https://puredeco.nl/vbet-casino-gratis-spins-zonder-deposit/,1,1
https://puredeco.nl/10-euro-gratis-gokken/,0,1
https://puredeco.nl/10-gratis-spins/,0,1
https://puredeco.nl/100-casino-bonus/,0,1
https://puredeco.nl/1000-euro-bonus-casino/,0,1
https://puredeco.nl/150-gratis-spins-bij-registratie/,0,1
https://puredeco.nl/2-euro-gratis-gokken-zonder-storting/,0,1
https://puredeco.nl/20-euro-gratis-casino/,0,1
https://puredeco.nl/20-gratis-spins-nederland/,0,1
https://puredeco.nl/20-gratis-spins-zonder-storting-belgie/,0,1
https://puredeco.nl/20-spins-bonus/,0,1
https://puredeco.nl/200-gratis-spins-belgie/,0,1
https://puredeco.nl/200-gratis-spins-zonder-storting-belgie/,0,1
https://puredeco.nl/21bets-casino-bonuscode-en-promoties-2026/,0,1
https://puredeco.nl/21bets-casino-welkomstbonus-eerste-storting/,0,1
https://puredeco.nl/21red-casino-bonus-zonder-storting-2026/,0,1
https://puredeco.nl/21red-casino-welkomstbonus-eerste-storting/,0,1
https://puredeco.nl/30-ball-bingo-met-bonus/,0,1
https://puredeco.nl/30-ball-bingo-minimum-inzet/,0,1
https://puredeco.nl/30-ball-bingo-spelen-voor-geld/,0,1
https://puredeco.nl/30-gratis-spins-nederland/,0,1
https://puredeco.nl/30-gratis-spins/,0,1
https://puredeco.nl/3d-gokkasten-casino/,0,1
https://puredeco.nl/3d-gokkasten-met-bonus/,0,1
https://puredeco.nl/3d-gokkasten-mobiel/,0,1
https://puredeco.nl/40-free-spins-no-deposit/,0,1
https://puredeco.nl/40-gratis-spins/,0,1
https://puredeco.nl/5-euro-bonus-bij-registratie-casino/,0,1
https://puredeco.nl/5-winlijnen-gokkasten/,0,1
https://puredeco.nl/50-euro-storten-online-casino/,0,1
https://puredeco.nl/50-gratis-spins-belgie/,0,1
https://puredeco.nl/50-gratis-spins-bij-registratie/,0,1
https://puredeco.nl/50-stortingsbonus-casino/,0,1
https://puredeco.nl/500-euro-bonus-casino/,0,1
https://puredeco.nl/500-gratis-spins-zonder-storting/,0,1
https://puredeco.nl/55bet-casino-welkomstbonus-eerste-storting/,0,1
https://puredeco.nl/75-ball-bingo-lage-inzet/,0,1
https://puredeco.nl/75-gratis-spins/,0,1
https://puredeco.nl/80-ball-bingo-app/,0,1
https://puredeco.nl/80-ball-bingo-mobiel/,0,1
https://puredeco.nl/90-ball-bingo-casino-nederland/,0,1
https://puredeco.nl/90-ball-bingo-echt-geld/,0,1
https://puredeco.nl/90-ball-bingo-hoge-inzet/,0,1
https://puredeco.nl/90-ball-bingo-uitbetaling/,0,1
https://puredeco.nl/aanmeldbonus-vergelijken-casino/,0,1
https://puredeco.nl/adventure-slots-casino/,0,1
https://puredeco.nl/adventure-slots-nederland/,0,1
https://puredeco.nl/adventure-slots-voor-geld/,0,1
https://puredeco.nl/age-of-the-gods-roulette-casino-nederland/,0,1
https://puredeco.nl/alle-legale-goksites-belgie/,0,1
https://puredeco.nl/american-roulette-met-bonus/,0,1
https://puredeco.nl/amerikaanse-roulette-zonder-cruks/,0,1
https://puredeco.nl/amonbet-casino-bonus-zonder-storting-2026/,0,1
https://puredeco.nl/amusementshal-delft/,0,1
https://puredeco.nl/amusementshal-den-helder/,0,1
https://puredeco.nl/amusementshal-doetinchem/,0,1
https://puredeco.nl/amusementshal-dordrecht/,0,1
https://puredeco.nl/amusementshal-emmen/,0,1
https://puredeco.nl/amusementshal-haarlem/,0,1
https://puredeco.nl/amusementshal-heerenveen/,0,1
https://puredeco.nl/amusementshal-oldenzaal/,0,1
https://puredeco.nl/amusementshal-rijswijk/,0,1
https://puredeco.nl/amusementshal-tilburg/,0,1
https://puredeco.nl/amusementshal-zoetermeer/,0,1
https://puredeco.nl/animal-slots-casino/,0,1
https://puredeco.nl/animal-slots-echt-geld/,0,1
https://puredeco.nl/antwerp-online-casino/,0,1
https://puredeco.nl/asian-slots-nederland/,0,1
https://puredeco.nl/auto-roulette-spelen/,0,1
https://puredeco.nl/auto-roulette-zonder-cruks/,0,1
https://puredeco.nl/avontuur-gokkasten-online/,0,1
https://puredeco.nl/aztec-paradise-casino-bonuscode-en-promoties-2026/,0,1
https://puredeco.nl/azteken-gokkasten-echt-geld/,0,1
https://puredeco.nl/azteken-gokkasten-met-bonus/,0,1
https://puredeco.nl/baccarat-10-euro-inzet/,0,1
https://puredeco.nl/baccarat-50-cent-inzet/,0,1
https://puredeco.nl/baccarat-aanbieders-nederland/,0,1
https://puredeco.nl/baccarat-betalen-met-paypal/,0,1
https://puredeco.nl/baccarat-casino-ervaringen/,0,1
https://puredeco.nl/baccarat-casino-paypal/,0,1
https://puredeco.nl/baccarat-hoge-inzet/,0,1
https://puredeco.nl/baccarat-maximale-inzet/,0,1
https://puredeco.nl/baccarat-met-crypto/,0,1
https://puredeco.nl/baccarat-minimum-10-euro/,0,1
https://puredeco.nl/baccarat-spelen-nederland/,0,1
https://puredeco.nl/baccarat-storten-creditcard/,0,1
https://puredeco.nl/baccarat-storten-met-paysafecard/,0,1
https://puredeco.nl/baccarat-storten-neteller/,0,1
https://puredeco.nl/baccarat-uitbetaling-ideal/,0,1
https://puredeco.nl/baccarat-uitbetaling-paysafecard/,0,1
https://puredeco.nl/baccarat-vanaf-1-euro/,0,1
https://puredeco.nl/baccarat-vanaf-200-euro/,0,1
https://puredeco.nl/baccarat-vanaf-50-cent/,0,1
https://puredeco.nl/baccarat-vanaf-500-euro/,0,1
https://puredeco.nl/barz-casino-bonuscode-en-promoties-2026/,0,1
https://puredeco.nl/barz-casino-welkomstbonus-eerste-storting/,0,1
https://puredeco.nl/bc-game-casino-bonuscode-en-promoties-2026/,0,1
https://puredeco.nl/belgische-casino-jackpot/,0,1
https://puredeco.nl/belgische-casino-licentie-lijst/,0,1
https://puredeco.nl/belgische-casino-ranking/,0,1
https://puredeco.nl/belgische-goksites-vergelijken/,0,1
https://puredeco.nl/beste-250-casino-bonus/,0,1
https://puredeco.nl/beste-3d-gokkasten/,0,1
https://puredeco.nl/beste-5-rollen-gokkasten/,0,1
https://puredeco.nl/beste-aanmeldbonus-casino/,0,1
https://puredeco.nl/beste-baccarat-app/,0,1
https://puredeco.nl/beste-bingo-2026/,0,1
https://puredeco.nl/beste-bingo-app-nederland/,0,1
https://puredeco.nl/beste-bingo-bonus-casino/,0,1
https://puredeco.nl/beste-bingo-casino-nederland-2026/,0,1
https://puredeco.nl/beste-bingo-casino-nederland/,0,1
https://puredeco.nl/beste-bingo-site-belgie/,0,1
https://puredeco.nl/beste-blackjack-2025/,0,1
https://puredeco.nl/beste-blackjack-casino-belgie/,0,1
https://puredeco.nl/beste-blackjack-met-cashback/,0,1
https://puredeco.nl/beste-blackjack-met-ksa-vergunning/,0,1
https://puredeco.nl/beste-blackjack-met-vergunning/,0,1
https://puredeco.nl/beste-blackjack-mobiel/,0,1
https://puredeco.nl/beste-blackjack-snelle-registratie/,0,1
https://puredeco.nl/beste-blackjack-snelle-uitbetaling/,0,1
https://puredeco.nl/beste-blackjack-switch/,0,1
https://puredeco.nl/beste-blackjack-uitbetaling-dezelfde-dag/,0,1
https://puredeco.nl/beste-casino-almelo/,0,1
https://puredeco.nl/beste-casino-anderlecht/,0,1
https://puredeco.nl/beste-casino-assen/,0,1
https://puredeco.nl/beste-casino-belgie-betrouwbaar/,0,1
https://puredeco.nl/beste-casino-belgie-gratis-spins/,0,1
https://puredeco.nl/beste-casino-belgie-legaal/,0,1
https://puredeco.nl/beste-casino-bonus-november/,0,1
https://puredeco.nl/beste-casino-charleroi/,0,1
https://puredeco.nl/beste-casino-culemborg/,0,1
https://puredeco.nl/beste-casino-dagelijkse-bonus/,0,1
https://puredeco.nl/beste-casino-dinant/,0,1
https://puredeco.nl/beste-casino-genk/,0,1
https://puredeco.nl/beste-casino-hardenberg/,0,1
https://puredeco.nl/beste-casino-hoge-bonus/,0,1
https://puredeco.nl/beste-casino-hoogeveen/,0,1
https://puredeco.nl/beste-casino-hoorn/,0,1
https://puredeco.nl/beste-casino-kontich/,0,1
https://puredeco.nl/beste-casino-laag-huisvoordeel/,0,1
https://puredeco.nl/beste-casino-lage-inzet/,0,1
https://puredeco.nl/beste-casino-laken/,0,1
https://puredeco.nl/beste-casino-lelystad/,0,1
https://puredeco.nl/beste-casino-maldegem/,0,1
https://puredeco.nl/beste-casino-met-ideal/,0,1
https://puredeco.nl/beste-casino-met-isoftbet-spellen/,0,1
https://puredeco.nl/beste-casino-met-progressieve-jackpot/,0,1
https://puredeco.nl/beste-casino-met-thunderkick-spellen/,0,1
https://puredeco.nl/beste-casino-met-vergunning-2025/,0,1
https://puredeco.nl/beste-casino-met-vergunning-2026/,0,1
https://puredeco.nl/beste-casino-met-vip-programma/,0,1
https://puredeco.nl/beste-casino-namur/,0,1
https://puredeco.nl/beste-casino-nederland-met-gratis-spins/,0,1
https://puredeco.nl/beste-casino-nederlandstalig/,0,1
https://puredeco.nl/beste-casino-sint-gillis/,0,1
https://puredeco.nl/beste-casino-sint-pieters-woluwe/,0,1
https://puredeco.nl/beste-casino-site-belgie-hoge-inzet/,0,1
https://puredeco.nl/beste-casino-site-belgie-met-ideal/,0,1
https://puredeco.nl/beste-casino-site-belgie-met-vergunning/,0,1
https://puredeco.nl/beste-casino-site-belgie-mobiel/,0,1
https://puredeco.nl/beste-casino-site-met-bonus/,0,1
https://puredeco.nl/beste-casino-site-met-gratis-spins/,0,1
https://puredeco.nl/beste-casino-site-met-ideal/,0,1
https://puredeco.nl/beste-casino-site-nederland-lage-inzet/,0,1
https://puredeco.nl/beste-casino-site-nederland-met-paypal/,0,1
https://puredeco.nl/beste-casino-sittard/,0,1
https://puredeco.nl/beste-casino-snelle-registratie-2026/,0,1
https://puredeco.nl/beste-casino-soest/,0,1
https://puredeco.nl/beste-casino-spa/,0,1
https://puredeco.nl/beste-casino-texel/,0,1
https://puredeco.nl/beste-casino-tiel/,0,1
https://puredeco.nl/beste-casino-veenendaal/,0,1
https://puredeco.nl/beste-casino-vlaanderen/,0,1
https://puredeco.nl/beste-casino-voor-nederlanders/,0,1
https://puredeco.nl/beste-casino-voor-vrouwen/,0,1
https://puredeco.nl/beste-casino-wetteren/,0,1
https://puredeco.nl/beste-casino-zele/,0,1
https://puredeco.nl/beste-casino-zuid-holland/,0,1
https://puredeco.nl/beste-casino-zwolle/,0,1
https://puredeco.nl/beste-craps-casino/,0,1
https://puredeco.nl/beste-diamond-slots/,0,1
https://puredeco.nl/beste-draken-gokkasten/,0,1
https://puredeco.nl/beste-film-slots/,0,1
https://puredeco.nl/beste-first-person-blackjack-nederland/,0,1
https://puredeco.nl/beste-first-person-roulette-nederland/,0,1
https://puredeco.nl/beste-franse-roulette-nederland/,0,1
https://puredeco.nl/beste-gokkasten-casino-blankenberge/,0,1
https://puredeco.nl/beste-gokkasten-casino-oostende/,0,1
https://puredeco.nl/beste-gokkasten-hoge-volatiliteit/,0,1
https://puredeco.nl/beste-gokkasten-met-free-spins-feature-casino/,0,1
https://puredeco.nl/beste-gokkasten-met-loyalty-programma/,0,1
https://puredeco.nl/beste-gokkasten-met-multiplier-casino/,0,1
https://puredeco.nl/beste-gokkasten-site-2025/,0,1
https://puredeco.nl/beste-gokkasten-site-2026/,0,1
https://puredeco.nl/beste-gokken-apple-pay-nederland/,0,1
https://puredeco.nl/beste-gokken-met-paypal/,0,1
https://puredeco.nl/beste-gokken-met-visa/,0,1
https://puredeco.nl/beste-goksite-belgie-gratis-spins/,0,1
https://puredeco.nl/beste-goksite-belgie-lage-inzet/,0,1
https://puredeco.nl/beste-goksite-belgie-met-crypto/,0,1
https://puredeco.nl/beste-goksite-belgie-welkomstbonus/,0,1
https://puredeco.nl/beste-goksite-klarna/,0,1
https://puredeco.nl/beste-goksite-met-free-spins/,0,1
https://puredeco.nl/beste-goksite-met-ksa-vergunning/,0,1
https://puredeco.nl/beste-goksite-met-progressieve-jackpot/,0,1
https://puredeco.nl/beste-goksite-met-sportsbetting/,0,1
https://puredeco.nl/beste-goksite-met-welkomstbonus/,0,1
https://puredeco.nl/beste-goksite-nederland-met-app/,0,1
https://puredeco.nl/beste-goksite-voor-highrollers/,0,1
https://puredeco.nl/beste-goksite-zonder-id/,0,1
https://puredeco.nl/beste-gratis-spins-2026/,0,1
https://puredeco.nl/beste-gratis-spins-zonder-storting/,0,1
https://puredeco.nl/beste-gratis-spins/,0,1
https://puredeco.nl/beste-gratis-weddenschap-casino/,0,1
https://puredeco.nl/beste-happy-hour-bonus-nederland-casino/,0,1
https://puredeco.nl/beste-infinite-blackjack-casino/,0,1
https://puredeco.nl/beste-let-it-ride-poker/,0,1
https://puredeco.nl/beste-lightning-roulette/,0,1
https://puredeco.nl/beste-live-casino-met-ksa-vergunning/,0,1
https://puredeco.nl/beste-live-casino-met-loyalty-programma/,0,1
https://puredeco.nl/beste-live-wheel-of-fortune-casino/,0,1
https://puredeco.nl/beste-low-volatility-gokkasten-nederland/,0,1
https://puredeco.nl/beste-low-volatility-gokkasten/,0,1
https://puredeco.nl/beste-loyaliteitsbonus-nederland-casino/,0,1
https://puredeco.nl/beste-maandelijkse-bonus-casino/,0,1
https://puredeco.nl/beste-maya-gokkasten/,0,1
https://puredeco.nl/beste-nederlands-casino-2026/,0,1
https://puredeco.nl/beste-online-casino-2025/,0,1
https://puredeco.nl/beste-online-casino-anoniem/,0,1
https://puredeco.nl/beste-online-casino-belgie-echt-geld/,0,1
https://puredeco.nl/beste-online-casino-belgie-met-cashback/,0,1
https://puredeco.nl/beste-online-casino-belgie-met-paypal/,0,1
https://puredeco.nl/beste-online-casino-buiten-cruks/,0,1
https://puredeco.nl/beste-online-casino-google-pay/,0,1
https://puredeco.nl/beste-online-casino-klarna-nederland/,0,1
https://puredeco.nl/beste-online-casino-lage-inzet/,0,1
https://puredeco.nl/beste-online-casino-leiden/,0,1
https://puredeco.nl/beste-online-casino-met-app/,0,1
https://puredeco.nl/beste-online-casino-met-live-dealer/,0,1
https://puredeco.nl/beste-online-casino-met-prepaid-kaart/,0,1
https://puredeco.nl/beste-online-casino-nederland-2026/,0,1
https://puredeco.nl/beste-online-casino-nederland-voor-beginners/,0,1
https://puredeco.nl/beste-online-casino-voor-beginners/,0,1
https://puredeco.nl/beste-online-wedden-site/,0,1
https://puredeco.nl/beste-poker-met-ksa-vergunning/,0,1
https://puredeco.nl/beste-poker-site-2025/,0,1
https://puredeco.nl/beste-poker-zonder-registratie/,0,1
https://puredeco.nl/beste-poker-zonder-storting/,0,1
https://puredeco.nl/beste-prinses-gokkasten/,0,1
https://puredeco.nl/beste-punto-banco-casino-nederland/,0,1
https://puredeco.nl/beste-quantum-roulette/,0,1
https://puredeco.nl/beste-roulette-bonus/,0,1
https://puredeco.nl/beste-roulette-met-welkomstbonus/,0,1
https://puredeco.nl/beste-roulette-snelle-uitbetaling/,0,1
https://puredeco.nl/beste-roulette-zonder-cruks/,0,1
https://puredeco.nl/beste-scratch-cards-online-casino/,0,1
https://puredeco.nl/beste-single-deck-blackjack-nederland/,0,1
https://puredeco.nl/beste-single-hand-blackjack/,0,1
https://puredeco.nl/beste-sprookje-gokkasten/,0,1
https://puredeco.nl/beste-three-card-poker-casino/,0,1
https://puredeco.nl/beste-three-card-poker-nederland/,0,1
https://puredeco.nl/beste-verrassingsbonus-nederland-casino/,0,1
https://puredeco.nl/beste-video-gokkasten-casino/,0,1
https://puredeco.nl/beste-video-gokkasten/,0,1
https://puredeco.nl/beste-video-poker-bonus/,0,1
https://puredeco.nl/beste-video-poker-casino-nederland/,0,1
https://puredeco.nl/beste-weekend-bonus-casino/,0,1
https://puredeco.nl/beste-wekelijkse-bonus-nederland-casino/,0,1
https://puredeco.nl/beste-welkomstbonus-2025-online-casino/,0,1
https://puredeco.nl/beste-zee-gokkasten/,0,1
https://puredeco.nl/betaald-gokkasten-online/,0,1
https://puredeco.nl/betaalde-bingo/,0,1
https://puredeco.nl/betblast-casino-bonuscode-en-promoties-2026/,0,1
https://puredeco.nl/betblast-casino-review-en-ervaringen-2026/,0,1
https://puredeco.nl/bethard-casino-gratis-spins-zonder-deposit/,0,1
https://puredeco.nl/betiro-casino-welkomstbonus-eerste-storting/,0,1
https://puredeco.nl/betizy-casino-gratis-spins-zonder-deposit/,0,1
https://puredeco.nl/betnfflix-casino-review-en-ervaringen-2026/,0,1
https://puredeco.nl/betonline-casino-bonus-zonder-storting-2026/,0,1
https://puredeco.nl/betrouwbaar-baccarat-casino-nederland/,0,1
https://puredeco.nl/betrouwbaar-bitcoin-casino-2026/,0,1
https://puredeco.nl/betrouwbaar-bitcoin-casino-belgie/,0,1
https://puredeco.nl/betrouwbaar-casino-belgie-met-cashback/,0,1
https://puredeco.nl/betrouwbaar-casino-belgie-voor-beginners/,0,1
https://puredeco.nl/betrouwbaar-casino-bitcoin/,0,1
https://puredeco.nl/betrouwbaar-casino-breda/,0,1
https://puredeco.nl/betrouwbaar-casino-genk/,0,1
https://puredeco.nl/betrouwbaar-casino-ideal/,0,1
https://puredeco.nl/betrouwbaar-casino-lage-inzet/,0,1
https://puredeco.nl/betrouwbaar-casino-mastercard/,0,1
https://puredeco.nl/betrouwbaar-casino-mechelen/,0,1
https://puredeco.nl/betrouwbaar-casino-met-startgeld/,0,1
https://puredeco.nl/betrouwbaar-casino-met-vergunning/,0,1
https://puredeco.nl/betrouwbaar-casino-nederland-2026/,0,1
https://puredeco.nl/betrouwbaar-casino-nederlandstalig/,0,1
https://puredeco.nl/betrouwbaar-casino-revolut/,0,1
https://puredeco.nl/betrouwbaar-casino-site-belgie-met-crypto/,0,1
https://puredeco.nl/betrouwbaar-casino-site-belgie-snelle-uitbetaling/,0,1
https://puredeco.nl/betrouwbaar-casino-site-met-bonus/,0,1
https://puredeco.nl/betrouwbaar-casino-site-nederland-lage-inzet/,0,1
https://puredeco.nl/betrouwbaar-casino-skrill/,0,1
https://puredeco.nl/betrouwbaar-casino-tilburg/,0,1
https://puredeco.nl/betrouwbaar-casino-visa/,0,1
https://puredeco.nl/betrouwbaar-crypto-casino-belgie/,0,1
https://puredeco.nl/betrouwbaar-dobbelspel-casino/,0,1
https://puredeco.nl/betrouwbaar-goksite-belgie-lage-inzet/,0,1
https://puredeco.nl/betrouwbaar-goksite-belgie-met-app/,0,1
https://puredeco.nl/betrouwbaar-goksite-echt-geld/,0,1
https://puredeco.nl/betrouwbaar-goksite-hoge-inzet/,0,1
https://puredeco.nl/betrouwbaar-goksite-lage-inzet/,0,1
https://puredeco.nl/betrouwbaar-goksite-met-vergunning/,0,1
https://puredeco.nl/betrouwbaar-goksite-nederland-lage-inzet/,0,1
https://puredeco.nl/betrouwbaar-goksite-nederland-voor-beginners/,0,1
https://puredeco.nl/betrouwbaar-goksite-snelle-uitbetaling/,0,1
https://puredeco.nl/betrouwbaar-goksite-visa/,0,1
https://puredeco.nl/betrouwbaar-live-casino-site/,0,1
https://puredeco.nl/betrouwbaar-modern-casino/,0,1
https://puredeco.nl/betrouwbaar-online-casino-belgie-met-app/,0,1
https://puredeco.nl/betrouwbaar-online-casino-belgie-met-bonus/,0,1
https://puredeco.nl/betrouwbaar-online-casino-belgie-met-vergunning/,0,1
https://puredeco.nl/betrouwbaar-online-casino-mastercard/,0,1
https://puredeco.nl/betrouwbaar-online-casino-mobiel/,0,1
https://puredeco.nl/betrouwbaar-online-casino-nederland-2026/,0,1
https://puredeco.nl/betrouwbaar-online-casino-nederland-voor-beginners/,0,1
https://puredeco.nl/betrouwbaar-poker-app/,0,1
https://puredeco.nl/betrouwbaar-retro-casino/,0,1
https://puredeco.nl/betrouwbaar-roulette-site/,0,1
https://puredeco.nl/betrouwbaar-roulette/,0,1
https://puredeco.nl/betrouwbaar-sportbetting/,0,1
https://puredeco.nl/betrouwbaarste-casino-2025/,0,1
https://puredeco.nl/betrouwbare-goksite-nederland/,0,1
https://puredeco.nl/betrouwbare-online-goksites/,0,1
https://puredeco.nl/bets-amigo-casino-welkomstbonus-eerste-storting/,0,1
https://puredeco.nl/betsomnia-casino-welkomstbonus-eerste-storting/,0,1
https://puredeco.nl/betvictor-casino-bonus-zonder-storting-2026/,0,1
https://puredeco.nl/bingo-almere/,0,1
https://puredeco.nl/bingo-apeldoorn/,0,1
https://puredeco.nl/bingo-betalen-met-bitcoin/,0,1
https://puredeco.nl/bingo-betalen-met-ideal/,0,1
https://puredeco.nl/bingo-betalen-met-neteller/,0,1
https://puredeco.nl/bingo-betalen-met-paypal/,0,1
https://puredeco.nl/bingo-betalen-met-prepaid-kaart/,0,1
https://puredeco.nl/bingo-bonus-casino-nederland/,0,1
https://puredeco.nl/bingo-bonus/,0,1
https://puredeco.nl/bingo-casino-buiten-cruks/,0,1
https://puredeco.nl/bingo-casino-met-welkomstbonus/,0,1
https://puredeco.nl/bingo-casino-neteller/,0,1
https://puredeco.nl/bingo-casino-ranking/,0,1
https://puredeco.nl/bingo-casino-uitbetaling-binnen-24-uur/,0,1
https://puredeco.nl/bingo-casino-uitbetaling-dezelfde-dag/,0,1
https://puredeco.nl/bingo-casino-zonder-cruks/,0,1
https://puredeco.nl/bingo-casino-zonder-download/,0,1
https://puredeco.nl/bingo-cijfers-trekken-online/,0,1
https://puredeco.nl/bingo-crypto/,0,1
https://puredeco.nl/bingo-dordrecht/,0,1
https://puredeco.nl/bingo-enschede/,0,1
https://puredeco.nl/bingo-geld-winnen/,0,1
https://puredeco.nl/bingo-gratis-spins/,0,1
https://puredeco.nl/bingo-maastricht/,0,1
https://puredeco.nl/bingo-maximale-inzet/,0,1
https://puredeco.nl/bingo-met-kaartspel/,0,1
https://puredeco.nl/bingo-met-opdrachten/,0,1
https://puredeco.nl/bingo-met-paysafecard/,0,1
https://puredeco.nl/bingo-minimum-storting/,0,1
https://puredeco.nl/bingo-online-spelen-met-vrienden/,0,1
https://puredeco.nl/bingo-oostende/,0,1
https://puredeco.nl/bingo-sint-niklaas/,0,1
https://puredeco.nl/bingo-site-aanbeveling/,0,1
https://puredeco.nl/bingo-site-ranglijst/,0,1
https://puredeco.nl/bingo-software-voor-pc/,0,1
https://puredeco.nl/bingo-spel-volwassenen/,0,1
https://puredeco.nl/bingo-storten-ideal/,0,1
https://puredeco.nl/bingo-storten-met-klarna/,0,1
https://puredeco.nl/bingo-tilburg/,0,1
https://puredeco.nl/bingo-turnhout/,0,1
https://puredeco.nl/bingo-uitbetaling-paysafecard/,0,1
https://puredeco.nl/bingo-utrecht/,0,1
https://puredeco.nl/bingo-wanneer-prijs/,0,1
https://puredeco.nl/bitcoin-casino-2025/,0,1
https://puredeco.nl/bitcoin-casino-bonus/,0,1
https://puredeco.nl/black-jack-kansen-casino/,0,1
https://puredeco.nl/black-jack-regel-casino/,0,1
https://puredeco.nl/blackjack-apeldoorn/,0,1
https://puredeco.nl/blackjack-automaat-casino/,0,1
https://puredeco.nl/blackjack-automaat/,0,1
https://puredeco.nl/blackjack-barneveld/,0,1
https://puredeco.nl/blackjack-bergen-op-zoom/,0,1
https://puredeco.nl/blackjack-betaald-spelen/,0,1
https://puredeco.nl/blackjack-betalen-met-apple-pay/,0,1
https://puredeco.nl/blackjack-betalen-met-bankoverschrijving/,0,1
https://puredeco.nl/blackjack-betalen-met-crypto/,0,1
https://puredeco.nl/blackjack-betalen-met-klarna/,0,1
https://puredeco.nl/blackjack-betalen-met-mobiel-betalen/,0,1
https://puredeco.nl/blackjack-betalen-met-skrill/,0,1
https://puredeco.nl/blackjack-bonus-casino-nederland/,0,1
https://puredeco.nl/blackjack-casino-alternatieven/,0,1
https://puredeco.nl/blackjack-casino-google-pay/,0,1
https://puredeco.nl/blackjack-casino-met-ksa-vergunning/,0,1
https://puredeco.nl/blackjack-casino-nederland-2026/,0,1
https://puredeco.nl/blackjack-casino-online/,0,1
https://puredeco.nl/blackjack-casino-uitbetaling-dezelfde-dag/,0,1
https://puredeco.nl/blackjack-casino-vs/,0,1
https://puredeco.nl/blackjack-casino-zonder-registratie/,0,1
https://puredeco.nl/blackjack-casino/,0,1
https://puredeco.nl/blackjack-dordrecht/,0,1
https://puredeco.nl/blackjack-in-de-panne/,0,1
https://puredeco.nl/blackjack-leuven/,0,1
https://puredeco.nl/blackjack-meppel/,0,1
https://puredeco.nl/blackjack-met-mobiel-betalen/,0,1
https://puredeco.nl/blackjack-met-paypal/,0,1
https://puredeco.nl/blackjack-met-prepaid-kaart/,0,1
https://puredeco.nl/blackjack-minimum-20-cent/,0,1
https://puredeco.nl/blackjack-nieuwegein/,0,1
https://puredeco.nl/blackjack-oss/,0,1
https://puredeco.nl/blackjack-party-met-bonus/,0,1
https://puredeco.nl/blackjack-party-spelen/,0,1
https://puredeco.nl/blackjack-rijswijk/,0,1
https://puredeco.nl/blackjack-sint-niklaas/,0,1
https://puredeco.nl/blackjack-sittard/,0,1
https://puredeco.nl/blackjack-spelen/,0,1
https://puredeco.nl/blackjack-spijkenisse/,0,1
https://puredeco.nl/blackjack-steenwijk/,0,1
https://puredeco.nl/blackjack-storten-met-ethereum/,0,1
https://puredeco.nl/blackjack-terneuzen/,0,1
https://puredeco.nl/blackjack-turnhout/,0,1
https://puredeco.nl/blackjack-utrecht/,0,1
https://puredeco.nl/blackjack-valkenburg/,0,1
https://puredeco.nl/blackjack-venlo/,0,1
https://puredeco.nl/blackjack-voor-beginners/,0,1
https://puredeco.nl/blackjack-weddenschappen/,0,1
https://puredeco.nl/blackjack-winschoten/,0,1
https://puredeco.nl/blitz-casino-bonuscode-en-promoties-2026/,0,1
https://puredeco.nl/blitz-casino-welkomstbonus-eerste-storting/,0,1
https://puredeco.nl/blockchain-casino/,0,1
https://puredeco.nl/bluvegas-casino-bonus-zonder-storting-2026/,0,1
https://puredeco.nl/bluvegas-casino-bonuscode-en-promoties-2026/,0,1
https://puredeco.nl/boaboa-casino-bonus-zonder-storting-2026/,0,1
https://puredeco.nl/bof-casino-bonuscode-en-promoties-2026/,0,1
https://puredeco.nl/bonus-buy-gokkasten-casino/,0,1
https://puredeco.nl/bonus-buy-gokkasten-spelen/,0,1
https://puredeco.nl/bonus-code-creditcard-online-casino/,0,1
https://puredeco.nl/bonus-geld-casino/,0,1
https://puredeco.nl/bonus-tot-1000-euro-casino/,0,1
https://puredeco.nl/bonus-tot-50-euro-casino/,0,1
https://puredeco.nl/bonus-zonder-storting-nederland-casino/,0,1
https://puredeco.nl/bonuscode-casino-crypto/,0,1
https://puredeco.nl/bonuscode-nederland-casino/,0,1
https://puredeco.nl/brutal-casino-bonuscode-en-promoties-2026/,0,1
https://puredeco.nl/buitenland-casino/,0,1
https://puredeco.nl/buitenlands-casino-met-bitcoin/,0,1
https://puredeco.nl/buitenlands-casino/,0,1
https://puredeco.nl/buitenlands-gelicenseerd-casino/,0,1
https://puredeco.nl/buitenlandse-casino-ervaringen/,0,1
https://puredeco.nl/cadeaukaart-casino/,0,1
https://puredeco.nl/cadoola-casino-welkomstbonus-eerste-storting/,0,1
https://puredeco.nl/caribbean-stud-poker-casino-nederland/,0,1
https://puredeco.nl/caribbean-stud-poker-minimum-inzet/,0,1
https://puredeco.nl/caribbean-stud-poker-online-nederland/,0,1
https://puredeco.nl/carousel-be-casino-bonuscode-en-promoties-2026/,0,1
https://puredeco.nl/cascading-gokkasten-casino-nederland/,0,1
https://puredeco.nl/cascading-gokkasten-casino/,0,1
https://puredeco.nl/cascading-gokkasten-met-bonus/,0,1
https://puredeco.nl/cascading-gokkasten-nederland/,0,1
https://puredeco.nl/cascading-gokkasten-online-nederland/,0,1
https://puredeco.nl/cascading-gokkasten-zonder-cruks/,0,1
https://puredeco.nl/cashback-bonus-2026-casino/,0,1
https://puredeco.nl/cashback-bonus-casino-paysafecard/,0,1
https://puredeco.nl/cashback-casino-nederland-2026/,0,1
https://puredeco.nl/casino-1-euro-free-bet/,0,1
https://puredeco.nl/casino-1-euro-gratis/,0,1
https://puredeco.nl/casino-10-euro-inzet/,0,1
https://puredeco.nl/casino-100-euro-storten/,0,1
https://puredeco.nl/casino-15-euro-gratis/,0,1
https://puredeco.nl/casino-20-euro-free-bet/,0,1
https://puredeco.nl/casino-5-euro-gratis-speelgeld/,0,1
https://puredeco.nl/casino-50-euro-minimum/,0,1
https://puredeco.nl/casino-50-gratis-spins/,0,1
https://puredeco.nl/casino-aalst-adres/,0,1
https://puredeco.nl/casino-aalst-met-bonus/,0,1
https://puredeco.nl/casino-aanbieding-overzicht/,0,1
https://puredeco.nl/casino-aanbieding/,0,1
https://puredeco.nl/casino-actie-direct/,0,1
https://puredeco.nl/casino-almere/,0,1
https://puredeco.nl/casino-antwerpen-met-bancontact/,0,1
https://puredeco.nl/casino-app-belgie-echt-geld/,0,1
https://puredeco.nl/casino-app-met-paysafecard/,0,1
https://puredeco.nl/casino-app-ranglijst/,0,1
https://puredeco.nl/casino-avond/,0,1
https://puredeco.nl/casino-bancontact-welkomstbonus/,0,1
https://puredeco.nl/casino-belgie-google-pay/,0,1
https://puredeco.nl/casino-belgie-skrill/,0,1
https://puredeco.nl/casino-belgie-uitbetaling-dezelfde-dag/,0,1
https://puredeco.nl/casino-belgie-visa/,0,1
https://puredeco.nl/casino-betaalopties-nederland/,0,1
https://puredeco.nl/casino-betalen-met-mastercard/,0,1
https://puredeco.nl/casino-betalen-met-prepaid-kaart/,0,1
https://puredeco.nl/casino-betalen-met-trustly/,0,1
https://puredeco.nl/casino-bij-bussum/,0,1
https://puredeco.nl/casino-bij-charleroi/,0,1
https://puredeco.nl/casino-bij-delfzijl/,0,1
https://puredeco.nl/casino-bij-doetinchem/,0,1
https://puredeco.nl/casino-bij-drachten/,0,1
https://puredeco.nl/casino-bij-enkhuizen/,0,1
https://puredeco.nl/casino-bij-genk/,0,1
https://puredeco.nl/casino-bij-haarlem/,0,1
https://puredeco.nl/casino-bij-hilversum/,0,1
https://puredeco.nl/casino-bij-hoogeveen/,0,1
https://puredeco.nl/casino-bij-hoogezand/,0,1
https://puredeco.nl/casino-bij-kampen/,0,1
https://puredeco.nl/casino-bij-leek/,0,1
https://puredeco.nl/casino-bij-leidschendam/,0,1
https://puredeco.nl/casino-bij-middelburg/,0,1
https://puredeco.nl/casino-bij-purmerend/,0,1
https://puredeco.nl/casino-bij-raalte/,0,1
https://puredeco.nl/casino-bij-sint-niklaas/,0,1
https://puredeco.nl/casino-bij-sneek/,0,1
https://puredeco.nl/casino-bij-spa/,0,1
https://puredeco.nl/casino-bij-steenwijk/,0,1
https://puredeco.nl/casino-bij-tongeren/,0,1
https://puredeco.nl/casino-bij-turnhout/,0,1
https://puredeco.nl/casino-bij-uithoorn/,0,1
https://puredeco.nl/casino-bij-utrecht/,0,1
https://puredeco.nl/casino-bij-veenendaal/,0,1
https://puredeco.nl/casino-bij-wageningen/,0,1
https://puredeco.nl/casino-bij-zoetermeer/,0,1
https://puredeco.nl/casino-bilthoven/,0,1
https://puredeco.nl/casino-blackjack-minimale-inzet/,0,1
https://puredeco.nl/casino-blankenberge-restaurant/,0,1
https://puredeco.nl/casino-bloemendaal/,0,1
https://puredeco.nl/casino-bonus-20-gratis-spins/,0,1
https://puredeco.nl/casino-bonus-belgie-vergelijken/,0,1
https://puredeco.nl/casino-bonus-eindhoven/,0,1
https://puredeco.nl/casino-bonus-feestdagen/,0,1
https://puredeco.nl/casino-bonus-groningen/,0,1
https://puredeco.nl/casino-bonus-januari-2026/,0,1
https://puredeco.nl/casino-bonus-juni-2026/,0,1
https://puredeco.nl/casino-bonus-koningsdag/,0,1
https://puredeco.nl/casino-bonus-maastricht/,0,1
https://puredeco.nl/casino-bonus-mei-2026/,0,1
https://puredeco.nl/casino-bonus-mei/,0,1
https://puredeco.nl/casino-bonus-morgen/,0,1
https://puredeco.nl/casino-bonus-nederland/,0,1
https://puredeco.nl/casino-bonus-oktober-2026/,0,1
https://puredeco.nl/casino-boskoop/,0,1
https://puredeco.nl/casino-bredene-dresscode/,0,1
https://puredeco.nl/casino-bredene-parking/,0,1
https://puredeco.nl/casino-brugge-welkomstbonus/,0,1
https://puredeco.nl/casino-buiten-cruks/,0,1
https://puredeco.nl/casino-chaudfontaine-entree/,0,1
https://puredeco.nl/casino-creditcard-storten/,0,1
https://puredeco.nl/casino-curacao-vergunning-nederland/,0,1
https://puredeco.nl/casino-dat-klarna-accepteert/,0,1
https://puredeco.nl/casino-dat-paypal-accepteert/,0,1
https://puredeco.nl/casino-de-haan-dresscode/,0,1
https://puredeco.nl/casino-de-haan-entree/,0,1
https://puredeco.nl/casino-de-haan-gokkasten/,0,1
https://puredeco.nl/casino-de-haan-reserveren/,0,1
https://puredeco.nl/casino-de-panne-parking/,0,1
https://puredeco.nl/casino-de-panne-reserveren/,0,1
https://puredeco.nl/casino-de-panne/,0,1
https://puredeco.nl/casino-deze-week-spelen/,0,1
https://puredeco.nl/casino-dinant-entree/,0,1
https://puredeco.nl/casino-direct-storten-paypal/,0,1
https://puredeco.nl/casino-doetinchem-online/,0,1
https://puredeco.nl/casino-dordrecht-online/,0,1
https://puredeco.nl/casino-duiven/,0,1
https://puredeco.nl/casino-edegem/,0,1
https://puredeco.nl/casino-eeklo/,0,1
https://puredeco.nl/casino-elst/,0,1
https://puredeco.nl/casino-emmeloord/,0,1
https://puredeco.nl/casino-ethereum-uitbetaling/,0,1
https://puredeco.nl/casino-geen-limiet/,0,1
https://puredeco.nl/casino-geld-opnemen-48-uur/,0,1
https://puredeco.nl/casino-geld-opnemen-apple-pay/,0,1
https://puredeco.nl/casino-geld-opnemen-creditcard/,0,1
https://puredeco.nl/casino-geld-opnemen-klarna/,0,1
https://puredeco.nl/casino-geld-opnemen-litecoin/,0,1
https://puredeco.nl/casino-geld-terug-vragen/,0,1
https://puredeco.nl/casino-gelderland/,0,1
https://puredeco.nl/casino-gelijk-spelen/,0,1
https://puredeco.nl/casino-genk-gratis-spins/,0,1
https://puredeco.nl/casino-genk-openingsuren/,0,1
https://puredeco.nl/casino-gent-adres/,0,1
https://puredeco.nl/casino-giethoorn/,0,1
https://puredeco.nl/casino-gouda/,0,1
https://puredeco.nl/casino-gratis-welkomstbonus/,0,1
https://puredeco.nl/casino-hasselt-adres/,0,1
https://puredeco.nl/casino-hasselt-met-bancontact/,0,1
https://puredeco.nl/casino-heerlen-online/,0,1
https://puredeco.nl/casino-heusden-zolder/,0,1
https://puredeco.nl/casino-hoge-welkomstbonus/,0,1
https://puredeco.nl/casino-holdem-lage-inzet/,0,1
https://puredeco.nl/casino-holdem-mobiel/,0,1
https://puredeco.nl/casino-holdem-spelen/,0,1
https://puredeco.nl/casino-hoorn-online/,0,1
https://puredeco.nl/casino-houten/,0,1
https://puredeco.nl/casino-ideal-uitbetaling/,0,1
https://puredeco.nl/casino-in-het-vlaams/,0,1
https://puredeco.nl/casino-in-kaatsheuvel/,0,1
https://puredeco.nl/casino-in-nederland/,0,1
https://puredeco.nl/casino-in-oud-beijerland/,0,1
https://puredeco.nl/casino-in-oudenbosch/,0,1
https://puredeco.nl/casino-in-oudewater/,0,1
https://puredeco.nl/casino-in-papendrecht/,0,1
https://puredeco.nl/casino-in-spanbroek/,0,1
https://puredeco.nl/casino-in-stolwijk/,0,1
https://puredeco.nl/casino-in-strijen/,0,1
https://puredeco.nl/casino-in-veldhoven/,0,1
https://puredeco.nl/casino-inzet-roulette/,0,1
https://puredeco.nl/casino-kampen-online/,0,1
https://puredeco.nl/casino-knokke-bezoeken/,0,1
https://puredeco.nl/casino-knokke-gokkasten/,0,1
https://puredeco.nl/casino-knokke-restaurant/,0,1
https://puredeco.nl/casino-koksijde-entree/,0,1
https://puredeco.nl/casino-koksijde-gokkasten/,0,1
https://puredeco.nl/casino-kontich/,0,1
https://puredeco.nl/casino-korting-nederland/,0,1
https://puredeco.nl/casino-kortrijk-met-bonus/,0,1
https://puredeco.nl/casino-kortrijk-openingsuren/,0,1
https://puredeco.nl/casino-lage-storting-2026/,0,1
https://puredeco.nl/casino-laken/,0,1
https://puredeco.nl/casino-litecoin-storten/,0,1
https://puredeco.nl/casino-loyaliteitsbonus/,0,1
https://puredeco.nl/casino-maasmechelen/,0,1
https://puredeco.nl/casino-mechelen-gratis-spins/,0,1
https://puredeco.nl/casino-mechelen-online/,0,1
https://puredeco.nl/casino-mechelen-snelle-uitbetaling/,0,1
https://puredeco.nl/casino-med-startbonus/,0,1
https://puredeco.nl/casino-medium-volatiliteit-gokkasten/,0,1
https://puredeco.nl/casino-met-5000-spellen/,0,1
https://puredeco.nl/casino-met-bingo/,0,1
https://puredeco.nl/casino-met-buitenlandse-licentie/,0,1
https://puredeco.nl/casino-met-casino-voucher/,0,1
https://puredeco.nl/casino-met-cruks-2025/,0,1
https://puredeco.nl/casino-met-dagelijkse-cashback/,0,1
https://puredeco.nl/casino-met-free-bet/,0,1
https://puredeco.nl/casino-met-ideal-dordrecht/,0,1
https://puredeco.nl/casino-met-kansspelcommissie-vergunning/,0,1
https://puredeco.nl/casino-met-ksa-vergunning-2026/,0,1
https://puredeco.nl/casino-met-live-chat/,0,1
https://puredeco.nl/casino-met-meer-dan-10-spellen/,0,1
https://puredeco.nl/casino-met-meer-dan-20-spellen/,0,1
https://puredeco.nl/casino-met-nederlandse-klantenservice/,0,1
https://puredeco.nl/casino-met-nederlandse-vergunning/,0,1
https://puredeco.nl/casino-met-online-wedden/,0,1
https://puredeco.nl/casino-met-startgeld-bonus/,0,1
https://puredeco.nl/casino-met-startgeld-nederland/,0,1
https://puredeco.nl/casino-met-thunderkick-spellen/,0,1
https://puredeco.nl/casino-minimum-bedrag/,0,1
https://puredeco.nl/casino-namur-entree/,0,1
https://puredeco.nl/casino-native-app/,0,1
https://puredeco.nl/casino-nieuwpoort-restaurant/,0,1
https://puredeco.nl/casino-nieuwpoort-spellen/,0,1
https://puredeco.nl/casino-oost-vlaanderen/,0,1
https://puredeco.nl/casino-oostende-dresscode/,0,1
https://puredeco.nl/casino-oostende-gokkasten/,0,1
https://puredeco.nl/casino-oostende-welkomstbonus/,0,1
https://puredeco.nl/casino-pakket/,0,1
https://puredeco.nl/casino-prepaid-kaart-nederland/,0,1
https://puredeco.nl/casino-prepaid-kaart-uitbetaling/,0,1
https://puredeco.nl/casino-promotie-mei/,0,1
https://puredeco.nl/casino-raalte-online/,0,1
https://puredeco.nl/casino-review/,0,1
https://puredeco.nl/casino-roeselare-adres/,0,1
https://puredeco.nl/casino-roeselare-met-bancontact/,0,1
https://puredeco.nl/casino-roulette-groen/,0,1
https://puredeco.nl/casino-roulette-spelen/,0,1
https://puredeco.nl/casino-schiedam-online/,0,1
https://puredeco.nl/casino-sint-pieters-woluwe/,0,1
https://puredeco.nl/casino-skrill-storten/,0,1
https://puredeco.nl/casino-storten-creditcard-opnemen-creditcard/,0,1
https://puredeco.nl/casino-storten-met-visa/,0,1
https://puredeco.nl/casino-storten-neteller-opnemen-neteller/,0,1
https://puredeco.nl/casino-storten-vanaf-25-euro/,0,1
https://puredeco.nl/casino-stortingsbonus-met-creditcard/,0,1
https://puredeco.nl/casino-tilburg-online/,0,1
https://puredeco.nl/casino-trouwe-spelers-bonus/,0,1
https://puredeco.nl/casino-trustly-nederland/,0,1
https://puredeco.nl/casino-turnhout-welkomstbonus/,0,1
https://puredeco.nl/casino-uitbetalen-op-rekening/,0,1
https://puredeco.nl/casino-uitbetaling-dezelfde-dag-2026/,0,1
https://puredeco.nl/casino-uitbetaling-naar-bankrekening/,0,1
https://puredeco.nl/casino-uitbetaling-via-litecoin/,0,1
https://puredeco.nl/casino-uitbetaling-via-mastercard/,0,1
https://puredeco.nl/casino-uitbetaling-via-skrill/,0,1
https://puredeco.nl/casino-uithoorn-online/,0,1
https://puredeco.nl/casino-veendam-online/,0,1
https://puredeco.nl/casino-venlo-online/,0,1
https://puredeco.nl/casino-vergelijken/,0,1
https://puredeco.nl/casino-via-telefoon/,0,1
https://puredeco.nl/casino-vlissingen-online/,0,1
https://puredeco.nl/casino-voor-android/,0,1
https://puredeco.nl/casino-voor-ervaren-spelers-nederland/,0,1
https://puredeco.nl/casino-voor-geld-spelen/,0,1
https://puredeco.nl/casino-voor-gevorderden/,0,1
https://puredeco.nl/casino-voor-highrollers-nederland/,0,1
https://puredeco.nl/casino-voor-ipad/,0,1
https://puredeco.nl/casino-voor-nederlanders/,0,1
https://puredeco.nl/casino-voor-tablet/,0,1
https://puredeco.nl/casino-voor-telefoon-nederland/,0,1
https://puredeco.nl/casino-voucher-overzicht/,0,1
https://puredeco.nl/casino-weert/,0,1
https://puredeco.nl/casino-wijk-bij-duurstede/,0,1
https://puredeco.nl/casino-zeebrugge-dresscode/,0,1
https://puredeco.nl/casino-zeebrugge-reserveren/,0,1
https://puredeco.nl/casino-zeebrugge-roulette/,0,1
https://puredeco.nl/casino-zonder-app-nodig/,0,1
https://puredeco.nl/casino-zonder-bonus-voorwaarden/,0,1
https://puredeco.nl/casino-zonder-cruks-review/,0,1
https://puredeco.nl/casino-zonder-ksa-met-ideal/,0,1
https://puredeco.nl/casino-zonder-licentie-ideal/,0,1
https://puredeco.nl/casino-zonder-licentie-zonder-cruks/,0,1
https://puredeco.nl/casino-zonder-vergunning-2026/,0,1
https://puredeco.nl/casino-zonder-vergunning-crypto/,0,1
https://puredeco.nl/casino-zonder-vergunning-voor-belgen/,0,1
https://puredeco.nl/caz-win-casino-welkomstbonus-eerste-storting/,0,1
https://puredeco.nl/chachabet-casino-bonuscode-en-promoties-2026/,0,1
https://puredeco.nl/chalkwins-casino-welkomstbonus-eerste-storting/,0,1
https://puredeco.nl/circus-casino-bonus-zonder-storting-2026/,0,1
https://puredeco.nl/classic-blackjack-app/,0,1
https://puredeco.nl/classic-blackjack-mobiel/,0,1
https://puredeco.nl/classic-blackjack-nederland/,0,1
https://puredeco.nl/classic-blackjack-spelen/,0,1
https://puredeco.nl/cleopatra-gokkasten/,0,1
https://puredeco.nl/cluster-gokkasten-lage-inzet/,0,1
https://puredeco.nl/cluster-gokkasten-online/,0,1
https://puredeco.nl/cluster-gokkasten-spelen-voor-geld/,0,1
https://puredeco.nl/cluster-gokkasten-zonder-cruks/,0,1
https://puredeco.nl/cluster-pays-slots-nederland/,0,1
https://puredeco.nl/coincasino-casino-review-en-ervaringen-2026/,0,1
https://puredeco.nl/comeon-casino-gratis-spins-zonder-deposit/,0,1
https://puredeco.nl/corgislot-casino-welkomstbonus-eerste-storting/,0,1
https://puredeco.nl/craps-casino-creditcard/,0,1
https://puredeco.nl/craps-casino-lijst/,0,1
https://puredeco.nl/craps-met-crypto/,0,1
https://puredeco.nl/craps-storten-met-crypto/,0,1
https://puredeco.nl/crasyfox-casino-bonuscode-en-promoties-2026/,0,1
https://puredeco.nl/cruise-casino-bonus-zonder-storting-2026/,0,1
https://puredeco.nl/crypto-casino-aanbeveling/,0,1
https://puredeco.nl/crypto-online-casino/,0,1
https://puredeco.nl/cusco-casino-gratis-spins-zonder-deposit/,0,1
https://puredeco.nl/cuscocasino-casino-bonus-zonder-storting-2026/,0,1
https://puredeco.nl/dazzlehand-casino-gratis-spins-zonder-deposit/,0,1
https://puredeco.nl/dbosses-casino-bonus-zonder-storting-2026/,0,1
https://puredeco.nl/dbosses-casino-bonuscode-en-promoties-2026/,0,1
https://puredeco.nl/dbosses-casino-welkomstbonus-eerste-storting/,0,1
https://puredeco.nl/de-nieuwe-casino/,0,1
https://puredeco.nl/derde-storting-bonus-2026-casino/,0,1
https://puredeco.nl/derde-storting-bonus-overzicht-casino/,0,1
https://puredeco.nl/diamond-slots-nederland/,0,1
https://puredeco.nl/dice-betaald-spelen/,0,1
https://puredeco.nl/dice-betalen-met-paysafecard/,0,1
https://puredeco.nl/dice-casino-ideal/,0,1
https://puredeco.nl/dice-casino-met-bonus/,0,1
https://puredeco.nl/dice-casino-nederland/,0,1
https://puredeco.nl/dice-met-jackpot/,0,1
https://puredeco.nl/dice-met-paysafecard/,0,1
https://puredeco.nl/dobbelspel-bonus/,0,1
https://puredeco.nl/dobbelspel-nederlandse-casino/,0,1
https://puredeco.nl/dobbelspel-storten-bitcoin/,0,1
https://puredeco.nl/dobbelspel-uitbetaling-paysafecard/,0,1
https://puredeco.nl/double-ball-roulette-echt-geld/,0,1
https://puredeco.nl/draak-gokkasten-echt-geld/,0,1
https://puredeco.nl/draken-gokkasten-online/,0,1
https://puredeco.nl/dual-play-roulette-casino-nederland/,0,1
https://puredeco.nl/dual-play-roulette-echt-geld/,0,1
https://puredeco.nl/echt-geld-online-casino/,0,1
https://puredeco.nl/eerste-storting-bonus-paysafecard-online-casino/,0,1
https://puredeco.nl/egyptian-slots-casino/,0,1
https://puredeco.nl/egyptian-slots-nederland/,0,1
https://puredeco.nl/eigen-goksite-beginnen/,0,1
https://puredeco.nl/emirbet-casino-bonuscode-en-promoties-2026/,0,1
https://puredeco.nl/erkende-online-casino/,0,1
https://puredeco.nl/european-blackjack-app/,0,1
https://puredeco.nl/european-blackjack-minimum-inzet/,0,1
https://puredeco.nl/european-blackjack-nederland/,0,1
https://puredeco.nl/europese-roulette-lage-inzet/,0,1
https://puredeco.nl/eurotierce-casino-review-en-ervaringen-2026/,0,1
https://puredeco.nl/exclusief-casino-bonus/,0,1
https://puredeco.nl/fairspin-casino-review-en-ervaringen-2026/,0,1
https://puredeco.nl/fantasy-gokkasten/,0,1
https://puredeco.nl/fantasy-slots-casino-nederland/,0,1
https://puredeco.nl/fantasy-slots-spelen/,0,1
https://puredeco.nl/fat-pirate-casino-bonus-zonder-storting-2026/,0,1
https://puredeco.nl/film-slots-echt-geld/,0,1
https://puredeco.nl/film-slots-met-bonus/,0,1
https://puredeco.nl/first-person-blackjack-lage-inzet/,0,1
https://puredeco.nl/first-person-blackjack-minimum-inzet/,0,1
https://puredeco.nl/first-person-blackjack-online/,0,1
https://puredeco.nl/first-person-blackjack-spelen/,0,1
https://puredeco.nl/first-person-roulette-echt-geld/,0,1
https://puredeco.nl/first-person-roulette-lage-inzet/,0,1
https://puredeco.nl/first-person-roulette-spelen-voor-geld/,0,1
https://puredeco.nl/flash-casino-bonuscode-en-promoties-2026/,0,1
https://puredeco.nl/fortuin-casino-gratis-spins-zonder-deposit/,0,1
https://puredeco.nl/franse-roulette-app/,0,1
https://puredeco.nl/franse-roulette-online/,0,1
https://puredeco.nl/free-bet-blackjack-lage-inzet/,0,1
https://puredeco.nl/free-bet-blackjack-voor-geld/,0,1
https://puredeco.nl/free-bet-blackjack-zonder-cruks/,0,1
https://puredeco.nl/free-spins-casino-nederland/,0,1
https://puredeco.nl/french-roulette-casino-nederland/,0,1
https://puredeco.nl/fresh-casino-bonus-zonder-storting-2026/,0,1
https://puredeco.nl/fruit-gokkasten-minimum-inzet/,0,1
https://puredeco.nl/fruit-gokkasten-online/,0,1
https://puredeco.nl/game-shows-casino-vergelijken/,0,1
https://puredeco.nl/gedecentraliseerd-casino/,0,1
https://puredeco.nl/geld-winnen-nederlandse-casino/,0,1
https://puredeco.nl/gems-slots-met-bonus/,0,1
https://puredeco.nl/gems-slots-spelen/,0,1
https://puredeco.nl/giga-spinz-casino-bonuscode-en-promoties-2026/,0,1
https://puredeco.nl/giga-spinz-casino-review-en-ervaringen-2026/,0,1
https://puredeco.nl/goede-casino-app/,0,1
https://puredeco.nl/goedkoop-gokkasten-spelen/,0,1
https://puredeco.nl/goedkoop-roulette-spelen/,0,1
https://puredeco.nl/goedkoopste-bitcoin-casino-2026/,0,1
https://puredeco.nl/goedkoopste-bitcoin-casino-belgie/,0,1
https://puredeco.nl/goedkoopste-casino-nederland/,0,1
https://puredeco.nl/goedkoopste-casino-site-2025/,0,1
https://puredeco.nl/goedkoopste-crypto-casino-nederland/,0,1
https://puredeco.nl/goedkoopste-goksites-nederland-2026/,0,1
https://puredeco.nl/goedkoopste-live-casino-2025/,0,1
https://puredeco.nl/goedkoopste-live-casino-2026/,0,1
https://puredeco.nl/goedkoopste-live-casino-nederland/,0,1
https://puredeco.nl/goedkoopste-online-casino-nederland-2025/,0,1
https://puredeco.nl/gokautomaat-hacken/,0,1
https://puredeco.nl/gokautomaat-in-het-duits/,0,1
https://puredeco.nl/gokhal-amersfoort/,0,1
https://puredeco.nl/gokhal-amstelveen/,0,1
https://puredeco.nl/gokhal-arnhem/,0,1
https://puredeco.nl/gokhal-bergen-op-zoom/,0,1
https://puredeco.nl/gokhal-beringen/,0,1
https://puredeco.nl/gokhal-bilthoven/,0,1
https://puredeco.nl/gokhal-bussum/,0,1
https://puredeco.nl/gokhal-delft/,0,1
https://puredeco.nl/gokhal-dendermonde/,0,1
https://puredeco.nl/gokhal-deventer/,0,1
https://puredeco.nl/gokhal-dinant/,0,1
https://puredeco.nl/gokhal-edegem/,0,1
https://puredeco.nl/gokhal-eindhoven/,0,1
https://puredeco.nl/gokhal-enschede/,0,1
https://puredeco.nl/gokhal-etten-leur/,0,1
https://puredeco.nl/gokhal-gorinchem/,0,1
https://puredeco.nl/gokhal-hamme/,0,1
https://puredeco.nl/gokhal-hasselt/,0,1
https://puredeco.nl/gokhal-heiloo/,0,1
https://puredeco.nl/gokhal-herentals/,0,1
https://puredeco.nl/gokhal-heusden-zolder/,0,1
https://puredeco.nl/gokhal-hoorn/,0,1
https://puredeco.nl/gokhal-ieper/,0,1
https://puredeco.nl/gokhal-kaatsheuvel/,0,1
https://puredeco.nl/gokhal-kampen/,0,1
https://puredeco.nl/gokhal-knokke-heist/,0,1
https://puredeco.nl/gokhal-koksijde/,0,1
https://puredeco.nl/gokhal-lelystad/,0,1
https://puredeco.nl/gokhal-lisse/,0,1
https://puredeco.nl/gokhal-middelburg/,0,1
https://puredeco.nl/gokhal-obdam/,0,1
https://puredeco.nl/gokhal-oostende/,0,1
https://puredeco.nl/gokhal-oosterhout/,0,1
https://puredeco.nl/gokhal-oss/,0,1
https://puredeco.nl/gokhal-papendrecht/,0,1
https://puredeco.nl/gokhal-rijen/,0,1
https://puredeco.nl/gokhal-ronse/,0,1
https://puredeco.nl/gokhal-rotterdam/,0,1
https://puredeco.nl/gokhal-temse/,0,1
https://puredeco.nl/gokhal-tervuren/,0,1
https://puredeco.nl/gokhal-utrecht/,0,1
https://puredeco.nl/gokhal-west-vlaanderen/,0,1
https://puredeco.nl/gokhal-willebroek/,0,1
https://puredeco.nl/gokhal-winschoten/,0,1
https://puredeco.nl/gokhal-zaventem/,0,1
https://puredeco.nl/gokhal-zeist/,0,1
https://puredeco.nl/gokhal-zele/,0,1
https://puredeco.nl/gokhal-zwijndrecht/,0,1
https://puredeco.nl/gokkast-trucjes/,0,1
https://puredeco.nl/gokkasten-archief/,0,1
https://puredeco.nl/gokkasten-azteken-thema/,0,1
https://puredeco.nl/gokkasten-betalen-met-bitcoin/,0,1
https://puredeco.nl/gokkasten-bitcoin/,0,1
https://puredeco.nl/gokkasten-casino-alternatieven/,0,1
https://puredeco.nl/gokkasten-casino-bankoverschrijving/,0,1
https://puredeco.nl/gokkasten-casino-bitcoin/,0,1
https://puredeco.nl/gokkasten-casino-google-pay/,0,1
https://puredeco.nl/gokkasten-casino-prepaid-kaart/,0,1
https://puredeco.nl/gokkasten-casino-top-10/,0,1
https://puredeco.nl/gokkasten-casino-vergelijken/,0,1
https://puredeco.nl/gokkasten-cowboy-thema/,0,1
https://puredeco.nl/gokkasten-emmen/,0,1
https://puredeco.nl/gokkasten-enschede/,0,1
https://puredeco.nl/gokkasten-geld/,0,1
https://puredeco.nl/gokkasten-honden-thema/,0,1
https://puredeco.nl/gokkasten-hoog-uitbetalingspercentage-nederland/,0,1
https://puredeco.nl/gokkasten-inzetten/,0,1
https://puredeco.nl/gokkasten-japans-thema/,0,1
https://puredeco.nl/gokkasten-met-243-winlijnen-nederland/,0,1
https://puredeco.nl/gokkasten-met-3-rollen-online/,0,1
https://puredeco.nl/gokkasten-met-5-rollen-online/,0,1
https://puredeco.nl/gokkasten-met-97-rtp/,0,1
https://puredeco.nl/gokkasten-met-autoplay/,0,1
https://puredeco.nl/gokkasten-met-bonusspel-casino/,0,1
https://puredeco.nl/gokkasten-met-bonusspel-minimum-inzet/,0,1
https://puredeco.nl/gokkasten-met-bonusspel-spelen-voor-geld/,0,1
https://puredeco.nl/gokkasten-met-bonusspel-uitbetaling/,0,1
https://puredeco.nl/gokkasten-met-cruks/,0,1
https://puredeco.nl/gokkasten-met-echt-geld-nederland/,0,1
https://puredeco.nl/gokkasten-met-hoge-rtp-online/,0,1
https://puredeco.nl/gokkasten-met-multiplier-lage-inzet/,0,1
https://puredeco.nl/gokkasten-met-multiplier-mobiel/,0,1
https://puredeco.nl/gokkasten-met-multiplier-uitbetaling/,0,1
https://puredeco.nl/gokkasten-met-revolut/,0,1
https://puredeco.nl/gokkasten-met-scatter-hoge-inzet/,0,1
https://puredeco.nl/gokkasten-met-scatter-lage-inzet/,0,1
https://puredeco.nl/gokkasten-met-scatter-met-bonus/,0,1
https://puredeco.nl/gokkasten-met-wild-casino-nederland/,0,1
https://puredeco.nl/gokkasten-met-wild-spelen-voor-geld/,0,1
https://puredeco.nl/gokkasten-minimum-20-cent/,0,1
https://puredeco.nl/gokkasten-muziek-thema/,0,1
https://puredeco.nl/gokkasten-online-2025/,0,1
https://puredeco.nl/gokkasten-openbaar/,0,1
https://puredeco.nl/gokkasten-piraten-thema/,0,1
https://puredeco.nl/gokkasten-site-test/,0,1
https://puredeco.nl/gokkasten-slot-machine/,0,1
https://puredeco.nl/gokkasten-slots/,0,1
https://puredeco.nl/gokkasten-spelen-om-geld/,0,1
https://puredeco.nl/gokkasten-storten-met-ethereum/,0,1
https://puredeco.nl/gokkasten-storten-met-neteller/,0,1
https://puredeco.nl/gokkasten-toernooi/,0,1
https://puredeco.nl/gokkasten-vanaf-10-cent/,0,1
https://puredeco.nl/gokkasten-vanaf-10-euro/,0,1
https://puredeco.nl/gokkasten-vanaf-200-euro/,0,1
https://puredeco.nl/gokkasten-vegas-thema/,0,1
https://puredeco.nl/gokkasten-zonder-cruks/,0,1
https://puredeco.nl/gokken-almere/,0,1
https://puredeco.nl/gokken-apple-pay-nederland/,0,1
https://puredeco.nl/gokken-belgie/,0,1
https://puredeco.nl/gokken-buiten-cruks/,0,1
https://puredeco.nl/gokken-buitenlandse-site/,0,1
https://puredeco.nl/gokken-dordrecht/,0,1
https://puredeco.nl/gokken-goes/,0,1
https://puredeco.nl/gokken-groningen/,0,1
https://puredeco.nl/gokken-heerenveen/,0,1
https://puredeco.nl/gokken-hoogeveen/,0,1
https://puredeco.nl/gokken-in-boom/,0,1
https://puredeco.nl/gokken-in-brasschaat/,0,1
https://puredeco.nl/gokken-in-bredene/,0,1
https://puredeco.nl/gokken-in-chaudfontaine/,0,1
https://puredeco.nl/gokken-in-dendermonde/,0,1
https://puredeco.nl/gokken-in-driebergen/,0,1
https://puredeco.nl/gokken-in-drunen/,0,1
https://puredeco.nl/gokken-in-edegem/,0,1
https://puredeco.nl/gokken-in-etten-leur/,0,1
https://puredeco.nl/gokken-in-gemert/,0,1
https://puredeco.nl/gokken-in-genk/,0,1
https://puredeco.nl/gokken-in-geraardsbergen/,0,1
https://puredeco.nl/gokken-in-goirle/,0,1
https://puredeco.nl/gokken-in-groningen-provincie/,0,1
https://puredeco.nl/gokken-in-heeze/,0,1
https://puredeco.nl/gokken-in-herentals/,0,1
https://puredeco.nl/gokken-in-hillegom/,0,1
https://puredeco.nl/gokken-in-houten/,0,1
https://puredeco.nl/gokken-in-ieper/,0,1
https://puredeco.nl/gokken-in-ijsselstein/,0,1
https://puredeco.nl/gokken-in-jette/,0,1
https://puredeco.nl/gokken-in-kampen/,0,1
https://puredeco.nl/gokken-in-kontich/,0,1
https://puredeco.nl/gokken-in-kortrijk/,0,1
https://puredeco.nl/gokken-in-laken/,0,1
https://puredeco.nl/gokken-in-leiderdorp/,0,1
https://puredeco.nl/gokken-in-mechelen/,0,1
https://puredeco.nl/gokken-in-meppel/,0,1
https://puredeco.nl/gokken-in-molenbeek/,0,1
https://puredeco.nl/gokken-in-peer/,0,1
https://puredeco.nl/gokken-in-roermond/,0,1
https://puredeco.nl/gokken-in-scheveningen/,0,1
https://puredeco.nl/gokken-in-schiedam/,0,1
https://puredeco.nl/gokken-in-stadskanaal/,0,1
https://puredeco.nl/gokken-in-terneuzen/,0,1
https://puredeco.nl/gokken-in-tervuren/,0,1
https://puredeco.nl/gokken-in-turnhout/,0,1
https://puredeco.nl/gokken-in-utrecht-provincie/,0,1
https://puredeco.nl/gokken-in-voorschoten/,0,1
https://puredeco.nl/gokken-in-willebroek/,0,1
https://puredeco.nl/gokken-in-woerden/,0,1
https://puredeco.nl/gokken-kleine-inzet/,0,1
https://puredeco.nl/gokken-meerkeuzevragen/,0,1
https://puredeco.nl/gokken-met-15-euro/,0,1
https://puredeco.nl/gokken-met-bancontact-belgie/,0,1
https://puredeco.nl/gokken-met-bankoverschrijving/,0,1
https://puredeco.nl/gokken-met-belfius/,0,1
https://puredeco.nl/gokken-met-esports/,0,1
https://puredeco.nl/gokken-met-klein-budget/,0,1
https://puredeco.nl/gokken-met-live-games/,0,1
https://puredeco.nl/gokken-met-paysafe/,0,1
https://puredeco.nl/gokken-met-paysafecard-nederland/,0,1
https://puredeco.nl/gokken-met-sportsbetting/,0,1
https://puredeco.nl/gokken-paypal-nederland/,0,1
https://puredeco.nl/gokken-skrill-nederland/,0,1
https://puredeco.nl/gokken-uitbetaling-dezelfde-dag/,0,1
https://puredeco.nl/gokken-vanaf-100-euro/,0,1
https://puredeco.nl/gokken-vanaf-200-euro-inzet/,0,1
https://puredeco.nl/gokken-veel-spellen/,0,1
https://puredeco.nl/gokken-via-paypal/,0,1
https://puredeco.nl/gokken-zonder-documenten/,0,1
https://puredeco.nl/gokken-zonder-idin/,0,1
https://puredeco.nl/gokmachine-translate-casino/,0,1
https://puredeco.nl/goksite-25-euro-storten/,0,1
https://puredeco.nl/goksite-apple-pay/,0,1
https://puredeco.nl/goksite-betalen-met-crypto/,0,1
https://puredeco.nl/goksite-betalen-met-revolut/,0,1
https://puredeco.nl/goksite-bitcoin/,0,1
https://puredeco.nl/goksite-echt-geld/,0,1
https://puredeco.nl/goksite-ervaringen-nederland/,0,1
https://puredeco.nl/goksite-genk/,0,1
https://puredeco.nl/goksite-gent/,0,1
https://puredeco.nl/goksite-hoge-inzet-nederland/,0,1
https://puredeco.nl/goksite-klarna/,0,1
https://puredeco.nl/goksite-kleine-inzet-nederland/,0,1
https://puredeco.nl/goksite-makkelijke-registratie/,0,1
https://puredeco.nl/goksite-mastercard-nederland/,0,1
https://puredeco.nl/goksite-met-app-nederland/,0,1
https://puredeco.nl/goksite-met-cashback-nederland/,0,1
https://puredeco.nl/goksite-met-cruks/,0,1
https://puredeco.nl/goksite-met-jackpot-nederland/,0,1
https://puredeco.nl/goksite-met-ksa-vergunning/,0,1
https://puredeco.nl/goksite-met-live-dealer-nederland/,0,1
https://puredeco.nl/goksite-met-live-dealer/,0,1
https://puredeco.nl/goksite-met-loyalty-programma-nederland/,0,1
https://puredeco.nl/goksite-met-mobiel/,0,1
https://puredeco.nl/goksite-met-nederlandstalig/,0,1
https://puredeco.nl/goksite-met-revolut/,0,1
https://puredeco.nl/goksite-met-sportsbetting/,0,1
https://puredeco.nl/goksite-met-voor-vip/,0,1
https://puredeco.nl/goksite-minimum-storting-nederland/,0,1
https://puredeco.nl/goksite-mobiel-betalen-nederland/,0,1
https://puredeco.nl/goksite-nederlandse-klantenservice-nederland/,0,1
https://puredeco.nl/goksite-paypal/,0,1
https://puredeco.nl/goksite-paysafecard-nederland/,0,1
https://puredeco.nl/goksite-revolut-nederland/,0,1
https://puredeco.nl/goksite-storten-met-apple-pay/,0,1
https://puredeco.nl/goksite-storten-met-bitcoin/,0,1
https://puredeco.nl/goksite-uitbetaling-bitcoin/,0,1
https://puredeco.nl/goksite-uitbetaling-crypto/,0,1
https://puredeco.nl/goksite-uitbetaling-paysafecard/,0,1
https://puredeco.nl/goksite-voor-vrouwen/,0,1
https://puredeco.nl/goksite-zonder-cruks-nederland/,0,1
https://puredeco.nl/goksite-zonder-id-nederland/,0,1
https://puredeco.nl/goksite-zonder-storting-nederland/,0,1
https://puredeco.nl/goksite-zonder-vergunning-nederland/,0,1
https://puredeco.nl/goksites-buitenland/,0,1
https://puredeco.nl/goksites-zonder-ksa-vergunning/,0,1
https://puredeco.nl/goksites-zonder-vergunning/,0,1
https://puredeco.nl/gold-gokkasten-echt-geld/,0,1
https://puredeco.nl/gold-gokkasten-met-bonus/,0,1
https://puredeco.nl/gold-gokkasten-online/,0,1
https://puredeco.nl/goldrun-casino-gratis-spins-zonder-deposit/,0,1
https://puredeco.nl/google-pay-storten-casino-nederland/,0,1
https://puredeco.nl/goslot-casino-bonuscode-en-promoties-2026/,0,1
https://puredeco.nl/gransino-casino-welkomstbonus-eerste-storting/,0,1
https://puredeco.nl/gratis-geld-casino-nederland/,0,1
https://puredeco.nl/gratis-gokgeld-zonder-storten-2026-casino/,0,1
https://puredeco.nl/gratis-online-casino-bonus/,0,1
https://puredeco.nl/gratis-spins-bij-registratie-casino/,0,1
https://puredeco.nl/gratis-spins-casino-2026/,0,1
https://puredeco.nl/gratis-spins-ideal/,0,1
https://puredeco.nl/gratis-spins-zonder-storting-casino-creditcard/,0,1
https://puredeco.nl/gratis-spins-zonder-storting-ideal/,0,1
https://puredeco.nl/gratis-welkom-bonus-casino/,0,1
https://puredeco.nl/grootste-goksites-nederland/,0,1
https://puredeco.nl/grote-serie-roulette/,0,1
https://puredeco.nl/gxbet-casino-bonus-zonder-storting-2026/,0,1
https://puredeco.nl/gxmble-casino-bonus-zonder-storting-2026/,0,1
https://puredeco.nl/gxmble-casino-review-en-ervaringen-2026/,0,1
https://puredeco.nl/happy-slots-casino-bonuscode-en-promoties-2026/,0,1
https://puredeco.nl/happy-spins-casino-bonuscode-en-promoties-2026/,0,1
https://puredeco.nl/happy-spins-casino-gratis-spins-zonder-deposit/,0,1
https://puredeco.nl/hashlucky-casino-bonus-zonder-storting-2026/,0,1
https://puredeco.nl/heatwave-gokkast-online/,0,1
https://puredeco.nl/hidden-jack-casino-welkomstbonus-eerste-storting/,0,1
https://puredeco.nl/high-volatility-gokkasten-met-bonus/,0,1
https://puredeco.nl/high-volatility-gokkasten-nederland/,0,1
https://puredeco.nl/hoe-inloggen-online-casino/,0,1
https://puredeco.nl/hoe-storten-bij-online-casino/,0,1
https://puredeco.nl/hoge-inzet-casino-nederland/,0,1
https://puredeco.nl/hollandse-bingo/,0,1
https://puredeco.nl/hoogste-bonus-zonder-storting-online-casino/,0,1
https://puredeco.nl/hoogste-cashback-2025-casino/,0,1
https://puredeco.nl/hoogste-cashback-2026-casino/,0,1
https://puredeco.nl/hoogste-casino-aanbieding/,0,1
https://puredeco.nl/hoogste-casino-bonus/,0,1
https://puredeco.nl/hoogste-eerste-storting-bonus-online-casino/,0,1
https://puredeco.nl/hoogste-kerst-bonus-online-casino/,0,1
https://puredeco.nl/hoogste-live-casino-bonus/,0,1
https://puredeco.nl/hoogste-nummer-roulette/,0,1
https://puredeco.nl/hoogste-risico-vrije-weddenschap-casino/,0,1
https://puredeco.nl/hoogste-stortingsbonus-casino/,0,1
https://puredeco.nl/hoogste-tweede-storting-bonus-casino/,0,1
https://puredeco.nl/hoogste-weekend-bonus-casino/,0,1
https://puredeco.nl/hotwin-casino-bonuscode-en-promoties-2026/,0,1
https://puredeco.nl/igobet-casino-gratis-spins-zonder-deposit/,0,1
https://puredeco.nl/illegaal-gokken-online/,0,1
https://puredeco.nl/illegale-online-casino-nederland/,0,1
https://puredeco.nl/immersive-roulette-met-bonus/,0,1
https://puredeco.nl/immersive-roulette-spelen-voor-geld/,0,1
https://puredeco.nl/infinite-blackjack-spelen-voor-geld/,0,1
https://puredeco.nl/inlog-ov-chipkaart-casino/,0,1
https://puredeco.nl/instant-casino-welkomstbonus-eerste-storting/,0,1
https://puredeco.nl/instant-roulette-hoge-inzet/,0,1
https://puredeco.nl/instant-roulette-met-bonus/,0,1
https://puredeco.nl/instant-roulette-mobiel/,0,1
https://puredeco.nl/instant-roulette-online-nederland/,0,1
https://puredeco.nl/instaspin-casino-bonus-zonder-storting-2026/,0,1
https://puredeco.nl/inzet-blackjack-nederlandse-casino/,0,1
https://puredeco.nl/jac-van-ham-casino/,0,1
https://puredeco.nl/jackpot-bingo-met-bonus/,0,1
https://puredeco.nl/jackpot-bingo-zonder-cruks/,0,1
https://puredeco.nl/jackpot-frenzy-casino-bonuscode-en-promoties-2026/,0,1
https://puredeco.nl/jackpot-frenzy-casino-welkomstbonus-eerste-storting/,0,1
https://puredeco.nl/jackpot-gokkasten-app/,0,1
https://puredeco.nl/jackpot-gokkasten-casino-nederland/,0,1
https://puredeco.nl/jackpot-gokkasten-minimum-inzet/,0,1
https://puredeco.nl/jackpot-gokkasten-voor-geld/,0,1
https://puredeco.nl/jackpot-ter-reybroeck/,0,1
https://puredeco.nl/jacktop-casino-gratis-spins-zonder-deposit/,0,1
https://puredeco.nl/japans-gokkasten-online/,0,1
https://puredeco.nl/jettbet-casino-bonus-zonder-storting-2026/,0,1
https://puredeco.nl/jinx-casino-welkomstbonus-eerste-storting/,0,1
https://puredeco.nl/jungle-gokkasten-echt-geld/,0,1
https://puredeco.nl/jungliwin-casino-review-en-ervaringen-2026/,0,1
https://puredeco.nl/jungliwin-casino-welkomstbonus-eerste-storting/,0,1
https://puredeco.nl/justbit-casino-welkomstbonus-eerste-storting/,0,1
https://puredeco.nl/kaart-spellen-bingo/,0,1
https://puredeco.nl/kaasino-casino-gratis-spins-zonder-deposit/,0,1
https://puredeco.nl/kaasino-casino-welkomstbonus-eerste-storting/,0,1
https://puredeco.nl/kakadu-casino-bonuscode-en-promoties-2026/,0,1
https://puredeco.nl/kantoor-roulette/,0,1
https://puredeco.nl/katten-gokkasten-echt-geld/,0,1
https://puredeco.nl/katten-gokkasten-met-bonus/,0,1
https://puredeco.nl/katten-gokkasten-online/,0,1
https://puredeco.nl/keno-apple-pay/,0,1
https://puredeco.nl/keno-betalen-met-ethereum/,0,1
https://puredeco.nl/keno-betalen-met-mobiel-betalen/,0,1
https://puredeco.nl/keno-betalen-met-skrill/,0,1
https://puredeco.nl/keno-casino-apple-pay/,0,1
https://puredeco.nl/keno-casino-bankoverschrijving/,0,1
https://puredeco.nl/keno-casino-met-bonus/,0,1
https://puredeco.nl/keno-casino-paysafecard/,0,1
https://puredeco.nl/keno-casino-visa/,0,1
https://puredeco.nl/keno-casino-vs/,0,1
https://puredeco.nl/keno-crypto/,0,1
https://puredeco.nl/keno-gratis-spins/,0,1
https://puredeco.nl/keno-met-jackpot/,0,1
https://puredeco.nl/keno-neteller/,0,1
https://puredeco.nl/keno-skrill/,0,1
https://puredeco.nl/keno-storten-met-ethereum/,0,1
https://puredeco.nl/keno-storten-met-neteller/,0,1
https://puredeco.nl/keno-uitbetaling-apple-pay/,0,1
https://puredeco.nl/klassiek-casino-ervaringen/,0,1
https://puredeco.nl/klassiek-gokkasten-online/,0,1
https://puredeco.nl/klassieke-gokkasten-minimum-inzet/,0,1
https://puredeco.nl/klassieke-gokkasten-nederland/,0,1
https://puredeco.nl/klassieke-gokkasten-uitbetaling/,0,1
https://puredeco.nl/klassieke-gokkasten-zonder-cruks/,0,1
https://puredeco.nl/klaver-casino-bonus-zonder-storting-2026/,0,1
https://puredeco.nl/klaver-casino-gratis-spins-zonder-deposit/,0,1
https://puredeco.nl/kokobet-casino-bonus-zonder-storting-2026/,0,1
https://puredeco.nl/krasloten-bonus/,0,1
https://puredeco.nl/krasloten-storten-paysafecard/,0,1
https://puredeco.nl/krasloten-uitbetaling-creditcard/,0,1
https://puredeco.nl/krasloten-uitbetaling-neteller/,0,1
https://puredeco.nl/krasloten-uitbetaling-paysafecard/,0,1
https://puredeco.nl/krasloten-uitbetaling-skrill/,0,1
https://puredeco.nl/laag-huisvoordeel-online-casino/,0,1
https://puredeco.nl/ladbrokes-casino-gratis-spins-zonder-deposit/,0,1
https://puredeco.nl/lala-stars-casino-bonuscode-en-promoties-2026/,0,1
https://puredeco.nl/legaal-bingo/,0,1
https://puredeco.nl/legaal-casino-app/,0,1
https://puredeco.nl/legaal-casino-belgie-snelle-uitbetaling/,0,1
https://puredeco.nl/legaal-casino-gent/,0,1
https://puredeco.nl/legaal-casino-lage-inzet/,0,1
https://puredeco.nl/legaal-casino-nederland-2025/,0,1
https://puredeco.nl/legaal-casino-nederland-hoge-inzet/,0,1
https://puredeco.nl/legaal-casino-sint-niklaas/,0,1
https://puredeco.nl/legaal-casino-site-belgie-met-gratis-spins/,0,1
https://puredeco.nl/legaal-casino-site-met-crypto/,0,1
https://puredeco.nl/legaal-casino-site-met-welkomstbonus/,0,1
https://puredeco.nl/legaal-casino-turnhout/,0,1
https://puredeco.nl/legaal-crypto-casino-belgie/,0,1
https://puredeco.nl/legaal-crypto-casino-nederland/,0,1
https://puredeco.nl/legaal-dobbelspel-casino-nederland/,0,1
https://puredeco.nl/legaal-goksite-belgie-met-crypto/,0,1
https://puredeco.nl/legaal-goksite-nederland-met-bonus/,0,1
https://puredeco.nl/legaal-goksite-nederlandstalig/,0,1
https://puredeco.nl/legaal-live-casino-2025/,0,1
https://puredeco.nl/legaal-online-casino-met-app/,0,1
https://puredeco.nl/legaal-online-casino-met-bonus/,0,1
https://puredeco.nl/legaal-online-casino-nederland-lage-inzet/,0,1
https://puredeco.nl/legaal-online-casino-nederland-met-bonus/,0,1
https://puredeco.nl/legaal-online-casino-nederland-met-paypal/,0,1
https://puredeco.nl/legaal-online-casino-voor-beginners/,0,1
https://puredeco.nl/legaal-poker-nederland/,0,1
https://puredeco.nl/legaal-poker-site/,0,1
https://puredeco.nl/legaal-roulette/,0,1
https://puredeco.nl/legaal-scratch-cards-online-casino/,0,1
https://puredeco.nl/legaal-video-poker-casino-nederland/,0,1
https://puredeco.nl/legiano-casino-bonus-zonder-storting-2026/,0,1
https://puredeco.nl/legiano-casino-bonuscode-en-promoties-2026/,0,1
https://puredeco.nl/leovegas-casino-bonus-zonder-storting-2026/,0,1
https://puredeco.nl/let-it-ride-poker-nederland/,0,1
https://puredeco.nl/leuke-casino-nederland/,0,1
https://puredeco.nl/leuke-casino-spellen/,0,1
https://puredeco.nl/leuke-gokkasten/,0,1
https://puredeco.nl/live-baccarat-echt-geld/,0,1
https://puredeco.nl/live-bingo-nederlands-casino/,0,1
https://puredeco.nl/live-bingo-online/,0,1
https://puredeco.nl/live-casino-2-euro-inzet/,0,1
https://puredeco.nl/live-casino-20-cent-inzet/,0,1
https://puredeco.nl/live-casino-antwerpen/,0,1
https://puredeco.nl/live-casino-bonus-2026/,0,1
https://puredeco.nl/live-casino-bonus-zonder-storting/,0,1
https://puredeco.nl/live-casino-enschede/,0,1
https://puredeco.nl/live-casino-ervaringen-nederland/,0,1
https://puredeco.nl/live-casino-google-pay/,0,1
https://puredeco.nl/live-casino-met-cruks/,0,1
https://puredeco.nl/live-casino-met-vergunning/,0,1
https://puredeco.nl/live-casino-minimum-2-euro/,0,1
https://puredeco.nl/live-casino-minimum-20-cent/,0,1
https://puredeco.nl/live-casino-mobiel-spelen/,0,1
https://puredeco.nl/live-casino-nederland/,0,1
https://puredeco.nl/live-casino-nijmegen/,0,1
https://puredeco.nl/live-casino-prepaid-kaart/,0,1
https://puredeco.nl/live-casino-promotie/,0,1
https://puredeco.nl/live-casino-snelle-uitbetaling/,0,1
https://puredeco.nl/live-casino-storten-apple-pay/,0,1
https://puredeco.nl/live-casino-storten-met-mastercard/,0,1
https://puredeco.nl/live-casino-storten-met-mobiel-betalen/,0,1
https://puredeco.nl/live-casino-storten/,0,1
https://puredeco.nl/live-casino-uitbetaling-crypto/,0,1
https://puredeco.nl/live-casino-uitbetaling-paypal/,0,1
https://puredeco.nl/live-casino-vanaf-20-cent/,0,1
https://puredeco.nl/live-casino-zonder-cruks-nederland/,0,1
https://puredeco.nl/live-dragon-tiger-met-bonus-casino/,0,1
https://puredeco.nl/live-dragon-tiger-spelen-casino/,0,1
https://puredeco.nl/live-dragon-tiger-voor-geld-casino/,0,1
https://puredeco.nl/live-dream-catcher-echt-geld-casino/,0,1
https://puredeco.nl/live-fan-tan-met-bonus-casino/,0,1
https://puredeco.nl/live-fan-tan-online-casino/,0,1
https://puredeco.nl/live-gokkasten-spelen/,0,1
https://puredeco.nl/live-hi-lo-voor-geld-casino/,0,1
https://puredeco.nl/live-mega-ball-echt-geld-casino/,0,1
https://puredeco.nl/live-mega-ball-met-bonus-casino/,0,1
https://puredeco.nl/live-monopoly-echt-geld-casino/,0,1
https://puredeco.nl/live-monopoly-met-bonus-casino/,0,1
https://puredeco.nl/live-monopoly-online-casino/,0,1
https://puredeco.nl/live-poker-casino-nederland/,0,1
https://puredeco.nl/live-poker-echt-geld/,0,1
https://puredeco.nl/live-poker-minimum-inzet/,0,1
https://puredeco.nl/live-poker-online-nederland/,0,1
https://puredeco.nl/live-roulette-2026/,0,1
https://puredeco.nl/live-roulette-lage-inzet/,0,1
https://puredeco.nl/live-scratch-cards-casino-nederland/,0,1
https://puredeco.nl/live-scratch-cards-met-echt-geld-casino/,0,1
https://puredeco.nl/live-sic-bo-casino-nederland/,0,1
https://puredeco.nl/live-video-poker-bonus/,0,1
https://puredeco.nl/live-wheel-of-fortune-nederland-casino/,0,1
https://puredeco.nl/loco-win-casino-bonus-zonder-storting-2026/,0,1
https://puredeco.nl/loki-casino-bonuscode-en-promoties-2026/,0,1
https://puredeco.nl/loot-casino-review-en-ervaringen-2026/,0,1
https://puredeco.nl/low-volatility-gokkasten-online-nederland/,0,1
https://puredeco.nl/low-volatility-gokkasten-voor-geld/,0,1
https://puredeco.nl/lucki-casino-bonus-zonder-storting-2026/,0,1
https://puredeco.nl/lucki-casino-review-en-ervaringen-2026/,0,1
https://puredeco.nl/lucky-blackjack-met-bonus/,0,1
https://puredeco.nl/lucky10-casino-welkomstbonus-eerste-storting/,0,1
https://puredeco.nl/lucky7-casino-bonuscode-en-promoties-2026/,0,1
https://puredeco.nl/lucky7-casino-welkomstbonus-eerste-storting/,0,1
https://puredeco.nl/luckyblock-casino-bonuscode-en-promoties-2026/,0,1
https://puredeco.nl/luckygames-casino-bonuscode-en-promoties-2026/,0,1
https://puredeco.nl/luxe-casino-nederland/,0,1
https://puredeco.nl/luxe-gokkasten-online/,0,1
https://puredeco.nl/m-pesa-casino-nederland-online/,0,1
https://puredeco.nl/maandelijkse-bonus-casino-nederland/,0,1
https://puredeco.nl/madison-casino-welkomstbonus-eerste-storting/,0,1
https://puredeco.nl/magic-wins-casino-review-en-ervaringen-2026/,0,1
https://puredeco.nl/makkelijk-geld-opnemen-casino/,0,1
https://puredeco.nl/maximale-bonus-100-euro-casino/,0,1
https://puredeco.nl/maximale-bonus-15-euro-casino/,0,1
https://puredeco.nl/maximale-bonus-20-euro-casino/,0,1
https://puredeco.nl/maximale-inzet-black-jack-nederlandse-casino/,0,1
https://puredeco.nl/meest-betrouwbare-bingo-casino/,0,1
https://puredeco.nl/meest-betrouwbare-bitcoin-casino-2025/,0,1
https://puredeco.nl/meest-betrouwbare-casino-app-belgie/,0,1
https://puredeco.nl/meest-betrouwbare-casino-app-nederland/,0,1
https://puredeco.nl/meest-betrouwbare-casino-site-2025/,0,1
https://puredeco.nl/meest-betrouwbare-casino-site/,0,1
https://puredeco.nl/meest-betrouwbare-goksite-nederland/,0,1
https://puredeco.nl/meest-betrouwbare-live-casino-2025/,0,1
https://puredeco.nl/meest-gespeelde-gokkasten-2026/,0,1
https://puredeco.nl/meest-gespeelde-gokkasten/,0,1
https://puredeco.nl/meest-gespeelde-live-casino-2025/,0,1
https://puredeco.nl/meest-populaire-casino-nederland-2026/,0,1
https://puredeco.nl/meest-populaire-goksite-nederland-2026/,0,1
https://puredeco.nl/meest-populaire-online-casino-belgie/,0,1
https://puredeco.nl/meest-populaire-online-casino-nederland-2026/,0,1
https://puredeco.nl/meest-voorkomende-nummers-roulette/,0,1
https://puredeco.nl/meest-winstgevende-casino-nederland-2025/,0,1
https://puredeco.nl/meest-winstgevende-casino-site-2026/,0,1
https://puredeco.nl/meest-winstgevende-casino-site/,0,1
https://puredeco.nl/meest-winstgevende-goksite-2026/,0,1
https://puredeco.nl/mega-dice-casino-bonus-zonder-storting-2026/,0,1
https://puredeco.nl/mega-dice-casino-welkomstbonus-eerste-storting/,0,1
https://puredeco.nl/mega-fire-blaze-roulette-echt-geld/,0,1
https://puredeco.nl/megaways-gokkasten-echt-geld/,0,1
https://puredeco.nl/megaways-gokkasten-hoge-inzet/,0,1
https://puredeco.nl/met-cashback-online-casino/,0,1
https://puredeco.nl/mijn-bingo-kaart/,0,1
https://puredeco.nl/mijn-jackpot-casino/,0,1
https://puredeco.nl/mini-roulette-spelen/,0,1
https://puredeco.nl/mini-roulette-zonder-cruks/,0,1
https://puredeco.nl/minimum-deposit-casino-bonus/,0,1
https://puredeco.nl/moana-casino-review-en-ervaringen-2026/,0,1
https://puredeco.nl/mobiel-casino-nijmegen/,0,1
https://puredeco.nl/monixbet-casino-bonuscode-en-promoties-2026/,0,1
https://puredeco.nl/monixbet-casino-welkomstbonus-eerste-storting/,0,1
https://puredeco.nl/mooiste-casino-nederland/,0,1
https://puredeco.nl/mr-mega-casino-gratis-spins-zonder-deposit/,0,1
https://puredeco.nl/mrgreen-casino-bonus-zonder-storting-2026/,0,1
https://puredeco.nl/multi-hand-blackjack-hoge-inzet/,0,1
https://puredeco.nl/multi-hand-blackjack-nederland/,0,1
https://puredeco.nl/multi-hand-blackjack-online-nederland/,0,1
https://puredeco.nl/multi-hand-blackjack-voor-geld/,0,1
https://puredeco.nl/multiwheel-roulette-app/,0,1
https://puredeco.nl/nederlands-casino-prijzen/,0,1
https://puredeco.nl/nederlandse-casino-hoe-lang-duurt-uitbetaling/,0,1
https://puredeco.nl/nederlandse-casino-uitbetaling-hoe-lang/,0,1
https://puredeco.nl/nederlandse-casino-winst-storten/,0,1
https://puredeco.nl/nederlandse-goksites-nederlandse-casino/,0,1
https://puredeco.nl/nederlandse-online-casino-ideal/,0,1
https://puredeco.nl/nederlandse-online-goksites/,0,1
https://puredeco.nl/nederlandse-support-casino-nederland/,0,1
https://puredeco.nl/net-geopend-online-casino/,0,1
https://puredeco.nl/new-lucky-casino-bonuscode-en-promoties-2026/,0,1
https://puredeco.nl/new-lucky-casino-gratis-spins-zonder-deposit/,0,1
https://puredeco.nl/nieuw-casino-alkmaar/,0,1
https://puredeco.nl/nieuw-casino-antwerpen/,0,1
https://puredeco.nl/nieuw-casino-apeldoorn/,0,1
https://puredeco.nl/nieuw-casino-arnhem/,0,1
https://puredeco.nl/nieuw-casino-culemborg/,0,1
https://puredeco.nl/nieuw-casino-dendermonde/,0,1
https://puredeco.nl/nieuw-casino-ede/,0,1
https://puredeco.nl/nieuw-casino-heerenveen/,0,1
https://puredeco.nl/nieuw-casino-heerhugowaard/,0,1
https://puredeco.nl/nieuw-casino-heerlen/,0,1
https://puredeco.nl/nieuw-casino-hengelo/,0,1
https://puredeco.nl/nieuw-casino-middelburg/,0,1
https://puredeco.nl/nieuw-casino-nijmegen/,0,1
https://puredeco.nl/nieuw-casino-oostende/,0,1
https://puredeco.nl/nieuw-casino-steenwijk/,0,1
https://puredeco.nl/nieuw-casino-valkenburg/,0,1
https://puredeco.nl/nieuw-casino-wageningen/,0,1
https://puredeco.nl/nieuw-casino-zwolle/,0,1
https://puredeco.nl/nieuw-online-casino-met-bonus/,0,1
https://puredeco.nl/nieuwe-baccarat-2026/,0,1
https://puredeco.nl/nieuwe-blackjack-app/,0,1
https://puredeco.nl/nieuwe-cashback-2025-casino/,0,1
https://puredeco.nl/nieuwe-cashback-bonus-casino/,0,1
https://puredeco.nl/nieuwe-casino-2025/,0,1
https://puredeco.nl/nieuwe-casino-amsterdam/,0,1
https://puredeco.nl/nieuwe-casino-belgie-hoge-inzet/,0,1
https://puredeco.nl/nieuwe-casino-belgie-lage-inzet/,0,1
https://puredeco.nl/nieuwe-casino-belgie-met-bonus/,0,1
https://puredeco.nl/nieuwe-casino-groningen/,0,1
https://puredeco.nl/nieuwe-casino-hoge-inzet/,0,1
https://puredeco.nl/nieuwe-casino-maart-2026/,0,1
https://puredeco.nl/nieuwe-casino-met-live-dealer/,0,1
https://puredeco.nl/nieuwe-casino-met-paysafecard/,0,1
https://puredeco.nl/nieuwe-casino-nederland-lage-inzet/,0,1
https://puredeco.nl/nieuwe-casino-nederland-voor-beginners/,0,1
https://puredeco.nl/nieuwe-casino-nederlandstalig/,0,1
https://puredeco.nl/nieuwe-casino-ranglijst/,0,1
https://puredeco.nl/nieuwe-casino-roosendaal/,0,1
https://puredeco.nl/nieuwe-casino-rotterdam/,0,1
https://puredeco.nl/nieuwe-casino-site-belgie-met-app/,0,1
https://puredeco.nl/nieuwe-casino-site-met-paypal/,0,1
https://puredeco.nl/nieuwe-casino-site-nederland-met-gratis-spins/,0,1
https://puredeco.nl/nieuwe-casino-site-nederland-snelle-uitbetaling/,0,1
https://puredeco.nl/nieuwe-casino-site-voor-highrollers/,0,1
https://puredeco.nl/nieuwe-casino-voor-highrollers/,0,1
https://puredeco.nl/nieuwe-craps-casino-nederland/,0,1
https://puredeco.nl/nieuwe-craps-casino/,0,1
https://puredeco.nl/nieuwe-diamond-gokkasten/,0,1
https://puredeco.nl/nieuwe-draak-gokkasten/,0,1
https://puredeco.nl/nieuwe-game-shows-casino/,0,1
https://puredeco.nl/nieuwe-gokkasten-met-lage-volatiliteit/,0,1
https://puredeco.nl/nieuwe-gokkasten-sites-2025/,0,1
https://puredeco.nl/nieuwe-gokkasten-sites/,0,1
https://puredeco.nl/nieuwe-goksite-belgie-mobiel/,0,1
https://puredeco.nl/nieuwe-goksite-belgie-snelle-uitbetaling/,0,1
https://puredeco.nl/nieuwe-goksite-mobiel/,0,1
https://puredeco.nl/nieuwe-goksite-nederland-met-vergunning/,0,1
https://puredeco.nl/nieuwe-goksite-nederland-zonder-cruks/,0,1
https://puredeco.nl/nieuwe-goksite-nederlandstalig/,0,1
https://puredeco.nl/nieuwe-gold-gokkasten/,0,1
https://puredeco.nl/nieuwe-goud-gokkasten/,0,1
https://puredeco.nl/nieuwe-highroller-bonus-casino/,0,1
https://puredeco.nl/nieuwe-jungle-gokkasten/,0,1
https://puredeco.nl/nieuwe-kerst-gokkasten/,0,1
https://puredeco.nl/nieuwe-live-casino/,0,1
https://puredeco.nl/nieuwe-online-casino-belgie-mobiel/,0,1
https://puredeco.nl/nieuwe-online-casino-nederlandstalig/,0,1
https://puredeco.nl/nieuwe-online-casino-slots/,0,1
https://puredeco.nl/nieuwe-poker-casino-nederland/,0,1
https://puredeco.nl/nieuwe-poker-sites-2025/,0,1
https://puredeco.nl/nieuwe-roulette-sites-2025/,0,1
https://puredeco.nl/nieuwe-scratch-cards-2026-casino/,0,1
https://puredeco.nl/nieuwe-seizoensbonus-casino/,0,1
https://puredeco.nl/nieuwe-slots-2026-nl/,0,1
https://puredeco.nl/nieuwe-space-gokkasten/,0,1
https://puredeco.nl/nieuwe-vestiging-nederlandse-casino/,0,1
https://puredeco.nl/nieuwe-video-poker-casino-nederland/,0,1
https://puredeco.nl/nieuwe-vip-bonus-casino/,0,1
https://puredeco.nl/nieuwe-welkomstbonus-casino/,0,1
https://puredeco.nl/no-deposit-bonus-ideal-online-casino/,0,1
https://puredeco.nl/beste-craps-2025/,0,1
https://puredeco.nl/beste-dice-nederland/,0,1
https://puredeco.nl/beste-keno-2026/,0,1
https://puredeco.nl/beste-krasloten-app/,0,1
https://puredeco.nl/beste-live-sic-bo/,0,1
https://puredeco.nl/beste-punto-banco-2025/,0,1
https://puredeco.nl/betaald-keno-online/,0,1
https://puredeco.nl/betaald-punto-banco-online/,0,1
https://puredeco.nl/betrouwbaar-dobbelspel/,0,1
https://puredeco.nl/betrouwbaar-keno-site/,0,1
https://puredeco.nl/betrouwbaar-krasloten-app/,0,1
https://puredeco.nl/betrouwbaar-krasloten-site/,0,1
https://puredeco.nl/betrouwbaar-sic-bo-app/,0,1
https://puredeco.nl/caribbean-stud-echt-geld/,0,1
https://puredeco.nl/craps-app-nederland/,0,1
https://puredeco.nl/craps-cashback/,0,1
https://puredeco.nl/craps-echt-geld-nederland/,0,1
https://puredeco.nl/craps-inzetten/,0,1
https://puredeco.nl/craps-met-hoge-inzet-nederland/,0,1
https://puredeco.nl/dice-app/,0,1
https://puredeco.nl/dice-met-hoge-inzet-nederland/,0,1
https://puredeco.nl/dice-online-om-geld/,0,1
https://puredeco.nl/dice-voor-geld/,0,1
https://puredeco.nl/dobbelspel-2025/,0,1
https://puredeco.nl/dobbelspel-cashback/,0,1
https://puredeco.nl/dobbelspel-maximale-inzet/,0,1
https://puredeco.nl/dobbelspel-minimum-inzet/,0,1
https://puredeco.nl/dobbelspel-online-nederland/,0,1
https://puredeco.nl/dobbelspel-sites-nederland/,0,1
https://puredeco.nl/dobbelspel-vergelijken/,0,1
https://puredeco.nl/dobbelspel-voor-android/,0,1
https://puredeco.nl/game-shows-hoge-inzet/,0,1
https://puredeco.nl/game-shows-mobiel/,0,1
https://puredeco.nl/game-shows-sites-nederland/,0,1
https://puredeco.nl/goedkoop-dice-spelen/,0,1
https://puredeco.nl/keno-aanbieders-nederland/,0,1
https://puredeco.nl/keno-inzet-nederland/,0,1
https://puredeco.nl/keno-inzetten/,0,1
https://puredeco.nl/keno-online-2025/,0,1
https://puredeco.nl/keno-online-belgie/,0,1
https://puredeco.nl/keno-online-om-geld/,0,1
https://puredeco.nl/keno-sites-nederland/,0,1
https://puredeco.nl/keno-voor-geld-nederland/,0,1
https://puredeco.nl/krasloten-hoge-inzet/,0,1
https://puredeco.nl/legaal-craps-site/,0,1
https://puredeco.nl/legaal-dobbelspel-online/,0,1
https://puredeco.nl/legaal-game-shows-site/,0,1
https://puredeco.nl/legaal-keno-site/,0,1
https://puredeco.nl/legaal-rad-van-fortuin-app/,0,1
https://puredeco.nl/legaal-rad-van-fortuin-online/,0,1
https://puredeco.nl/legaal-rad-van-fortuin-site/,0,1
https://puredeco.nl/legaal-sic-bo-site/,0,1
https://puredeco.nl/live-game-shows-online-nederland/,0,1
https://puredeco.nl/live-keno-2025/,0,1
https://puredeco.nl/live-keno-2026/,0,1
https://puredeco.nl/live-punto-banco-online-nederland/,0,1
https://puredeco.nl/live-rad-van-fortuin-met-echt-geld/,0,1
https://puredeco.nl/live-rad-van-fortuin-nederland/,0,1
https://puredeco.nl/live-sic-bo-nederland/,0,1
https://puredeco.nl/nieuwe-craps-2026/,0,1
https://puredeco.nl/nieuwe-keno-2025/,0,1
https://puredeco.nl/nieuwe-keno-sites-2026/,0,1
https://puredeco.nl/nieuwe-krasloten-app/,0,1
https://puredeco.nl/nieuwe-krasloten-site/,0,1
https://puredeco.nl/nieuwe-sic-bo/,0,1
https://puredeco.nl/no-deposit-casino-aanbeveling/,0,1
https://puredeco.nl/no-limit-bet-casino-welkomstbonus-eerste-storting/,0,1
https://puredeco.nl/nomini-casino-review-en-ervaringen-2026/,0,1
https://puredeco.nl/nomini-casino-welkomstbonus-eerste-storting/,0,1
https://puredeco.nl/nords-casino-bonuscode-en-promoties-2026/,0,1
https://puredeco.nl/nucleonbet-casino-bonuscode-en-promoties-2026/,0,1
https://puredeco.nl/oasis-poker-online-nederland/,0,1
https://puredeco.nl/odds-gokken/,0,1
https://puredeco.nl/odin-gokken/,0,1
https://puredeco.nl/online-animal-slots-spelen/,0,1
https://puredeco.nl/online-baccarat-paypal/,0,1
https://puredeco.nl/online-bingo-betalen/,0,1
https://puredeco.nl/online-bingo-ethereum/,0,1
https://puredeco.nl/online-bingo-legaal/,0,1
https://puredeco.nl/online-bingo-neteller/,0,1
https://puredeco.nl/online-bingo-paypal/,0,1
https://puredeco.nl/online-blackjack-neteller/,0,1
https://puredeco.nl/online-blackjack-visa/,0,1
https://puredeco.nl/online-branded-slots-spelen/,0,1
https://puredeco.nl/online-casino-2025/,0,1
https://puredeco.nl/online-casino-250-bonus/,0,1
https://puredeco.nl/online-casino-5-euro-bonus/,0,1
https://puredeco.nl/online-casino-50-spellen/,0,1
https://puredeco.nl/online-casino-75-euro-bonus/,0,1
https://puredeco.nl/online-casino-aanbeveling/,0,1
https://puredeco.nl/online-casino-aanbieders-belgie/,0,1
https://puredeco.nl/online-casino-anoniem-nederland/,0,1
https://puredeco.nl/online-casino-belgie-5-euro/,0,1
https://puredeco.nl/online-casino-belgie-ervaringen/,0,1
https://puredeco.nl/online-casino-belgie-gokkasten/,0,1
https://puredeco.nl/online-casino-belgie-review/,0,1
https://puredeco.nl/online-casino-belgie-zonder-storting/,0,1
https://puredeco.nl/online-casino-belgische-vergunning/,0,1
https://puredeco.nl/online-casino-betalen-met-paypal/,0,1
https://puredeco.nl/online-casino-beveren/,0,1
https://puredeco.nl/online-casino-bonus-geld/,0,1
https://puredeco.nl/online-casino-bonus-no-deposit/,0,1
https://puredeco.nl/online-casino-bonuscode-2026/,0,1
https://puredeco.nl/online-casino-boom/,0,1
https://puredeco.nl/online-casino-bredene/,0,1
https://puredeco.nl/online-casino-dilbeek/,0,1
https://puredeco.nl/online-casino-echtgeld-bonus/,0,1
https://puredeco.nl/online-casino-eerste-storting-bonus/,0,1
https://puredeco.nl/online-casino-flash-vrij/,0,1
https://puredeco.nl/online-casino-flevoland/,0,1
https://puredeco.nl/online-casino-gok-app/,0,1
https://puredeco.nl/online-casino-groot-spelaanbod/,0,1
https://puredeco.nl/online-casino-hoe-werkt-het/,0,1
https://puredeco.nl/online-casino-hoog-uitbetalingspercentage-nederland/,0,1
https://puredeco.nl/online-casino-instant-play/,0,1
https://puredeco.nl/online-casino-laag-huisvoordeel-nederland/,0,1
https://puredeco.nl/online-casino-lage-storting-nederland/,0,1
https://puredeco.nl/online-casino-maaseik/,0,1
https://puredeco.nl/online-casino-met-gratis-speelgeld/,0,1
https://puredeco.nl/online-casino-met-live-games/,0,1
https://puredeco.nl/online-casino-met-meeste-jackpots/,0,1
https://puredeco.nl/online-casino-met-mobiel/,0,1
https://puredeco.nl/online-casino-met-progressieve-jackpot/,0,1
https://puredeco.nl/online-casino-met-risico-vrije-weddenschap/,0,1
https://puredeco.nl/online-casino-met-sportweddenschappen-nederland/,0,1
https://puredeco.nl/online-casino-met-thunderkick-spellen/,0,1
https://puredeco.nl/online-casino-met-vergunning/,0,1
https://puredeco.nl/online-casino-met-verjaardagsbonus/,0,1
https://puredeco.nl/online-casino-met-welkomstbonus-2026/,0,1
https://puredeco.nl/online-casino-met-welkomstbonus/,0,1
https://puredeco.nl/online-casino-molenbeek/,0,1
https://puredeco.nl/online-casino-nederland-10-euro/,0,1
https://puredeco.nl/online-casino-responsive/,0,1
https://puredeco.nl/online-casino-review/,0,1
https://puredeco.nl/online-casino-snelle-registratie-nederland/,0,1
https://puredeco.nl/online-casino-storten-met-google-pay/,0,1
https://puredeco.nl/online-casino-toegestaan-nederland/,0,1
https://puredeco.nl/online-casino-top-10-nederland/,0,1
https://puredeco.nl/online-casino-uitbetalen-bancontact/,0,1
https://puredeco.nl/online-casino-uitbetaling-binnen-een-uur/,0,1
https://puredeco.nl/online-casino-uitbetaling-dezelfde-dag-2026/,0,1
https://puredeco.nl/online-casino-uitbetaling-dezelfde-dag-nederland/,0,1
https://puredeco.nl/online-casino-uitbetaling-paypal/,0,1
https://puredeco.nl/online-casino-vanaf-2-euro/,0,1
https://puredeco.nl/online-casino-vilvoorde/,0,1
https://puredeco.nl/online-casino-willebroek/,0,1
https://puredeco.nl/online-casino-zaventem/,0,1
https://puredeco.nl/online-casino-zonder-download/,0,1
https://puredeco.nl/online-casino-zonder-licentie/,0,1
https://puredeco.nl/online-casino-zonder-wachtperiode-uitbetaling-nederland/,0,1
https://puredeco.nl/online-craps-paypal/,0,1
https://puredeco.nl/online-fantasy-slots-spelen/,0,1
https://puredeco.nl/online-gokkasten-10-euro-storten/,0,1
https://puredeco.nl/online-gokkasten-98-rtp/,0,1
https://puredeco.nl/online-gokkasten-ethereum/,0,1
https://puredeco.nl/online-gokkasten-ideal-zonder-registratie/,0,1
https://puredeco.nl/online-gokkasten-visa/,0,1
https://puredeco.nl/online-gokkasten-voor-beginners/,0,1
https://puredeco.nl/online-gokken-belgie-bancontact/,0,1
https://puredeco.nl/online-gokken-belgie-echt-geld/,0,1
https://puredeco.nl/online-gokken-belgie-gratis-spins/,0,1
https://puredeco.nl/online-gokken-gent/,0,1
https://puredeco.nl/online-gokken-leuven/,0,1
https://puredeco.nl/online-gokken-wet/,0,1
https://puredeco.nl/online-gokvergunning-casino/,0,1
https://puredeco.nl/online-keno-bitcoin/,0,1
https://puredeco.nl/online-keno-skrill/,0,1
https://puredeco.nl/online-live-casino-litecoin/,0,1
https://puredeco.nl/online-live-casino-met-cashback/,0,1
https://puredeco.nl/online-poker-bitcoin/,0,1
https://puredeco.nl/online-poker-google-pay/,0,1
https://puredeco.nl/online-poker-trustly/,0,1
https://puredeco.nl/online-roulette-hoog-uitbetalingspercentage/,0,1
https://puredeco.nl/online-roulette-met-jackpot/,0,1
https://puredeco.nl/online-roulette-mobiel-betalen/,0,1
https://puredeco.nl/online-roulette-trustly/,0,1
https://puredeco.nl/online-side-bets-blackjack-spelen/,0,1
https://puredeco.nl/online-video-poker-crypto/,0,1
https://puredeco.nl/online-video-poker-ideal/,0,1
https://puredeco.nl/online-video-poker-paysafecard/,0,1
https://puredeco.nl/online-viking-slots-spelen/,0,1
https://puredeco.nl/online-western-slots-spelen/,0,1
https://puredeco.nl/oude-gokkasten/,0,1
https://puredeco.nl/ouderwetse-gokkasten-spelen/,0,1
https://puredeco.nl/paddy-power-casino-welkomstbonus-eerste-storting/,0,1
https://puredeco.nl/pai-gow-poker-spelen/,0,1
https://puredeco.nl/palm-casino-gratis-spins-zonder-deposit/,0,1
https://puredeco.nl/pasen-gokkasten/,0,1
https://puredeco.nl/pattern-bingo-spelen/,0,1
https://puredeco.nl/peppermill-casino-gratis-spins-zonder-deposit/,0,1
https://puredeco.nl/perfect-pairs-blackjack-nederland/,0,1
https://puredeco.nl/pirate-slots-casino/,0,1
https://puredeco.nl/piraten-gokkasten-online/,0,1
https://puredeco.nl/pitbet-casino-bonus-zonder-storting-2026/,0,1
https://puredeco.nl/pitbet-casino-gratis-spins-zonder-deposit/,0,1
https://puredeco.nl/play-moola-casino-bonuscode-en-promoties-2026/,0,1
https://puredeco.nl/play-moola-casino-gratis-spins-zonder-deposit/,0,1
https://puredeco.nl/play-moola-casino-welkomstbonus-eerste-storting/,0,1
https://puredeco.nl/playboom-casino-bonuscode-en-promoties-2026/,0,1
https://puredeco.nl/playboom-casino-review-en-ervaringen-2026/,0,1
https://puredeco.nl/playboom24-casino-gratis-spins-zonder-deposit/,0,1
https://puredeco.nl/playojo-casino-bonuscode-en-promoties-2026/,0,1
https://puredeco.nl/playregal-casino-bonus-zonder-storting-2026/,0,1
https://puredeco.nl/playregal-casino-bonuscode-en-promoties-2026/,0,1
https://puredeco.nl/playregal-casino-review-en-ervaringen-2026/,0,1
https://puredeco.nl/poker-2026/,0,1
https://puredeco.nl/poker-betalen-met-bankoverschrijving/,0,1
https://puredeco.nl/poker-betalen-met-ideal/,0,1
https://puredeco.nl/poker-bitcoin/,0,1
https://puredeco.nl/poker-bonus-2025/,0,1
https://puredeco.nl/poker-casino-google-pay/,0,1
https://puredeco.nl/poker-casino-klarna/,0,1
https://puredeco.nl/poker-casino-met-cruks/,0,1
https://puredeco.nl/poker-ideal/,0,1
https://puredeco.nl/poker-inzet-nederland/,0,1
https://puredeco.nl/poker-met-hoge-inzet-nederland/,0,1
https://puredeco.nl/poker-site-2026/,0,1
https://puredeco.nl/poker-site-aanbeveling/,0,1
https://puredeco.nl/poker-spelen-om-geld/,0,1
https://puredeco.nl/poker-storten-met-bankoverschrijving/,0,1
https://puredeco.nl/poker-storten-met-skrill/,0,1
https://puredeco.nl/poker-uitbetaling-paypal/,0,1
https://puredeco.nl/poker-zonder-registratie/,0,1
https://puredeco.nl/populaire-gokkasten/,0,1
https://puredeco.nl/populairste-bitcoin-casino-belgie/,0,1
https://puredeco.nl/populairste-blackjack-2026/,0,1
https://puredeco.nl/populairste-blackjack-app/,0,1
https://puredeco.nl/populairste-blackjack-nederland/,0,1
https://puredeco.nl/populairste-casino-app-2025/,0,1
https://puredeco.nl/populairste-casino-app-nederland-2025/,0,1
https://puredeco.nl/populairste-casino-belgie-met-paypal/,0,1
https://puredeco.nl/populairste-casino-lage-inzet/,0,1
https://puredeco.nl/populairste-casino-met-cashback/,0,1
https://puredeco.nl/populairste-casino-site-belgie-met-crypto/,0,1
https://puredeco.nl/populairste-casino-site-belgie-snelle-uitbetaling/,0,1
https://puredeco.nl/populairste-casino-site-belgie-zonder-cruks/,0,1
https://puredeco.nl/populairste-casino-site-hoge-inzet/,0,1
https://puredeco.nl/populairste-casino-site-lage-inzet/,0,1
https://puredeco.nl/populairste-casino-site-nederland-met-bonus/,0,1
https://puredeco.nl/populairste-casino-site-nederland-met-ideal/,0,1
https://puredeco.nl/populairste-casino-site/,0,1
https://puredeco.nl/populairste-goksite-belgie-met-crypto/,0,1
https://puredeco.nl/populairste-goksite-belgie-met-gratis-spins/,0,1
https://puredeco.nl/populairste-goksite-belgie-met-paypal/,0,1
https://puredeco.nl/populairste-goksite-belgie-met-vergunning/,0,1
https://puredeco.nl/populairste-goksite-belgie-voor-beginners/,0,1
https://puredeco.nl/populairste-goksite-nederland-voor-beginners/,0,1
https://puredeco.nl/populairste-keno-app/,0,1
https://puredeco.nl/populairste-krasloten-app/,0,1
https://puredeco.nl/populairste-krasloten-site/,0,1
https://puredeco.nl/populairste-live-casino-online/,0,1
https://puredeco.nl/populairste-online-casino-2025/,0,1
https://puredeco.nl/populairste-online-casino-belgie-met-cashback/,0,1
https://puredeco.nl/populairste-online-casino-nederland-2026/,0,1
https://puredeco.nl/populairste-online-casino-nederland-lage-inzet/,0,1
https://puredeco.nl/populairste-online-casino-nederland-met-gratis-spins/,0,1
https://puredeco.nl/populairste-roulette-app/,0,1
https://puredeco.nl/populairste-sic-bo-casino-nederland/,0,1
https://puredeco.nl/power-blackjack-hoge-inzet/,0,1
https://puredeco.nl/power-blackjack-uitbetaling/,0,1
https://puredeco.nl/power-blackjack-zonder-cruks/,0,1
https://puredeco.nl/power-play-casino-bonus-zonder-storting-2026/,0,1
https://puredeco.nl/power-play-casino-bonuscode-en-promoties-2026/,0,1
https://puredeco.nl/power-play-casino-review-en-ervaringen-2026/,0,1
https://puredeco.nl/premium-casino-bonus/,0,1
https://puredeco.nl/premium-roulette-nederland/,0,1
https://puredeco.nl/prepaid-kaart-storten-casino-nederland/,0,1
https://puredeco.nl/progressieve-jackpot-gokkasten-casino-nederland/,0,1
https://puredeco.nl/progressieve-jackpot-gokkasten-casino/,0,1
https://puredeco.nl/progressieve-jackpot-gokkasten-online-nederland/,0,1
https://puredeco.nl/promotie-vergelijken-online-casino/,0,1
https://puredeco.nl/punto-banco-casino-ideal/,0,1
https://puredeco.nl/punto-banco-casino-nederland/,0,1
https://puredeco.nl/quantum-roulette-met-bonus/,0,1
https://puredeco.nl/quantum-roulette-online/,0,1
https://puredeco.nl/queen-play-casino-bonus-zonder-storting-2026/,0,1
https://puredeco.nl/queen-play-casino-gratis-spins-zonder-deposit/,0,1
https://puredeco.nl/quick-slot-casino-bonus-zonder-storting-2026/,0,1
https://puredeco.nl/red-casino-bonuscode-en-promoties-2026/,0,1
https://puredeco.nl/red-casino-welkomstbonus-eerste-storting/,0,1
https://puredeco.nl/regent-play-casino-welkomstbonus-eerste-storting/,0,1
https://puredeco.nl/registratie-bonus-casino-paysafecard/,0,1
https://puredeco.nl/registratie-bonus-online-casino-nederland/,0,1
https://puredeco.nl/revolution-casino-bonus-zonder-storting-2026/,0,1
https://puredeco.nl/revolution-casino-review-en-ervaringen-2026/,0,1
https://puredeco.nl/ridder-gokkasten-online/,0,1
https://puredeco.nl/ridder-gokkasten/,0,1
https://puredeco.nl/roulette-amsterdam/,0,1
https://puredeco.nl/roulette-betalen-met-apple-pay/,0,1
https://puredeco.nl/roulette-betalen-met-bankoverschrijving/,0,1
https://puredeco.nl/roulette-betalen-met-ethereum/,0,1
https://puredeco.nl/roulette-betalen-met-klarna/,0,1
https://puredeco.nl/roulette-betalen-met-paypal/,0,1
https://puredeco.nl/roulette-bonus-zonder-storting/,0,1
https://puredeco.nl/roulette-casino-buiten-cruks/,0,1
https://puredeco.nl/roulette-casino-creditcard/,0,1
https://puredeco.nl/roulette-casino-crypto/,0,1
https://puredeco.nl/roulette-casino-trustly/,0,1
https://puredeco.nl/roulette-casino-uitbetaling-binnen-24-uur/,0,1
https://puredeco.nl/roulette-casino-zonder-cruks/,0,1
https://puredeco.nl/roulette-casino-zonder-storting/,0,1
https://puredeco.nl/roulette-charleroi/,0,1
https://puredeco.nl/roulette-delfzijl/,0,1
https://puredeco.nl/roulette-doetinchem/,0,1
https://puredeco.nl/roulette-hardenberg/,0,1
https://puredeco.nl/roulette-harderwijk/,0,1
https://puredeco.nl/roulette-in-bredene/,0,1
https://puredeco.nl/roulette-in-koksijde/,0,1
https://puredeco.nl/roulette-in-zeebrugge/,0,1
https://puredeco.nl/roulette-inzet-nederland/,0,1
https://puredeco.nl/roulette-leeuwarden/,0,1
https://puredeco.nl/roulette-lelystad/,0,1
https://puredeco.nl/roulette-makkelijke-registratie/,0,1
https://puredeco.nl/roulette-met-gratis-spins-nederland/,0,1
https://puredeco.nl/roulette-met-jackpot/,0,1
https://puredeco.nl/roulette-met-paysafecard/,0,1
https://puredeco.nl/roulette-minimum-10-cent/,0,1
https://puredeco.nl/roulette-minimum-5-euro/,0,1
https://puredeco.nl/roulette-minimum-50-euro/,0,1
https://puredeco.nl/roulette-minimum-500-euro/,0,1
https://puredeco.nl/roulette-mobiel-spelen/,0,1
https://puredeco.nl/roulette-oostende/,0,1
https://puredeco.nl/roulette-op-kleur-spelen/,0,1
https://puredeco.nl/roulette-raalte/,0,1
https://puredeco.nl/roulette-rijswijk/,0,1
https://puredeco.nl/roulette-roermond/,0,1
https://puredeco.nl/roulette-rotterdam/,0,1
https://puredeco.nl/roulette-scheveningen/,0,1
https://puredeco.nl/roulette-schiedam/,0,1
https://puredeco.nl/roulette-spelen-om-geld/,0,1
https://puredeco.nl/roulette-storten-met-klarna/,0,1
https://puredeco.nl/roulette-storten-met-revolut/,0,1
https://puredeco.nl/roulette-tongeren/,0,1
https://puredeco.nl/roulette-uitbetaling-creditcard/,0,1
https://puredeco.nl/roulette-vanaf-50-euro/,0,1
https://puredeco.nl/roulette-vlissingen/,0,1
https://puredeco.nl/roulette-wageningen/,0,1
https://puredeco.nl/salon-prive-roulette-echt-geld/,0,1
https://puredeco.nl/salon-prive-roulette-met-bonus/,0,1
https://puredeco.nl/salon-prive-roulette-nederland/,0,1
https://puredeco.nl/scarawins-casino-bonus-zonder-storting-2026/,0,1
https://puredeco.nl/scarawins-casino-welkomstbonus-eerste-storting/,0,1
https://puredeco.nl/side-bets-blackjack-voor-geld/,0,1
https://puredeco.nl/single-hand-blackjack-casino/,0,1
https://puredeco.nl/skyhills-casino-bonus-zonder-storting-2026/,0,1
https://puredeco.nl/skyslots-casino-bonuscode-en-promoties-2026/,0,1
https://puredeco.nl/skyslots-casino-review-en-ervaringen-2026/,0,1
https://puredeco.nl/slingo-hoge-inzet-casino/,0,1
https://puredeco.nl/slingo-mobiel-casino/,0,1
https://puredeco.nl/slingo-voor-geld-casino/,0,1
https://puredeco.nl/sloterdijk-casino/,0,1
https://puredeco.nl/sloterra-casino-welkomstbonus-eerste-storting/,0,1
https://puredeco.nl/slotrush-casino-review-en-ervaringen-2026/,0,1
https://puredeco.nl/slots-app-nederland/,0,1
https://puredeco.nl/slots-klein-budget/,0,1
https://puredeco.nl/slots-met-1024-paylines/,0,1
https://puredeco.nl/slots-safari-casino-bonuscode-en-promoties-2026/,0,1
https://puredeco.nl/slottio-casino-bonuscode-en-promoties-2026/,0,1
https://puredeco.nl/slottio-casino-review-en-ervaringen-2026/,0,1
https://puredeco.nl/slotwoif-casino-bonus-zonder-storting-2026/,0,1
https://puredeco.nl/slotwoif-casino-bonuscode-en-promoties-2026/,0,1
https://puredeco.nl/smokace-casino-review-en-ervaringen-2026/,0,1
https://puredeco.nl/smokace-casino-welkomstbonus-eerste-storting/,0,1
https://puredeco.nl/snelle-uitbetaling-casino-bitcoin/,0,1
https://puredeco.nl/snelle-uitbetaling-casino-crypto/,0,1
https://puredeco.nl/snelste-casino-app/,0,1
https://puredeco.nl/snelste-goksites-2026/,0,1
https://puredeco.nl/snelste-goksites-nederland/,0,1
https://puredeco.nl/snelste-live-casino-2025/,0,1
https://puredeco.nl/snelste-online-casino-nederland-2026/,0,1
https://puredeco.nl/sociaal-casino-bonus/,0,1
https://puredeco.nl/space-slots-casino-nederland/,0,1
https://puredeco.nl/space-slots-echt-geld/,0,1
https://puredeco.nl/speed-bingo-hoge-inzet/,0,1
https://puredeco.nl/speed-blackjack-mobiel/,0,1
https://puredeco.nl/speed-blackjack-spelen-voor-geld/,0,1
https://puredeco.nl/speed-blackjack-uitbetaling/,0,1
https://puredeco.nl/speed-roulette-app/,0,1
https://puredeco.nl/speed-roulette-voor-geld/,0,1
https://puredeco.nl/speel-bingo-online/,0,1
https://puredeco.nl/speelhal-aarschot/,0,1
https://puredeco.nl/speelhal-almelo/,0,1
https://puredeco.nl/speelhal-almere/,0,1
https://puredeco.nl/speelhal-alphen-aan-den-rijn/,0,1
https://puredeco.nl/speelhal-amsterdam/,0,1
https://puredeco.nl/speelhal-barendrecht/,0,1
https://puredeco.nl/speelhal-brasschaat/,0,1
https://puredeco.nl/speelhal-delfzijl/,0,1
https://puredeco.nl/speelhal-dendermonde/,0,1
https://puredeco.nl/speelhal-deventer/,0,1
https://puredeco.nl/speelhal-dilbeek/,0,1
https://puredeco.nl/speelhal-drachten/,0,1
https://puredeco.nl/speelhal-friesland/,0,1
https://puredeco.nl/speelhal-goirle/,0,1
https://puredeco.nl/speelhal-katwijk/,0,1
https://puredeco.nl/speelhal-lanaken/,0,1
https://puredeco.nl/speelhal-langedijk/,0,1
https://puredeco.nl/speelhal-leeuwarden/,0,1
https://puredeco.nl/speelhal-leopoldsburg/,0,1
https://puredeco.nl/speelhal-lisse/,0,1
https://puredeco.nl/speelhal-mechelen/,0,1
https://puredeco.nl/speelhal-nuenen/,0,1
https://puredeco.nl/speelhal-oss/,0,1
https://puredeco.nl/speelhal-oud-beijerland/,0,1
https://puredeco.nl/speelhal-ridderkerk/,0,1
https://puredeco.nl/speelhal-sassenheim/,0,1
https://puredeco.nl/speelhal-sint-niklaas/,0,1
https://puredeco.nl/speelhal-sliedrecht/,0,1
https://puredeco.nl/speelhal-spa/,0,1
https://puredeco.nl/speelhal-stadskanaal/,0,1
https://puredeco.nl/speelhal-stolwijk/,0,1
https://puredeco.nl/speelhal-tervuren/,0,1
https://puredeco.nl/speelhal-uithoorn/,0,1
https://puredeco.nl/speelhal-valkenburg/,0,1
https://puredeco.nl/speelhal-waregem/,0,1
https://puredeco.nl/speelhal-willebroek/,0,1
https://puredeco.nl/speelhal-zaandam/,0,1
https://puredeco.nl/speelhal-zeist/,0,1
https://puredeco.nl/spinanga-casino-bonus-zonder-storting-2026/,0,1
https://puredeco.nl/spinch-casino-bonuscode-en-promoties-2026/,0,1
https://puredeco.nl/spinch-casino-welkomstbonus-eerste-storting/,0,1
https://puredeco.nl/spinybet-casino-bonus-zonder-storting-2026/,0,1
https://puredeco.nl/spinybet-casino-welkomstbonus-eerste-storting/,0,1
https://puredeco.nl/spinyoo-casino-bonus-zonder-storting-2026/,0,1
https://puredeco.nl/spinz-casino-welkomstbonus-eerste-storting/,0,1
https://puredeco.nl/sport-gokkasten-echt-geld/,0,1
https://puredeco.nl/startbonus-casino-nederland/,0,1
https://puredeco.nl/starzing-casino-bonus-zonder-storting-2026/,0,1
https://puredeco.nl/storten-en-opnemen-met-creditcard-casino/,0,1
https://puredeco.nl/stortingsbonus-casino-belgie/,0,1
https://puredeco.nl/stortingsbonus-casino-nederland/,0,1
https://puredeco.nl/stortingsbonus-nederland-2025-online-casino/,0,1
https://puredeco.nl/stortingsbonus-tot-10-euro-casino/,0,1
https://puredeco.nl/stortingsbonus-tot-15-euro-casino/,0,1
https://puredeco.nl/stortingsbonus-zonder-storting-casino/,0,1
https://puredeco.nl/sugar-casino-bonus-zonder-storting-2026/,0,1
https://puredeco.nl/surrender-blackjack-casino/,0,1
https://puredeco.nl/surrender-blackjack-spelen/,0,1
https://puredeco.nl/svenbet-casino-gratis-spins-zonder-deposit/,0,1
https://puredeco.nl/swift-casino-bonus-zonder-storting-2026/,0,1
https://puredeco.nl/tahiti-casino-bonuscode-en-promoties-2026/,0,1
https://puredeco.nl/tahiti-casino-welkomstbonus-eerste-storting/,0,1
https://puredeco.nl/taika-spins-casino-gratis-spins-zonder-deposit/,0,1
https://puredeco.nl/telefoon-casino-ervaringen/,0,1
https://puredeco.nl/texas-holdem-casino-nederland/,0,1
https://puredeco.nl/texas-holdem-casino/,0,1
https://puredeco.nl/texas-holdem-poker-spelen/,0,1
https://puredeco.nl/tgcasino-casino-welkomstbonus-eerste-storting/,0,1
https://puredeco.nl/three-card-poker-hoge-inzet/,0,1
https://puredeco.nl/three-card-poker-nederland/,0,1
https://puredeco.nl/tikitaka-casino-welkomstbonus-eerste-storting/,0,1
https://puredeco.nl/tiptop-casino-review-en-ervaringen-2026/,0,1
https://puredeco.nl/tomb-riches-casino-bonuscode-en-promoties-2026/,0,1
https://puredeco.nl/top-10-casino-app-nederland-2026/,0,1
https://puredeco.nl/top-10-casino-app/,0,1
https://puredeco.nl/top-10-live-casino-belgie/,0,1
https://puredeco.nl/top-10-online-casino-nederland-2025/,0,1
https://puredeco.nl/top-20-casino-app/,0,1
https://puredeco.nl/top-20-casino-belgie/,0,1
https://puredeco.nl/top-20-casino-site-nederland-2026/,0,1
https://puredeco.nl/top-5-casino-2025/,0,1
https://puredeco.nl/top-5-casino-app-belgie/,0,1
https://puredeco.nl/top-5-casino/,0,1
https://puredeco.nl/top-5-goksite-nederland-2025/,0,1
https://puredeco.nl/top-5-goksite-nederland-2026/,0,1
https://puredeco.nl/top-5-online-casino-2026/,0,1
https://puredeco.nl/trivelabet-casino-bonus-zonder-storting-2026/,0,1
https://puredeco.nl/tsi-casino-nederland-online/,0,1
https://puredeco.nl/ultimate-texas-holdem-met-bonus/,0,1
https://puredeco.nl/veilig-gokkasten-casino/,0,1
https://puredeco.nl/verjaardagsbonus-casino-nederland/,0,1
https://puredeco.nl/verrassingsbonus-vergelijken-casino/,0,1
https://puredeco.nl/verschil-roulette-of-blackjack/,0,1
https://puredeco.nl/video-gokkasten-online-nederland/,0,1
https://puredeco.nl/video-poker-casino-nederland/,0,1
https://puredeco.nl/video-poker-casino-vs/,0,1
https://puredeco.nl/video-poker-echt-geld-inzetten/,0,1
https://puredeco.nl/video-poker-echt-geld/,0,1
https://puredeco.nl/video-poker-gratis-spins/,0,1
https://puredeco.nl/video-poker-uitbetaling-paysafecard/,0,1
https://puredeco.nl/video-poker-uitbetaling/,0,1
https://puredeco.nl/video-poker-voor-android/,0,1
https://puredeco.nl/video-poker-zonder-cruks/,0,1
https://puredeco.nl/vikingen-gokkasten-online/,0,1
https://puredeco.nl/vip-blackjack-online/,0,1
https://puredeco.nl/vip-gokkasten/,0,1
https://puredeco.nl/vipzino-casino-bonus-zonder-storting-2026/,0,1
https://puredeco.nl/vipzino-casino-gratis-spins-zonder-deposit/,0,1
https://puredeco.nl/voltslot-casino-bonus-zonder-storting-2026/,0,1
https://puredeco.nl/voltslot-casino-gratis-spins-zonder-deposit/,0,1
https://puredeco.nl/waar-kan-ik-het-beste-craps-spelen/,0,1
https://puredeco.nl/waar-kan-ik-luxury-slots-spelen/,0,1
https://puredeco.nl/waar-kan-ik-perfect-pairs-blackjack-spelen/,0,1
https://puredeco.nl/waar-kan-ik-poker-spelen/,0,1
https://puredeco.nl/waar-staan-gokkasten/,0,1
https://puredeco.nl/wallacebet-casino-bonus-zonder-storting-2026/,0,1
https://puredeco.nl/wallacebet-casino-bonuscode-en-promoties-2026/,0,1
https://puredeco.nl/wallacebet-casino-gratis-spins-zonder-deposit/,0,1
https://puredeco.nl/wat-is-beter-ideal-of-paypal-casino/,0,1
https://puredeco.nl/wat-is-beter-roulette-of-blackjack/,0,1
https://puredeco.nl/wazamba-casino-bonus-zonder-storting-2026/,0,1
https://puredeco.nl/wazamba-casino-gratis-spins-zonder-deposit/,0,1
https://puredeco.nl/web3-casino/,0,1
https://puredeco.nl/weekend-bonus-casino-crypto/,0,1
https://puredeco.nl/weekend-bonus-ideal-online-casino/,0,1
https://puredeco.nl/weekend-bonus-overzicht-casino/,0,1
https://puredeco.nl/weekend-bonus-vergelijken-casino/,0,1
https://puredeco.nl/weiss-bet-casino-bonus-zonder-storting-2026/,0,1
https://puredeco.nl/weiss-bet-casino-gratis-spins-zonder-deposit/,0,1
https://puredeco.nl/wekelijkse-bonus-overzicht-casino/,0,1
https://puredeco.nl/welk-casino-geeft-meeste-gratis-spins/,0,1
https://puredeco.nl/welk-casino-heeft-no-deposit-bonus/,0,1
https://puredeco.nl/welk-casino-is-het-beste/,0,1
https://puredeco.nl/welk-casino-is-het-veiligst/,0,1
https://puredeco.nl/welk-online-casino-is-betrouwbaar/,0,1
https://puredeco.nl/welk-online-casino-is-het-beste/,0,1
https://puredeco.nl/welke-casino-heeft-dice/,0,1
https://puredeco.nl/welke-casino-heeft-keno/,0,1
https://puredeco.nl/welke-casino-heeft-punto-banco/,0,1
https://puredeco.nl/welke-gokkasten-staan-er-in-casino/,0,1
https://puredeco.nl/welke-goksite-heeft-de-beste-bonus/,0,1
https://puredeco.nl/welke-goksites-in-nederland/,0,1
https://puredeco.nl/welke-online-casino-accepteert-litecoin/,0,1
https://puredeco.nl/welke-online-casino-nederland/,0,1
https://puredeco.nl/welke-spellen-nederlandse-casino/,0,1
https://puredeco.nl/welkomstbonus-1000-euro-casino/,0,1
https://puredeco.nl/welkomstbonus-150-euro-casino/,0,1
https://puredeco.nl/western-slots-met-bonus/,0,1
https://puredeco.nl/wheelz-casino-bonuscode-en-promoties-2026/,0,1
https://puredeco.nl/wild-robin-casino-bonus-zonder-storting-2026/,0,1
https://puredeco.nl/wild-robin-casino-bonuscode-en-promoties-2026/,0,1
https://puredeco.nl/wild-robin-casino-gratis-spins-zonder-deposit/,0,1
https://puredeco.nl/wild-robin-casino-welkomstbonus-eerste-storting/,0,1
https://puredeco.nl/wincity-casino-gratis-spins-zonder-deposit/,0,1
https://puredeco.nl/winnitt-casino-bonuscode-en-promoties-2026/,0,1
https://puredeco.nl/winnitt-casino-gratis-spins-zonder-deposit/,0,1
https://puredeco.nl/winstler-casino-bonus-zonder-storting-2026/,0,1
https://puredeco.nl/wizebets-casino-bonus-zonder-storting-2026/,0,1
https://puredeco.nl/wolfy-casino-bonuscode-en-promoties-2026/,0,1
https://puredeco.nl/zet-casino-gratis-spins-zonder-deposit/,0,1
https://puredeco.nl/zet-casino-welkomstbonus-eerste-storting/,0,1
https://puredeco.nl/zomer-bonus-nederland-online-casino/,0,1
https://puredeco.nl/zonder-storting-casino-nederland/,0,1
https://puredeco.nl/payoneer-casino-nederland-online/,0,1
https://puredeco.nl/poker-bankoverschrijving/,0,1
https://puredeco.nl/poker-uitbetaling-creditcard/,0,1
https://puredeco.nl/single-deck-blackjack-mobiel/,0,1
https://puredeco.nl/poker-casino-review/,0,1
https://puredeco.nl/populairste-casino-nederland-2026/,0,1
https://puredeco.nl/registratie-bonus-paysafecard-online-casino/,0,1
https://puredeco.nl/roman-casino-review-en-ervaringen-2026/,0,1
